episode,episode_reward,episode_length,completed_task,success,started_task,cumulative_success_rate,rolling_success_rate,cumulative_start_rate,rolling_start_rate,tonic_dopamine,mean_rpe,mean_abs_rpe,entropy_coef,learning_rate,schedule_progress
1,-2.735031250000001,200,0,0,1,0.0,0.0,1.0,1.0,-0.001073213103821785,-0.0013352927239611745,0.006165432040579617,0.08,0.0002,0.0
2,20.0648125,159,1,0,1,0.0,0.0,1.0,1.0,-0.000388318867787518,-0.0006677465270789636,0.005290890624227837,0.08,0.0002,0.0
3,-0.045656250000002105,200,0,0,1,0.0,0.0,1.0,1.0,0.0010940754110979607,0.0003743313439523598,0.006357895753517986,0.08,0.0002,0.0
4,20.3795,147,1,0,1,0.0,0.0,1.0,1.0,0.0028592433585769533,0.0008715648737026341,0.007134361158286039,0.08,0.0002,0.0
5,-0.565468750000002,200,0,0,1,0.0,0.0,1.0,1.0,-7.085588472649431e-05,0.0003013565062666538,0.00692053318201517,0.08,0.0002,0.0
6,20.348875,160,1,0,1,0.0,0.0,1.0,1.0,0.02964430325746506,0.006114399479003623,0.012791628970531746,0.08,0.0002,0.0
7,-0.6604374999999991,200,0,0,1,0.0,0.0,1.0,1.0,0.012912630713214251,0.006745895000989549,0.013561822493677027,0.08,0.0002,0.0
8,-0.22150000000000175,200,0,0,1,0.0,0.0,1.0,1.0,0.006073282933153077,0.006715810526045971,0.013945274565485307,0.08,0.0002,0.0
9,-2.979999999999995,200,0,0,1,0.0,0.0,1.0,1.0,0.0011743192901700371,0.006743983907369056,0.01363583592369696,0.08,0.0002,0.0
10,-0.9546875000000017,200,0,0,1,0.0,0.0,1.0,1.0,0.00038487755255903596,0.006258656287542635,0.01306542072838647,0.08,0.0002,0.0
11,-0.4760312500000018,200,0,0,1,0.0,0.0,1.0,1.0,-0.0005423453005426439,0.00031011761140553064,0.006993782062525952,0.08,0.0002,0.0
12,-2.556124999999997,200,0,0,1,0.0,0.0,1.0,1.0,-0.0013841353779557345,-0.0003921299552544042,0.005951416220143529,0.08,0.0002,0.0
13,-2.321625,200,0,0,1,0.0,0.0,1.0,1.0,-0.0017971487904745545,-0.0012974239845366356,0.005174113146828404,0.08,0.0002,0.0
14,-2.8299999999999996,200,0,0,1,0.0,0.0,1.0,1.0,-0.0025091579627588676,-0.0014940860280839843,0.005681205059408967,0.08,0.0002,0.0
15,-2.4964062499999966,200,0,0,1,0.0,0.0,1.0,1.0,-0.002060413017823391,-0.0018778149787176516,0.005505996765925374,0.08,0.0002,0.0
16,-0.41200000000000175,200,0,0,1,0.0,0.0,1.0,1.0,-0.0011580885068772197,-0.0018132815087519702,0.005437949441962701,0.08,0.0002,0.0
17,21.17234375,99,1,0,1,0.0,0.0,1.0,1.0,-0.00034577266799557205,-0.0015576939220845816,0.005458047951695334,0.08,0.0002,0.0
18,-0.5811250000000006,200,0,0,1,0.0,0.0,1.0,1.0,-0.0010899289123312004,-0.0014855398287763819,0.005620049010380171,0.08,0.0002,0.0
19,-0.7455937500000012,200,0,0,1,0.0,0.0,1.0,1.0,-0.0007728706736840865,-0.0012155256158439443,0.005615077704074793,0.08,0.0002,0.0
20,20.5875,132,1,0,1,0.0,0.0,1.0,1.0,-0.0006282262381476305,-0.0006977264077868313,0.005126698011299596,0.08,0.0002,0.0
21,-0.35262500000000185,200,0,0,1,0.0,0.0,1.0,1.0,9.815476781165979e-05,-0.0001713823601603508,0.006039426520466805,0.08,0.0002,0.0
22,-2.815687499999998,200,0,0,1,0.0,0.0,1.0,1.0,-0.0006885640563256255,-0.0002213147267466411,0.006055286875343882,0.08,0.0002,0.0
23,21.57140625,78,1,0,1,0.0,0.0,1.0,1.0,0.001523334809268602,0.00025044997385703026,0.0066341175327543165,0.08,0.0002,0.0
24,-3.501250000000002,200,0,0,1,0.0,0.0,1.0,1.0,-0.0006725437113250624,0.0001389832803979516,0.007005509137175977,0.08,0.0002,0.0
25,-2.7757812499999983,200,0,0,1,0.0,0.0,1.0,1.0,-0.0003594228559268427,0.00017944364831782878,0.006736258847406134,0.08,0.0002,0.0
26,-0.7399999999999997,200,0,0,1,0.0,0.0,1.0,1.0,0.0010559899568244825,0.000278753480524756,0.007157598615973256,0.08,0.0002,0.0
27,-2.615843750000001,200,0,0,1,0.0,0.0,1.0,1.0,-0.00035412196671369157,0.00036362695426214487,0.007056093140388839,0.08,0.0002,0.0
28,-0.5317500000000014,200,0,0,1,0.0,0.0,1.0,1.0,-0.0007801759524170321,-0.00021092853369191288,0.006836497426498681,0.08,0.0002,0.0
29,-3.0981874999999968,200,0,0,1,0.0,0.0,1.0,1.0,-0.0008866121155485848,-0.0001309632376069203,0.006465190710150637,0.08,0.0002,0.0
30,-0.8100000000000012,200,0,0,1,0.0,0.0,1.0,1.0,-0.0014552118389649141,-0.00032353708939626815,0.006521593191195279,0.08,0.0002,0.0
31,20.43209375,144,1,0,1,0.0,0.0,1.0,1.0,-0.0009792788775951817,-0.001012927129631862,0.006248618785059079,0.08,0.0002,0.0
32,-2.343999999999998,200,0,0,1,0.0,0.0,1.0,1.0,-0.0006362458260331026,-0.001077492288663052,0.005914518217905424,0.08,0.0002,0.0
33,-3.4598437500000014,200,0,0,1,0.0,0.0,1.0,1.0,-0.001431032259813785,-0.0012531060736218932,0.005627241247479106,0.08,0.0002,0.0
34,0.17149999999999885,200,0,0,1,0.0,0.0,1.0,1.0,0.0006683840761707968,-0.000703816498775268,0.006126666139025474,0.08,0.0002,0.0
35,-0.7482812499999987,200,0,0,1,0.0,0.0,1.0,1.0,0.0005492329849036894,-0.0004570010038005421,0.006067376985578449,0.08,0.0002,0.0
36,22.137125,51,1,1,1,0.027777777777777776,0.0,1.0,1.0,0.03401406583048369,0.006478551513500861,0.01292767029350216,0.08,0.0002,0.0
37,20.72075,158,1,0,1,0.02702702702702703,0.0,1.0,1.0,0.017332241293913624,0.007170566867091111,0.012987945255837985,0.08,0.0002,0.0
38,20.252875,181,1,0,1,0.02631578947368421,0.0,1.0,1.0,0.03705811329790827,0.013149801822481095,0.019459562675925555,0.08,0.0002,0.0
39,20.290249999999997,192,1,0,1,0.02564102564102564,0.0,1.0,1.0,0.046634301860472925,0.02000567216392665,0.026887592081315234,0.08,0.0002,0.0
40,-0.6462500000000014,200,0,0,1,0.025,0.0,1.0,1.0,0.01624502340193846,0.019715167799047778,0.026639255362548284,0.08,0.0002,0.0
41,-2.6325624999999975,200,0,0,1,0.024390243902439025,0.0,1.0,1.0,0.0052760141814482886,0.01925479267409537,0.026785774373798633,0.08,0.0002,0.0
42,-3.2810625,200,0,0,1,0.023809523809523808,0.0,1.0,1.0,0.0017312212649989226,0.011759291181340814,0.019610409105196597,0.08,0.0002,0.0
43,-2.9636562500000005,200,0,0,1,0.023255813953488372,0.0,1.0,1.0,0.0005717112784255115,0.011840447368682363,0.01952865634241607,0.08,0.0002,0.0
44,20.272624999999998,195,1,0,1,0.022727272727272728,0.0,1.0,1.0,0.03043383819520355,0.011390734681044705,0.01854955867945682,0.08,0.0002,0.0
45,-0.17843750000000125,200,0,0,1,0.022222222222222223,0.0,1.0,1.0,0.01154142565826779,0.005533817418734543,0.012314707408309915,0.08,0.0002,0.0
46,-0.6893125000000013,200,0,0,1,0.021739130434782608,0.0,1.0,1.0,0.003543859968303441,0.005531557996408082,0.01252083857532125,0.08,0.0002,0.0
47,21.005312500000002,162,1,0,1,0.02127659574468085,0.0,1.0,1.0,0.03156584618065639,0.011714618570520542,0.018394315390032716,0.08,0.0002,0.0
48,-0.49950000000000194,200,0,0,1,0.020833333333333332,0.0,1.0,1.0,0.012470388613215271,0.01209426979010459,0.018948956048232504,0.08,0.0002,0.0
49,-2.973468750000001,200,0,0,1,0.02040816326530612,0.0,1.0,1.0,0.0037914776464958843,0.012065845961682498,0.01896027672989294,0.08,0.0002,0.0
50,-3.013437500000001,200,0,0,1,0.02,0.0,1.0,1.0,0.0016140983662205719,0.005889854390872642,0.01248205559910275,0.08,0.0002,0.0
51,-3.1402187500000003,200,0,0,1,0.0196078431372549,0.0,1.0,1.0,-0.0002323144468559502,0.005839752512518316,0.012321169213857501,0.08,0.0002,0.0
52,20.3635,141,1,0,1,0.019230769230769232,0.0,1.0,1.0,0.030708173214672445,0.012216301468200982,0.018189134772866964,0.08,0.0002,0.0
53,-0.07993750000000144,200,0,0,1,0.018867924528301886,0.0,1.0,1.0,0.011659708984907043,0.00567914681439288,0.011477892678929492,0.08,0.0002,0.0
54,-2.8933125000000004,200,0,0,1,0.018518518518518517,0.0,1.0,1.0,0.0026680132453008078,0.005488537978613749,0.011941372226690873,0.08,0.0002,0.0
55,21.69296875,81,1,0,1,0.01818181818181818,0.0,1.0,1.0,0.004056712626482988,0.006097496934002265,0.012577840872341766,0.08,0.0002,0.0
56,-2.81675,200,0,0,1,0.017857142857142856,0.0,1.0,1.0,0.0013996061336706157,0.005934123652521521,0.01254237121110782,0.08,0.0002,0.0
57,20.47609375,154,1,0,1,0.017543859649122806,0.0,1.0,1.0,0.0021158342475503813,0.006811160085489974,0.01320146212191321,0.08,0.0002,0.0
58,-3.076375000000001,200,0,0,1,0.017241379310344827,0.0,1.0,1.0,-0.00017792072621495078,0.00045721159619279203,0.007177353757200763,0.08,0.0002,0.0
59,-2.900000000000001,200,0,0,1,0.01694915254237288,0.0,1.0,1.0,-0.0009927306174243847,0.00013058347860351205,0.007353486971464008,0.08,0.0002,0.0
60,-0.8900000000000003,200,0,0,1,0.016666666666666666,0.0,1.0,1.0,-0.0003236526270259524,5.982812470756471e-05,0.006474557418609038,0.08,0.0002,0.0
61,-2.6369062500000013,200,0,0,1,0.01639344262295082,0.0,1.0,1.0,-0.0012764199966977462,-0.0002924760871101171,0.006752934373216704,0.08,0.0002,0.0
62,20.3591875,142,1,0,1,0.016129032258064516,0.0,1.0,1.0,-0.0009249369119054553,-0.001036231074249372,0.006357378225540743,0.08,0.0002,0.0
63,-0.8169687500000008,200,0,0,1,0.015873015873015872,0.0,1.0,1.0,0.0003114501027973778,-0.000386955794878304,0.006900201169308275,0.08,0.0002,0.0
64,-0.6440000000000017,200,0,0,1,0.015625,0.0,1.0,1.0,-0.0012218302333617537,-0.0006189479099120945,0.00680722688534297,0.08,0.0002,0.0
65,-3.012968749999999,200,0,0,1,0.015384615384615385,0.0,1.0,1.0,-0.001253304061927024,-0.0007913843421265482,0.006662527163978666,0.08,0.0002,0.0
66,-3.2229375000000005,200,0,0,1,0.015151515151515152,0.0,1.0,1.0,-0.0013430763906568505,-0.000980467922752723,0.006381725916871801,0.08,0.0002,0.0
67,-0.08965625000000133,200,0,0,1,0.014925373134328358,0.0,1.0,1.0,0.0026883145721168255,-5.2138203056529166e-05,0.007013456310844049,0.08,0.0002,0.0
68,-0.9928749999999997,200,0,0,1,0.014705882352941176,0.0,1.0,1.0,0.0022794635365793793,-0.00018214646237902344,0.007135510992957279,0.08,0.0002,0.0
69,-0.41146875000000094,200,0,0,1,0.014492753623188406,0.0,1.0,1.0,0.001951083144174752,0.000890475713647902,0.007610037076286972,0.08,0.0002,0.0
70,-0.1559375000000015,200,0,0,1,0.014285714285714285,0.0,1.0,1.0,-0.0003690866704685273,0.0007498480901122094,0.007550777856260538,0.08,0.0002,0.0
71,-3.1655624999999996,200,0,0,1,0.014084507042253521,0.0,1.0,1.0,-0.0011259087558148316,0.0008488468441646546,0.00804941477556713,0.08,0.0002,0.0
72,-0.7772500000000021,200,0,0,1,0.013888888888888888,0.0,1.0,1.0,-0.0001287988640393082,0.0003511061503086239,0.006887058801716193,0.08,0.0002,0.0
73,21.0763125,114,1,0,1,0.0136986301369863,0.0,1.0,1.0,6.518322115015464e-05,0.0005525153712369502,0.006797527545597404,0.08,0.0002,0.0
74,-0.30656250000000146,200,0,0,1,0.013513513513513514,0.0,1.0,1.0,-0.0007684098446279703,-0.0006685363694559782,0.005548260674579069,0.08,0.0002,0.0
75,-2.9199999999999995,200,0,0,1,0.013333333333333334,0.0,1.0,1.0,-0.0009727681019390963,-0.0006591854004655034,0.005870341679314151,0.08,0.0002,0.0
76,-2.870000000000001,200,0,0,1,0.013157894736842105,0.0,1.0,1.0,-0.0008656684518630838,-0.0007462027112487703,0.005527956286678091,0.08,0.0002,0.0
77,-0.4470312500000015,200,0,0,1,0.012987012987012988,0.0,1.0,1.0,-0.00041059312139545646,-0.0006876649155747145,0.005443060955731199,0.08,0.0002,0.0
78,-2.3523124999999974,200,0,0,1,0.01282051282051282,0.0,1.0,1.0,-0.0015129654006982621,-0.0011123641282320023,0.005543368399143219,0.08,0.0002,0.0
79,-2.922531250000001,200,0,0,1,0.012658227848101266,0.0,1.0,1.0,-0.0007530161865878504,-0.0008454867880791425,0.005995981613174081,0.08,0.0002,0.0
80,-2.755,200,0,0,1,0.0125,0.0,1.0,1.0,-0.00031368780372649643,-0.0006622506771236658,0.00546020227856934,0.08,0.0002,0.0
81,20.72728125,149,1,0,1,0.012345679012345678,0.0,1.0,1.0,0.02966417313502206,0.005391648894408718,0.01133924826583825,0.08,0.0002,0.0
82,0.05706250000000013,200,0,0,1,0.012195121951219513,0.0,1.0,1.0,0.012507172477324057,0.005816446698503569,0.012004111653892324,0.08,0.0002,0.0
83,-0.19796875000000136,200,0,0,1,0.012048192771084338,0.0,1.0,1.0,0.003865270687778944,0.005865968040190637,0.011855819324962795,0.08,0.0002,0.0
84,20.89425,134,1,0,1,0.011904761904761904,0.0,1.0,1.0,0.03181718162629163,0.011900170435896144,0.01787935373489745,0.08,0.0002,0.0
85,22.109375,29,1,1,1,0.023529411764705882,0.0,1.0,1.0,0.027638793018493212,0.011912987120216713,0.01764874325064011,0.08,0.0002,0.0
86,-0.44075000000000103,200,0,0,1,0.023255813953488372,0.0,1.0,1.0,0.01105041837690537,0.012442462804494426,0.01838249825895764,0.08,0.0002,0.0
87,20.98140625,111,1,0,1,0.022988505747126436,0.0,1.0,1.0,0.005760282038987481,0.012288085899781436,0.018522895894479006,0.08,0.0002,0.0
88,-3.3667500000000006,200,0,0,1,0.022727272727272728,0.0,1.0,1.0,0.0009396839450496906,0.0060920338337309655,0.012206358964089304,0.08,0.0002,0.0
89,20.34553125,176,1,0,1,0.02247191011235955,0.0,1.0,1.0,0.0032483462486090392,0.006293675598688424,0.012618816920090467,0.08,0.0002,0.0
90,-0.4612499999999987,200,0,0,1,0.022222222222222223,0.0,1.0,1.0,0.003792912513276579,0.007028101664502174,0.012926639432087541,0.08,0.0002,0.0
91,-2.9021562499999995,200,0,0,1,0.02197802197802198,0.0,1.0,1.0,0.0006219148803999462,0.0003632030871231109,0.006242983226897195,0.08,0.0002,0.0
92,-0.637875,200,0,0,1,0.021739130434782608,0.0,1.0,1.0,-0.0002290549355819467,0.00023025480681098997,0.006396241320529953,0.08,0.0002,0.0
93,-2.8758124999999986,200,0,0,1,0.021505376344086023,0.0,1.0,1.0,-0.0009201787539747374,0.00033722863369621336,0.006372843971708789,0.08,0.0002,0.0
94,-2.5158750000000003,200,0,0,1,0.02127659574468085,0.0,1.0,1.0,-0.0015966451888986938,-0.0005326699614524841,0.005822553943842649,0.08,0.0002,0.0
95,-2.2698437500000015,200,0,0,1,0.021052631578947368,0.0,1.0,1.0,-0.0008677716237498767,-0.0011734193784650416,0.005719492871081457,0.08,0.0002,0.0
96,-0.4419999999999998,200,0,0,1,0.020833333333333332,0.0,1.0,1.0,0.002112309004974066,-0.00034385085990652444,0.006405040127690881,0.08,0.0002,0.0
97,-0.8580312500000016,200,0,0,1,0.020618556701030927,0.0,1.0,1.0,-0.0003731643199430389,-0.0005254719934891909,0.006625837561441586,0.08,0.0002,0.0
98,-0.30225000000000113,200,0,0,1,0.02040816326530612,0.0,1.0,1.0,-0.0007167051949049249,-0.000513955069007352,0.0068130656464491035,0.08,0.0002,0.0
99,-0.4042812500000008,200,0,0,1,0.020202020202020204,0.0,1.0,1.0,-0.0013910835097407112,-0.0005508051519282162,0.006922021628823131,0.08,0.0002,0.0
100,19.7075,200,1,0,1,0.02,0.0,1.0,1.0,0.030686732863186527,0.005974239461356774,0.013416838847799227,0.08,0.0002,0.0
101,21.14290625,112,1,0,1,0.019801980198019802,0.02,1.0,1.0,0.016500616481227855,0.005684145664330572,0.013590609382372349,0.0793,0.0001986,0.01
102,22.012687500000002,57,1,1,1,0.029411764705882353,0.019801980198019802,1.0,1.0,0.04277377646110813,0.011841228748904541,0.019630120856454596,0.0786,0.0001972,0.02
103,-0.9000000000000012,200,0,0,1,0.02912621359223301,0.029411764705882353,1.0,1.0,0.013973020250217858,0.011124730039387942,0.01866088204924017,0.0779,0.00019580000000000002,0.03
104,-2.494750000000001,200,0,0,1,0.028846153846153848,0.02912621359223301,1.0,1.0,0.004304419315437202,0.011235843662871049,0.01876837372337468,0.07785385794583546,0.00019570771589167094,0.030659172202350538
105,-2.81828125,200,0,0,1,0.02857142857142857,0.028846153846153848,1.0,1.0,0.0014431433524673483,0.011424547190777958,0.018700312646105884,0.0778744939271255,0.00019574898785425102,0.03036437246963563
106,0.04349999999999848,200,0,0,1,0.02830188679245283,0.02857142857142857,1.0,1.0,0.00027703198692051163,0.010921164638129994,0.017809438092866912,0.07789473684210527,0.00019578947368421054,0.030075187969924814
107,-0.7683437500000018,200,0,0,1,0.028037383177570093,0.02830188679245283,1.0,1.0,0.0012750285885115252,-0.00038654066901654,0.005882947213947773,0.07791459781529295,0.0001958291956305859,0.029791459781529295
108,20.691375,155,1,0,1,0.027777777777777776,0.028037383177570093,1.0,1.0,0.030099635196248933,0.0058085597301833335,0.01194444599514827,0.07793408755533694,0.0001958681751106739,0.029513034923757994
109,-2.5768125,200,0,0,1,0.027522935779816515,0.027777777777777776,1.0,1.0,0.010561722938986006,0.0058863034129608425,0.012031659519532695,0.07795321637426901,0.00019590643274853802,0.029239766081871343
110,-2.6984374999999994,200,0,0,1,0.02727272727272727,0.027522935779816515,1.0,1.0,0.0036185081000605713,0.005925864118384198,0.012014479246223345,0.07797199420569773,0.00019594398841139547,0.02897151134717528
111,-2.7584687500000005,200,0,0,1,0.02702702702702703,0.02727272727272727,1.0,1.0,0.0010669901135604034,0.005861517110606656,0.012179967118194327,0.07799043062200957,0.00019598086124401917,0.028708133971291867
112,21.416,75,1,1,1,0.03571428571428571,0.02702702702702703,1.0,1.0,0.03343682160563955,0.012591007246635854,0.018947266700211914,0.07800853485064012,0.00019601706970128025,0.028449502133712664
113,-2.8699999999999997,200,0,0,1,0.035398230088495575,0.03571428571428571,1.0,1.0,0.011470173433570255,0.011931393327657133,0.018389434576034546,0.07736842105263159,0.00019473684210526317,0.03759398496240601
114,21.208624999999998,111,1,0,1,0.03508771929824561,0.035398230088495575,1.0,1.0,0.007685184391704904,0.012372736443998292,0.018884429233381524,0.07739170936190033,0.00019478341872380066,0.037261294829995344
115,20.83984375,144,1,0,1,0.034782608695652174,0.03508771929824561,1.0,1.0,0.006267569808746978,0.0069881798455026,0.013288013139041141,0.07741458910433979,0.0001948291782086796,0.03693444136657433
116,21.769625,72,1,1,1,0.04310344827586207,0.034782608695652174,1.0,1.0,0.033880441411462084,0.01296158525091596,0.019117814818164335,0.0774370709382151,0.0001948741418764302,0.036613272311212815
117,-2.7900000000000005,200,0,0,1,0.042735042735042736,0.04310344827586207,1.0,1.0,0.010787581259985676,0.01256124509172514,0.01926694544730708,0.07682395644283121,0.00019364791288566243,0.04537205081669692
118,20.5791875,161,1,0,1,0.0423728813559322,0.042735042735042736,1.0,1.0,0.03651052179974924,0.019326298295985908,0.02559215199621394,0.07685110211426001,0.00019370220422852002,0.0449842555105713
119,20.090249999999997,186,1,0,1,0.04201680672268908,0.0423728813559322,1.0,1.0,0.015995097562909625,0.013110543149756267,0.01959771691611968,0.0768777876895629,0.0001937555753791258,0.04460303300624442
120,-2.8787500000000006,200,0,0,1,0.041666666666666664,0.04201680672268908,1.0,1.0,0.0048926878807514715,0.012483719040174037,0.01901068194722757,0.07690402476780187,0.0001938080495356037,0.04422821760283061
121,21.14853125,118,1,0,1,0.04132231404958678,0.041666666666666664,1.0,1.0,0.004406578838593242,0.01319680767902173,0.019713266467442737,0.07692982456140351,0.00019385964912280702,0.043859649122807015
122,-0.10168749999999996,200,0,0,1,0.040983606557377046,0.04132231404958678,1.0,1.0,0.004216336445082084,0.007483569307951256,0.01380833016266115,0.07695519791213572,0.00019391039582427144,0.04349717268377556
123,-2.931156250000001,200,0,0,1,0.04065040650406504,0.040983606557377046,1.0,1.0,0.0006956664489233885,0.007081458621425554,0.01336875091609545,0.07698015530629854,0.00019396031061259708,0.04314063848144952
124,21.69675,73,1,1,1,0.04838709677419355,0.04065040650406504,1.0,1.0,0.0005565772599839309,0.0070365688207093624,0.013402265658369288,0.07700470688917416,0.00019400941377834831,0.04278990158322636
125,-0.5067187500000019,200,0,0,1,0.048,0.04838709677419355,1.0,1.0,-0.0005504805822461244,0.0005152008270379156,0.007011941183591262,0.07643463497453311,0.00019286926994906622,0.050933786078098474
126,-2.8389375,200,0,0,1,0.047619047619047616,0.048,1.0,1.0,-0.00138206062519072,0.0003874311510007828,0.007368601796450093,0.07646315789473684,0.0001929263157894737,0.05052631578947369
127,21.884125,42,1,1,1,0.05511811023622047,0.047619047619047616,1.0,1.0,-0.0009877768623800286,-0.00014109905855730175,0.006704635417554528,0.07649122807017544,0.00019298245614035088,0.05012531328320802
128,-2.9599999999999977,200,0,0,1,0.0546875,0.05511811023622047,1.0,1.0,-0.0006748550267369257,-0.00023304575379006563,0.006612664985237643,0.07593866556154165,0.0001918773311230833,0.05801906340654787
129,-1.150968750000001,200,0,0,1,0.05426356589147287,0.0546875,1.0,1.0,0.0009835694640299532,-0.000714777807239443,0.0068363130246289075,0.07597039473684211,0.00019194078947368422,0.057565789473684216
130,-2.7990625000000007,200,0,0,1,0.05384615384615385,0.05426356589147287,1.0,1.0,-0.00029403472801182377,-0.0006912116529420019,0.0067405643304809925,0.07600163198694411,0.0001920032639738882,0.05711954304365565
131,21.9354375,56,1,1,1,0.061068702290076333,0.05384615384615385,1.0,1.0,0.0317188835897128,0.005773409201297909,0.013296842036303132,0.07603238866396761,0.00019206477732793524,0.056680161943319846
132,22.366125,33,1,1,1,0.06818181818181818,0.061068702290076333,1.0,1.0,0.0595677815889638,0.012410677133593707,0.019784821377601475,0.07550020088388912,0.00019100040176777823,0.06428284451586982
133,-3.050843750000001,200,0,0,1,0.06766917293233082,0.06818181818181818,1.0,1.0,0.020198647925053683,0.012283624147996306,0.01927330300398171,0.07497607655502392,0.00018995215311004785,0.07177033492822966
134,-2.8891874999999967,200,0,0,1,0.06716417910447761,0.06766917293233082,1.0,1.0,0.005713323761348516,0.012034820492146537,0.019394976460607723,0.07501385041551246,0.00019002770083102494,0.07123070834982193
135,-0.3060937500000017,200,0,0,1,0.06666666666666667,0.06716417910447761,1.0,1.0,0.002369458430127903,0.012511166790500284,0.019716980697587132,0.0750510604870385,0.000190102120974077,0.07069913589945012
136,0.08599999999999793,200,0,0,1,0.0661764705882353,0.06666666666666667,1.0,1.0,0.0012830106731772112,0.012497175346361473,0.018944679953856392,0.07508771929824562,0.00019017543859649124,0.07017543859649122
137,-2.8392812499999955,200,0,0,1,0.06569343065693431,0.0661764705882353,1.0,1.0,-0.00019915438659281223,-0.0008389221054967493,0.005821967025985942,0.07512383900928793,0.00019024767801857585,0.0696594427244582
138,-2.889312499999998,200,0,0,1,0.06521739130434782,0.06569343065693431,1.0,1.0,-0.000393256715963469,-0.0005508425161242485,0.005874615103937685,0.07515943142527852,0.00019031886285055707,0.06915097963887823
139,-2.9400000000000017,200,0,0,1,0.06474820143884892,0.06521739130434782,1.0,1.0,-0.0010610146904672503,-0.00031166463415138425,0.005994000665610656,0.07519450800915332,0.00019038901601830665,0.06864988558352403
140,-2.6893749999999974,200,0,0,1,0.06428571428571428,0.06474820143884892,1.0,1.0,-0.00114885770440137,-0.0008562708115205169,0.005664293082430959,0.07522907989397955,0.0001904581597879591,0.06815600151457782
141,-3.251781250000001,200,0,0,1,0.06382978723404255,0.06428571428571428,1.0,1.0,-0.001453482261579984,-0.0012849545592907817,0.005873369000153616,0.07526315789473684,0.0001905263157894737,0.06766917293233082
142,-3.010562499999998,200,0,0,1,0.06338028169014084,0.06382978723404255,1.0,1.0,-0.0014306511812913264,-0.001308631111169234,0.006215501538710669,0.07529675251959686,0.00019059350503919373,0.0671892497200448
143,-0.3073437499999994,200,0,0,1,0.06293706293706294,0.06338028169014084,1.0,1.0,0.0006373255139043092,-0.0010508930728392442,0.006702693377490505,0.07532987398072646,0.00019065974796145295,0.06671608598962195
144,0.0934999999999985,200,0,0,1,0.0625,0.06293706293706294,1.0,1.0,-0.0006142032196695571,-0.0011385183952370426,0.006541192861608579,0.07536253220463747,0.00019072506440927494,0.06624953993375048
145,-3.0509374999999994,200,0,0,1,0.06206896551724138,0.0625,1.0,1.0,-0.001267770430114608,-0.0012499238353775582,0.0066364620131062115,0.07539473684210526,0.00019078947368421053,0.06578947368421052
146,-3.1613125000000006,200,0,0,1,0.06164383561643835,0.06206896551724138,1.0,1.0,-0.0014478750421635846,-0.0012591051849158248,0.0067296076508791885,0.07542649727767695,0.0001908529945553539,0.06533575317604357
147,-2.5191875,200,0,0,1,0.061224489795918366,0.06164383561643835,1.0,1.0,-0.0013413536176849431,-0.0012078701288992307,0.006658489088862552,0.07545782263878875,0.00019091564527757752,0.06488824801730353
148,20.092624999999998,188,1,0,1,0.060810810810810814,0.061224489795918366,1.0,1.0,-0.00034437858989259544,-0.00133918579434976,0.0063299408196471636,0.07548872180451127,0.00019097744360902256,0.0644468313641246
149,-0.6593125000000019,200,0,0,1,0.06040268456375839,0.060810810810810814,1.0,1.0,-0.00011232268993524559,-0.000943708258215338,0.0062687107236124575,0.07551920341394025,0.00019103840682788053,0.06401137980085349
150,-2.5593750000000006,200,0,0,1,0.06,0.06040268456375839,1.0,1.0,-0.0006856958410603231,-0.0008756482992321253,0.006408319478854537,0.07554927587424938,0.00019109855174849878,0.06358177322500884
151,21.18225,123,1,0,1,0.059602649006622516,0.06,1.0,1.0,0.0026534681578007737,9.281376865692437e-05,0.006902688818750903,0.07557894736842105,0.0001911578947368421,0.06315789473684211
152,-2.69975,200,0,0,1,0.05921052631578947,0.059602649006622516,1.0,1.0,6.191750892103942e-05,-2.3604859597980977e-05,0.006948195562697947,0.07560822586266992,0.00019121645172533985,0.06273963053328686
153,-0.9500000000000015,200,0,0,1,0.058823529411764705,0.05921052631578947,1.0,1.0,0.0012734008111782618,0.0006777589838020503,0.007325052336324006,0.0756371191135734,0.00019127423822714682,0.062326869806094184
154,-2.7398124999999998,200,0,0,1,0.05844155844155844,0.058823529411764705,1.0,1.0,-0.000397167825356205,0.00031905233836732803,0.007320589158916846,0.0756656346749226,0.0001913312693498452,0.06191950464396285
155,-3.0001562500000007,200,0,0,1,0.05806451612903226,0.05844155844155844,1.0,1.0,-0.0013644550330576218,-0.00013908611075021327,0.007269409971544519,0.07569377990430622,0.00019138755980861245,0.061517429938482575
156,21.880375,33,1,1,1,0.0641025641025641,0.05806451612903226,1.0,1.0,0.02881616840055006,0.0059448534867260604,0.013346809165319428,0.07572156196943973,0.00019144312393887947,0.061120543293718174
157,-2.7399999999999998,200,0,0,1,0.06369426751592357,0.0641025641025641,1.0,1.0,0.010246454766818494,0.005320129811996594,0.012251733492827042,0.07527665317139001,0.00019055330634278004,0.06747638326585695
158,-0.10956250000000167,200,0,0,1,0.06329113924050633,0.06369426751592357,1.0,1.0,0.0031761941450446024,0.005361840020865202,0.012365615621209145,0.07530673818303721,0.00019061347636607442,0.0670465973851827
159,-3.440125000000001,200,0,0,1,0.06289308176100629,0.06329113924050633,1.0,1.0,0.0007052162582193652,0.004883815399138257,0.01168410547194071,0.07533644237175216,0.00019067288474350434,0.06662225183211193
160,-2.819999999999997,200,0,0,1,0.0625,0.06289308176100629,1.0,1.0,-0.0002496955788608965,0.004949535558233038,0.011874412087490783,0.07536577292287322,0.00019073154584574645,0.066203243958954
161,21.48975,102,1,0,1,0.062111801242236024,0.0625,1.0,1.0,0.0024012311573001627,0.005726285768905655,0.012396479176124558,0.07539473684210526,0.00019078947368421053,0.06578947368421052
162,-2.8600000000000003,200,0,0,1,0.06172839506172839,0.062111801242236024,1.0,1.0,0.0002903788119015422,-0.0003691823228728026,0.006458758015884087,0.0754233409610984,0.00019084668192219682,0.06538084341288003
163,-3.0897187499999985,200,0,0,1,0.06134969325153374,0.06172839506172839,1.0,1.0,-0.0006050215272976187,-0.00044192840321920815,0.006726124757668004,0.07545159194282001,0.00019090318388564003,0.0649772579597141
164,-0.14062500000000144,200,0,0,1,0.06097560975609756,0.06134969325153374,1.0,1.0,-0.00021794858940847792,-0.00023746597673743964,0.006645924373529851,0.07547949628672909,0.00019095899257345818,0.06457862447529868
165,-2.809999999999999,200,0,0,1,0.06060606060606061,0.06097560975609756,1.0,1.0,-0.0012446385174424593,-0.00039815093483775853,0.006688989377580583,0.07550706033376123,0.00019101412066752248,0.06418485237483953
166,-2.5103749999999994,200,0,0,1,0.060240963855421686,0.06060606060606061,1.0,1.0,-0.0009225914372508093,-0.0010607351586222648,0.00664113100618124,0.07553429027113237,0.00019106858054226475,0.06379585326953749
167,-2.909781249999998,200,0,0,1,0.059880239520958084,0.060240963855421686,1.0,1.0,-0.0010564289876037725,-0.00109016464848537,0.006263331407797523,0.07556119213696894,0.00019112238427393787,0.06341154090044389
168,-1.0000000000000013,200,0,0,1,0.05952380952380952,0.059880239520958084,1.0,1.0,-0.00020684658410460242,-0.0009371609054505825,0.006211821194738149,0.07558777182477151,0.00019117554364954302,0.06303183107469272
169,-0.8799999999999999,200,0,0,1,0.05917159763313609,0.05952380952380952,1.0,1.0,0.0019198683640897008,-0.00046946076734457167,0.006767528985277749,0.0756140350877193,0.0001912280701754386,0.06265664160401002
170,20.6184375,137,1,0,1,0.058823529411764705,0.05917159763313609,1.0,1.0,0.0026620252051335327,0.00022481882118154318,0.007154166695545428,0.07563998754282156,0.0001912799750856431,0.06228589224540641
171,-2.9893124999999996,200,0,0,1,0.05847953216374269,0.058823529411764705,1.0,1.0,0.00013048638937904246,0.00014107535465154796,0.006581668827100657,0.0756656346749226,0.0001913312693498452,0.06191950464396285
172,0.2566249999999999,200,0,0,1,0.05813953488372093,0.05847953216374269,1.0,1.0,-0.0005676262975328674,0.0002249766452005133,0.006520498788566329,0.07569098184056633,0.00019138196368113266,0.061557402277623886
173,-2.83040625,200,0,0,1,0.057803468208092484,0.05813953488372093,1.0,1.0,0.0006997224076644296,0.0005850636201212183,0.006699681030004285,0.07571603427172582,0.00019143206854345166,0.061199510403916774
174,-2.800000000000001,200,0,0,1,0.05747126436781609,0.057803468208092484,1.0,1.0,-0.00010711618715535352,0.0006035330377053469,0.00665006387908943,0.07574079707940372,0.00019148159415880743,0.06084575600851841
175,-0.2918750000000013,200,0,0,1,0.05714285714285714,0.05747126436781609,1.0,1.0,0.0010283270884845956,4.933524620719254e-05,0.006062428089557216,0.07576527525710829,0.00019153055051421657,0.060496067755595885
176,-3.1685000000000003,200,0,0,1,0.056818181818181816,0.05714285714285714,1.0,1.0,0.0005735790184327528,0.0003777812719345093,0.006319722622632981,0.07578947368421053,0.00019157894736842104,0.06015037593984963
177,20.417875,145,1,0,1,0.05649717514124294,0.056818181818181816,1.0,1.0,8.766741839598195e-05,0.00034736183215864003,0.0064063292078208175,0.07581339712918661,0.00019162679425837323,0.05980861244019139
178,-2.6211250000000015,200,0,0,1,0.056179775280898875,0.05649717514124294,1.0,1.0,-0.0013766092546689582,-4.772614128887653e-05,0.0066703726220875975,0.07583705025275052,0.00019167410050550105,0.05947071067499257
179,-0.5717812500000004,200,0,0,1,0.055865921787709494,0.056179775280898875,1.0,1.0,-0.0010148046918440968,-0.00030328509188257157,0.006748301312094554,0.07586043761088114,0.00019172087522176227,0.05913660555884093
180,20.057499999999997,176,1,0,1,0.05555555555555555,0.055865921787709494,1.0,1.0,-0.0016569876805827219,-0.0011142659476026892,0.006054736181162298,0.07588356365774772,0.00019176712731549544,0.058806233460746836
181,-2.3326250000000015,200,0,0,1,0.055248618784530384,0.05555555555555555,1.0,1.0,-0.0005409585180245756,-0.0010790448524057865,0.006078705150634051,0.07590643274853802,0.00019181286549707603,0.05847953216374269
182,-0.5613750000000001,200,0,0,1,0.054945054945054944,0.055248618784530384,1.0,1.0,-0.0005390294158701428,-0.0010404653922887518,0.005949965462205001,0.0759290491421925,0.00019185809828438502,0.05815644082582146
183,20.87640625,124,1,0,1,0.0546448087431694,0.054945054945054944,1.0,1.0,-8.44574475340737e-05,-0.0007708358725067228,0.005749518763041124,0.07595141700404859,0.00019190283400809716,0.0578368999421631
184,-1.1285000000000018,200,0,0,1,0.05434782608695652,0.0546448087431694,1.0,1.0,-0.0003260911770256915,-0.0006116858915193006,0.005575922210584395,0.07597354040839804,0.0001919470808167961,0.057520851308599366
185,-0.78078125,200,0,0,1,0.05405405405405406,0.05434782608695652,1.0,1.0,0.0008545743276649341,0.00011637976276688278,0.00633182438951917,0.0759954233409611,0.0001919908466819222,0.057208237986270026
186,-0.5716250000000024,200,0,0,1,0.053763440860215055,0.05405405405405406,1.0,1.0,-0.0008354873689563086,-1.5126506332308054e-05,0.006129541712347418,0.07601706970128022,0.00019203413940256046,0.05689900426742533
187,-3.069156250000001,200,0,0,1,0.053475935828877004,0.053763440860215055,1.0,1.0,-2.5188152448900607e-05,0.00012138820928521455,0.006512388835428283,0.07603848330503679,0.00019207696661007357,0.05659309564233164
188,-2.9508749999999986,200,0,0,1,0.05319148936170213,0.053475935828877004,1.0,1.0,6.339798212263553e-05,-1.226082444190979e-05,0.006559501312673092,0.07605966788629327,0.00019211933577258656,0.056290458767238954
189,-2.88090625,200,0,0,1,0.05291005291005291,0.05319148936170213,1.0,1.0,-0.0009310745570994567,-6.581197667401283e-05,0.006509477481129579,0.07608062709966405,0.0001921612541993281,0.055991041433370664
190,-2.8599999999999994,200,0,0,1,0.05263157894736842,0.05291005291005291,1.0,1.0,-0.0008203761295493691,-0.0007369579537771642,0.005733144962694496,0.07610136452241716,0.0001922027290448343,0.0556947925368978
191,-2.8680625000000006,200,0,0,1,0.05235602094240838,0.05263157894736842,1.0,1.0,-0.000779485290159208,-0.0006232447820948437,0.006112803523545153,0.0761218836565097,0.00019224376731301942,0.055401662049861494
192,21.442999999999998,102,1,0,1,0.052083333333333336,0.05235602094240838,1.0,1.0,0.03209655729970164,0.006083989195525647,0.012749102171510459,0.07614218793055938,0.0001922843758611188,0.05511160099200882
193,-0.5330937500000006,200,0,0,1,0.05181347150259067,0.052083333333333336,1.0,1.0,0.011865549702854082,0.006166130537283607,0.012156382085639052,0.07616228070175439,0.0001923245614035088,0.054824561403508776
194,-2.5531875000000017,200,0,0,1,0.05154639175257732,0.05181347150259067,1.0,1.0,0.003741317554047432,0.005902337130974047,0.01204370539553929,0.07618216525770384,0.0001923643305154077,0.0545404963185165
195,20.714531249999997,138,1,0,1,0.05128205128205128,0.05154639175257732,1.0,1.0,0.0025786139434097353,0.006364646694739349,0.01235438387549948,0.07620184481823114,0.00019240368963646228,0.05425935973955507
196,-0.5945000000000011,200,0,0,1,0.05102040816326531,0.05128205128205128,1.0,1.0,0.00027400333502161867,0.006282712443964556,0.01209853630210273,0.07622132253711202,0.00019244264507422402,0.05398110661268556
197,-2.8200000000000007,200,0,0,1,0.050761421319796954,0.05102040816326531,1.0,1.0,-0.0002051998044802474,0.005690311258658767,0.01159085519425571,0.0762406015037594,0.0001924812030075188,0.05370569280343717
198,-3.1288125000000013,200,0,0,1,0.050505050505050504,0.050761421319796954,1.0,1.0,-0.00044787556104133517,-0.0004497984467307106,0.005969577480689623,0.07625968474485707,0.00019251936948971415,0.05343307507347048
199,-0.731218750000002,200,0,0,1,0.05025125628140704,0.050505050505050504,1.0,1.0,-0.0011615568823310372,-0.000696715495781973,0.006182659222977236,0.07627857522594365,0.00019255715045188732,0.0531632110579479
200,20.7425,142,1,0,1,0.05,0.05,1.0,1.0,-0.0010159076571716243,-0.0008201515788678079,0.005893537555122748,0.07629727585294896,0.00019259455170589793,0.052896059243586355
201,20.952312499999998,122,1,0,1,0.04975124378109453,0.05,1.0,1.0,-0.0009027652045927516,-0.0008400151382666081,0.0058448357309680435,0.07631578947368421,0.00019263157894736842,0.052631578947368425
202,-2.8,200,0,0,1,0.04950495049504951,0.05,1.0,1.0,-0.0009833516823079707,-0.0007985248551703989,0.005843619166407734,0.07631578947368421,0.00019263157894736842,0.052631578947368425
203,20.81925,146,1,0,1,0.04926108374384237,0.05,1.0,1.0,0.03188865701930907,0.005937252987525426,0.012012481893994845,0.07631578947368421,0.00019263157894736842,0.052631578947368425
204,-2.91,200,0,0,1,0.049019607843137254,0.05,1.0,1.0,0.011663432431200112,0.005891125104739331,0.011875116378651001,0.07631578947368421,0.00019263157894736842,0.052631578947368425
205,-0.6628125000000016,200,0,0,1,0.04878048780487805,0.05,1.0,1.0,0.0035168125381784834,0.00592805882927496,0.011698228202643804,0.07631578947368421,0.00019263157894736842,0.052631578947368425
206,20.224249999999998,155,1,0,1,0.04854368932038835,0.05,1.0,1.0,0.03126134679592297,0.011899128639954142,0.01794097553391475,0.07631578947368421,0.00019263157894736842,0.052631578947368425
207,-3.148531250000001,200,0,0,1,0.04830917874396135,0.05,1.0,1.0,0.011315421336435972,0.011725633668131195,0.018270989121519962,0.07631578947368421,0.00019263157894736842,0.052631578947368425
208,-2.86,200,0,0,1,0.04807692307692308,0.05,1.0,1.0,0.003671575518489417,0.011339313457836397,0.01775152468762826,0.07631578947368421,0.00019263157894736842,0.052631578947368425
209,-1.413875000000001,200,0,0,1,0.04784688995215311,0.05,1.0,1.0,0.002458719956359267,0.0058272395676467565,0.01234253236814402,0.07631578947368421,0.00019263157894736842,0.052631578947368425
210,21.570625,79,1,0,1,0.047619047619047616,0.05,1.0,1.0,0.005094153045708847,0.0065431399731896815,0.01292336797202006,0.07631578947368421,0.00019263157894736842,0.052631578947368425
211,21.36203125,87,1,0,1,0.04739336492890995,0.05,1.0,1.0,0.003523565529131117,0.006603051007725298,0.012938058282248676,0.07631578947368421,0.00019263157894736842,0.052631578947368425
212,-0.5348750000000008,200,0,0,1,0.04716981132075472,0.05,1.0,1.0,0.0011641540524841884,0.006872751806396991,0.013115165091585368,0.07631578947368421,0.00019263157894736842,0.052631578947368425
213,-3.3266875000000002,200,0,0,1,0.046948356807511735,0.05,1.0,1.0,-0.00014759066907588689,0.0007587341971229762,0.006524993299739435,0.07631578947368421,0.00019263157894736842,0.052631578947368425
214,-0.6533750000000011,200,0,0,1,0.04672897196261682,0.05,1.0,1.0,-9.897179791053086e-05,0.0009101497558876873,0.006293691356666386,0.07631578947368421,0.00019263157894736842,0.052631578947368425
215,20.71140625,136,1,0,1,0.046511627906976744,0.05,1.0,1.0,6.898887425738834e-05,0.0008407290722243488,0.0065087968115694825,0.07631578947368421,0.00019263157894736842,0.052631578947368425
216,22.14775,51,1,1,1,0.05092592592592592,0.055,1.0,1.0,0.00033886432683910203,0.0003575541032478213,0.00590600844565779,0.07631578947368421,0.00019263157894736842,0.052631578947368425
217,-2.7817812500000003,200,0,0,1,0.05069124423963134,0.055,1.0,1.0,-0.00045111943582026057,-0.0002993060254957527,0.005624383995076641,0.07594736842105264,0.00019189473684210528,0.05789473684210526
218,-0.7336250000000004,200,0,0,1,0.05045871559633028,0.055,1.0,1.0,0.001254656202799955,0.0001459533788729459,0.00590705553512089,0.07594736842105264,0.00019189473684210528,0.05789473684210526
219,-2.9081562499999998,200,0,0,1,0.0502283105022831,0.055,1.0,1.0,-0.0009547977201256467,-0.00027626654808409515,0.006260805695550516,0.07594736842105264,0.00019189473684210528,0.05789473684210526
220,-2.8600000000000008,200,0,0,1,0.05,0.055,1.0,1.0,-0.0010614569301356312,-0.0004418277977965772,0.006474247300531715,0.07594736842105264,0.00019189473684210528,0.05789473684210526
221,-3.1161874999999997,200,0,0,1,0.049773755656108594,0.055,1.0,1.0,-0.0019526481088730306,-0.0008902129894122481,0.006828246138058603,0.07594736842105264,0.00019189473684210528,0.05789473684210526
222,-3.2441874999999993,200,0,0,1,0.04954954954954955,0.055,1.0,1.0,-0.001109484630009549,-0.0008605082032736391,0.00677997437841259,0.07594736842105264,0.00019189473684210528,0.05789473684210526
223,-0.6339375000000016,200,0,0,1,0.04932735426008968,0.055,1.0,1.0,-0.000808158241571687,-0.001368871497688815,0.006096788498340174,0.07594736842105264,0.00019189473684210528,0.05789473684210526
224,-2.6720000000000006,200,0,0,1,0.049107142857142856,0.055,1.0,1.0,-0.0005522890683812999,-0.001072151957312599,0.006382083913544193,0.07594736842105264,0.00019189473684210528,0.05789473684210526
225,-2.4960937500000004,200,0,0,1,0.04888888888888889,0.055,1.0,1.0,-0.0002221737502195444,-0.0009139435582328588,0.00625716497306712,0.07594736842105264,0.00019189473684210528,0.05789473684210526
226,-2.7399999999999993,200,0,0,1,0.048672566371681415,0.055,1.0,1.0,-0.000253492178796732,-0.0005920111739542335,0.0057997367510106415,0.07594736842105264,0.00019189473684210528,0.05789473684210526
227,-2.6041874999999997,200,0,0,1,0.048458149779735685,0.055,1.0,1.0,-0.00018088026762703527,-0.00048379976605065166,0.005609117864863947,0.07594736842105264,0.00019189473684210528,0.05789473684210526
228,-2.8600000000000008,200,0,0,1,0.04824561403508772,0.055,1.0,1.0,-0.0015008166524192207,-0.0008148511091712863,0.005776050247484818,0.07594736842105264,0.00019189473684210528,0.05789473684210526
229,-0.8900000000000017,200,0,0,1,0.048034934497816595,0.055,1.0,1.0,-0.001172250092311695,-0.0009224509962368757,0.0055960157692898065,0.07594736842105264,0.00019189473684210528,0.05789473684210526
230,-3.0656250000000007,200,0,0,1,0.04782608695652174,0.055,1.0,1.0,-0.0008568742179255311,-0.001040869210846722,0.0055064707454293964,0.07594736842105264,0.00019189473684210528,0.05789473684210526
231,-1.007781250000001,200,0,0,1,0.047619047619047616,0.055,1.0,1.0,-0.0011080110792043632,-0.001075668174540624,0.005218245831085369,0.07594736842105264,0.00019189473684210528,0.05789473684210526
232,-3.1232499999999996,200,0,0,1,0.04741379310344827,0.055,1.0,1.0,-0.000799196302970638,-0.001144456981914118,0.005510828454280272,0.07594736842105264,0.00019189473684210528,0.05789473684210526
233,-2.88,200,0,0,1,0.04721030042918455,0.055,1.0,1.0,-0.0006103087188096488,-0.0008622590559534729,0.005126813345123082,0.07594736842105264,0.00019189473684210528,0.05789473684210526
234,-0.6446250000000006,200,0,0,1,0.04700854700854701,0.055,1.0,1.0,-0.0006383695546861523,-0.0007914818816352635,0.0049385581540409475,0.07594736842105264,0.00019189473684210528,0.05789473684210526
235,20.775937499999998,140,1,0,1,0.04680851063829787,0.055,1.0,1.0,-0.00040366762060641453,-0.0006364033685531467,0.004981657987227664,0.07594736842105264,0.00019189473684210528,0.05789473684210526
236,-0.35712500000000125,200,0,0,1,0.046610169491525424,0.05,1.0,1.0,-0.00016879862423922932,-0.0007513594455085694,0.005373711833264678,0.07594736842105264,0.00019189473684210528,0.05789473684210526
237,-0.6024062500000005,200,0,0,1,0.046413502109704644,0.05,1.0,1.0,0.0005465378864808905,-0.00010391473129857331,0.00576005497307051,0.07631578947368421,0.00019263157894736842,0.052631578947368425
238,-0.3997500000000016,200,0,0,1,0.046218487394957986,0.05,1.0,1.0,-0.0004079251588224324,1.1928345658816397e-05,0.005520120129338466,0.07631578947368421,0.00019263157894736842,0.052631578947368425
239,-0.11234375000000119,200,0,0,1,0.04602510460251046,0.05,1.0,1.0,0.0015751767374738732,0.0007228351102676243,0.006331467347452417,0.07631578947368421,0.00019263157894736842,0.052631578947368425
240,-1.0575000000000019,200,0,0,1,0.04583333333333333,0.05,1.0,1.0,0.0006740706678155582,0.0007301927460357547,0.006552596217952669,0.07631578947368421,0.00019263157894736842,0.052631578947368425
241,-2.9949374999999963,200,0,0,1,0.04564315352697095,0.05,1.0,1.0,0.00024038191036960103,0.0007284143667202443,0.0062172756635118275,0.07631578947368421,0.00019263157894736842,0.052631578947368425
242,-0.437687500000001,200,0,0,1,0.045454545454545456,0.05,1.0,1.0,0.002577456437538787,0.0010326384044019505,0.006398630803567357,0.07631578947368421,0.00019263157894736842,0.052631578947368425
243,-0.9700000000000005,200,0,0,1,0.04526748971193416,0.05,1.0,1.0,0.00027057960463973,0.0009857962954556568,0.006928752692067064,0.07631578947368421,0.00019263157894736842,0.052631578947368425
244,-3.1147499999999955,200,0,0,1,0.045081967213114756,0.05,1.0,1.0,-0.0005189969818345863,0.000250511618796736,0.006219669803511351,0.07631578947368421,0.00019263157894736842,0.052631578947368425
245,-0.8173437500000016,200,0,0,1,0.044897959183673466,0.05,1.0,1.0,-0.0007718888276930049,5.160490283742547e-06,0.0065328894162084905,0.07631578947368421,0.00019263157894736842,0.052631578947368425
246,-1.0873125000000003,200,0,0,1,0.044715447154471545,0.05,1.0,1.0,-0.001104772232158421,-0.0001756687428569421,0.00646886063774582,0.07631578947368421,0.00019263157894736842,0.052631578947368425
247,-2.485437499999998,200,0,0,1,0.044534412955465584,0.05,1.0,1.0,-0.00030686987239225434,-0.0008600570189300924,0.005867538068676368,0.07631578947368421,0.00019263157894736842,0.052631578947368425
248,-0.401000000000001,200,0,0,1,0.04435483870967742,0.05,1.0,1.0,-0.00030549344065514757,-0.0007884466944960877,0.005941726978751831,0.07631578947368421,0.00019263157894736842,0.052631578947368425
249,21.18609375,101,1,0,1,0.04417670682730924,0.05,1.0,1.0,0.030519936484208678,0.005552148837363348,0.011998029314214363,0.07631578947368421,0.00019263157894736842,0.052631578947368425
250,20.0715625,165,1,0,1,0.044,0.05,1.0,1.0,0.016556056307896565,0.006278992548584938,0.012694067515432835,0.07631578947368421,0.00019263157894736842,0.052631578947368425
251,20.185781249999998,165,1,0,1,0.043824701195219126,0.05,1.0,1.0,0.03695858541369927,0.012331685563345672,0.018317062451533275,0.07631578947368421,0.00019263157894736842,0.052631578947368425
252,-2.6086250000000013,200,0,0,1,0.04365079365079365,0.05,1.0,1.0,0.012885888731517537,0.012150347700720886,0.01852880975828157,0.07631578947368421,0.00019263157894736842,0.052631578947368425
253,20.09546875,176,1,0,1,0.043478260869565216,0.05,1.0,1.0,0.004731864639938645,0.012075314506451832,0.01821873707443592,0.07631578947368421,0.00019263157894736842,0.052631578947368425
254,20.322374999999997,159,1,0,1,0.04330708661417323,0.05,1.0,1.0,0.032364528871345055,0.018281316246517236,0.023866601285670187,0.07631578947368421,0.00019263157894736842,0.052631578947368425
255,-3.378125,200,0,0,1,0.043137254901960784,0.05,1.0,1.0,0.01129289876682822,0.011833311479451368,0.017635460258374223,0.07631578947368421,0.00019263157894736842,0.052631578947368425
256,-0.6160000000000018,200,0,0,1,0.04296875,0.05,1.0,1.0,0.002907313780665743,0.011179938601329922,0.017372129568830132,0.07631578947368421,0.00019263157894736842,0.052631578947368425
257,22.26090625,9,1,1,1,0.04669260700389105,0.055,1.0,1.0,0.003094594360135521,0.011246683183591812,0.017445190825033933,0.07631578947368421,0.00019263157894736842,0.052631578947368425
258,-0.6261250000000016,200,0,0,1,0.046511627906976744,0.055,1.0,1.0,-0.000498976215550179,0.0048498630097601565,0.011516931080957875,0.07594736842105264,0.00019189473684210528,0.05789473684210526
259,-0.5392812500000017,200,0,0,1,0.04633204633204633,0.055,1.0,1.0,-0.0009961708527408267,0.0047975099118193615,0.011660164327477105,0.07594736842105264,0.00019189473684210528,0.05789473684210526
260,22.00125,54,1,1,1,0.05,0.06,1.0,1.0,-0.0007520501406456647,0.004828468870255165,0.011791506384150125,0.07594736842105264,0.00019189473684210528,0.05789473684210526
261,-3.267375000000001,200,0,0,1,0.04980842911877394,0.06,1.0,1.0,0.00032984186236633957,-0.001000382355065085,0.0059574884466128426,0.07557894736842105,0.0001911578947368421,0.06315789473684211
262,0.0076874999999984595,200,0,0,1,0.04961832061068702,0.06,1.0,1.0,0.0006447289737842921,-0.0009214401204371825,0.006181720368680544,0.07557894736842105,0.0001911578947368421,0.06315789473684211
263,-0.439656250000001,200,0,0,1,0.049429657794676805,0.06,1.0,1.0,-8.807410129827446e-06,-0.0005268810889683664,0.005996778472326696,0.07557894736842105,0.0001911578947368421,0.06315789473684211
264,-0.5697500000000022,200,0,0,1,0.04924242424242424,0.06,1.0,1.0,-0.00020833691755123588,-0.00017627802328206598,0.005876595664070919,0.07557894736842105,0.0001911578947368421,0.06315789473684211
265,-2.8967187499999985,200,0,0,1,0.04905660377358491,0.06,1.0,1.0,-0.0008252041834109924,-0.0002818015086231753,0.005772383703733794,0.07557894736842105,0.0001911578947368421,0.06315789473684211
266,-2.8200000000000007,200,0,0,1,0.04887218045112782,0.06,1.0,1.0,-0.0010232831448408538,-0.0006259362264536321,0.005589676121715456,0.07557894736842105,0.0001911578947368421,0.06315789473684211
267,-0.41337500000000105,200,0,0,1,0.04868913857677903,0.06,1.0,1.0,0.0009824700393597605,-0.000184821977163665,0.006128853358211927,0.07557894736842105,0.0001911578947368421,0.06315789473684211
268,-2.9466250000000005,200,0,0,1,0.048507462686567165,0.06,1.0,1.0,0.0006263545081211684,-4.86719737527892e-05,0.006502757271635346,0.07557894736842105,0.0001911578947368421,0.06315789473684211
269,-2.9365937500000006,200,0,0,1,0.048327137546468404,0.06,1.0,1.0,-0.0005546856882085565,-0.00011743850086349994,0.006654489370179362,0.07557894736842105,0.0001911578947368421,0.06315789473684211
270,20.35625,151,1,0,1,0.04814814814814815,0.06,1.0,1.0,0.029375434715397636,0.006005883184145204,0.012813276226748712,0.07557894736842105,0.0001911578947368421,0.06315789473684211
271,-2.440406249999999,200,0,0,1,0.04797047970479705,0.06,1.0,1.0,0.00984507971784086,0.006016210546949879,0.012680922539671883,0.07557894736842105,0.0001911578947368421,0.06315789473684211
272,-0.4275000000000016,200,0,0,1,0.04779411764705882,0.06,1.0,1.0,0.003017368410203258,0.005236386709380895,0.01184911473793909,0.07557894736842105,0.0001911578947368421,0.06315789473684211
273,-2.747062499999999,200,0,0,1,0.047619047619047616,0.06,1.0,1.0,0.0013763806847747607,0.005329843535670079,0.011387855403474532,0.07557894736842105,0.0001911578947368421,0.06315789473684211
274,20.788625,130,1,0,1,0.04744525547445255,0.06,1.0,1.0,0.003016329333305278,0.005747727499692701,0.011780597739503719,0.07557894736842105,0.0001911578947368421,0.06315789473684211
275,21.17484375,118,1,0,1,0.04727272727272727,0.06,1.0,1.0,0.001582917968763535,0.005943240902968682,0.011707217585644684,0.07557894736842105,0.0001911578947368421,0.06315789473684211
276,-2.9636249999999986,200,0,0,1,0.04710144927536232,0.06,1.0,1.0,6.981901084778077e-05,-7.517654250841588e-05,0.005234354821848683,0.07557894736842105,0.0001911578947368421,0.06315789473684211
277,-2.48096875,200,0,0,1,0.04693140794223827,0.06,1.0,1.0,-0.0010131637439071582,-1.0178900323808194e-05,0.0058680170690640805,0.07557894736842105,0.0001911578947368421,0.06315789473684211
278,-3.1026249999999997,200,0,0,1,0.046762589928057555,0.06,1.0,1.0,-0.0007948577021305019,8.553182531613857e-05,0.006202666109311394,0.07557894736842105,0.0001911578947368421,0.06315789473684211
279,-2.1585937499999996,200,0,0,1,0.04659498207885305,0.06,1.0,1.0,0.001474594097102542,0.0005016415403224527,0.006222734417300671,0.07557894736842105,0.0001911578947368421,0.06315789473684211
280,-2.158749999999999,200,0,0,1,0.04642857142857143,0.06,1.0,1.0,0.0008840145124648748,-9.909773920662701e-05,0.006200452848570421,0.07557894736842105,0.0001911578947368421,0.06315789473684211
281,20.343531249999998,177,1,0,1,0.046263345195729534,0.06,1.0,1.0,0.0001551122071340758,2.8665976831689478e-05,0.005983329208334908,0.07557894736842105,0.0001911578947368421,0.06315789473684211
282,20.170937499999997,169,1,0,1,0.04609929078014184,0.06,1.0,1.0,0.03155463647298209,0.006639563279226423,0.01227714386023581,0.07557894736842105,0.0001911578947368421,0.06315789473684211
283,19.984624999999998,172,1,0,1,0.045936395759717315,0.06,1.0,1.0,0.01327423621587093,0.006622271790751256,0.012202511797077022,0.07557894736842105,0.0001911578947368421,0.06315789473684211
284,-0.007124999999999576,200,0,0,1,0.045774647887323945,0.06,1.0,1.0,0.006486151045423117,0.006983900029561482,0.012533479420118966,0.07557894736842105,0.0001911578947368421,0.06315789473684211
285,-0.24953125000000154,200,0,0,1,0.0456140350877193,0.055,1.0,1.0,0.0037473138433503483,0.007135304238414392,0.012965991309145466,0.07557894736842105,0.0001911578947368421,0.06315789473684211
286,-2.7039375000000003,200,0,0,1,0.045454545454545456,0.055,1.0,1.0,0.0008232684431704082,0.0069071406421717255,0.012679325813660398,0.07594736842105264,0.00019189473684210528,0.05789473684210526
287,-2.8500000000000005,200,0,0,1,0.04529616724738676,0.055,1.0,1.0,-0.00018221107113874105,0.00642767337244004,0.012563017572276295,0.07594736842105264,0.00019189473684210528,0.05789473684210526
288,-0.5319999999999971,200,0,0,1,0.04513888888888889,0.055,1.0,1.0,0.0001950647362323883,0.0004903960407245904,0.006392338190926239,0.07594736842105264,0.00019189473684210528,0.05789473684210526
289,-2.6880625000000005,200,0,0,1,0.04498269896193772,0.055,1.0,1.0,0.00027002335035437386,0.0003125712920445949,0.005629353794036433,0.07594736842105264,0.00019189473684210528,0.05789473684210526
290,-2.8740625000000013,200,0,0,1,0.04482758620689655,0.055,1.0,1.0,-0.0008608635960166681,-0.00042862859391607346,0.004560685564065352,0.07594736842105264,0.00019189473684210528,0.05789473684210526
291,-0.4722812499999982,200,0,0,1,0.044673539518900345,0.055,1.0,1.0,-0.0017514619525703101,-0.0006630522476043552,0.005114851312479005,0.07594736842105264,0.00019189473684210528,0.05789473684210526
292,-3.0817500000000004,200,0,0,1,0.04452054794520548,0.055,1.0,1.0,-0.0013872523385785418,-0.0008748974581249059,0.005173565581906587,0.07594736842105264,0.00019189473684210528,0.05789473684210526
293,-2.6583125000000014,200,0,0,1,0.04436860068259386,0.055,1.0,1.0,-0.0004659166086106362,-0.0009170617943163961,0.005444452754920348,0.07594736842105264,0.00019189473684210528,0.05789473684210526
294,-2.684187499999997,200,0,0,1,0.04421768707482993,0.055,1.0,1.0,-0.001051566432841017,-0.001121427935489919,0.006142054828407709,0.07594736842105264,0.00019189473684210528,0.05789473684210526
295,21.2046875,108,1,0,1,0.04406779661016949,0.055,1.0,1.0,-0.0006048754780746409,-0.0010073965866467915,0.006090331351442728,0.07594736842105264,0.00019189473684210528,0.05789473684210526
296,-0.5185000000000014,200,0,0,1,0.04391891891891892,0.055,1.0,1.0,0.001873324912691153,-0.0002718413543771021,0.006802497311786283,0.07594736842105264,0.00019189473684210528,0.05789473684210526
297,-0.7999999999999995,200,0,0,1,0.04377104377104377,0.055,1.0,1.0,8.858881163742298e-06,-2.934488089522347e-05,0.0065073509193607606,0.07594736842105264,0.00019189473684210528,0.05789473684210526
298,-0.7443125000000014,200,0,0,1,0.0436241610738255,0.055,1.0,1.0,-0.0010998478392703495,-0.0002176044806255959,0.006425473223964218,0.07594736842105264,0.00019189473684210528,0.05789473684210526
299,20.515249999999998,179,1,0,1,0.043478260869565216,0.055,1.0,1.0,-0.0003263318388389845,-0.0002886027282802388,0.006552201691665687,0.07594736842105264,0.00019189473684210528,0.05789473684210526
300,-0.14625000000000193,200,0,0,1,0.043333333333333335,0.055,1.0,1.0,-0.0009267244564334794,-0.00016020771500188858,0.00640673996123951,0.07594736842105264,0.00019189473684210528,0.05789473684210526
301,21.842375,40,1,1,1,0.046511627906976744,0.06,1.0,1.0,-0.0011937593484564358,-0.0004445913151139393,0.006269241613685153,0.07594736842105264,0.00019189473684210528,0.05789473684210526
302,-0.44331249999999933,200,0,0,1,0.046357615894039736,0.055,1.0,1.0,0.0015356936754788181,-0.0004246047300985083,0.006033560444717295,0.07557894736842105,0.0001911578947368421,0.06315789473684211
303,-0.16234375000000056,200,0,0,1,0.0462046204620462,0.055,1.0,1.0,0.0031521688514969184,0.00021265320933889597,0.006422377182985656,0.07594736842105264,0.00019189473684210528,0.05789473684210526
304,-0.4580000000000003,200,0,0,1,0.046052631578947366,0.055,1.0,1.0,-0.0002595306093975957,3.782167076133192e-05,0.0065866964275483044,0.07594736842105264,0.00019189473684210528,0.05789473684210526
305,20.56734375,143,1,0,1,0.04590163934426229,0.055,1.0,1.0,0.031889421627744434,0.006628405401716009,0.012918780732667074,0.07594736842105264,0.00019189473684210528,0.05789473684210526
306,20.7480625,151,1,0,1,0.0457516339869281,0.055,1.0,1.0,0.04490683829747188,0.012753051995532587,0.01879801387875341,0.07594736842105264,0.00019189473684210528,0.05789473684210526
307,20.3924375,163,1,0,1,0.04560260586319218,0.055,1.0,1.0,0.01920949579407073,0.012754578807624057,0.018957720232894645,0.07594736842105264,0.00019189473684210528,0.05789473684210526
308,-0.563875000000001,200,0,0,1,0.045454545454545456,0.055,1.0,1.0,0.00814258392420486,0.013143105181865395,0.01919042148813605,0.07594736842105264,0.00019189473684210528,0.05789473684210526
309,-0.6339687500000014,200,0,0,1,0.045307443365695796,0.055,1.0,1.0,0.0029606069786152892,0.012703267961973325,0.018504815411521124,0.07594736842105264,0.00019189473684210528,0.05789473684210526
310,22.141875,39,1,1,1,0.04838709677419355,0.06,1.0,1.0,0.005561946833056348,0.013435624684439972,0.01905534634529613,0.07594736842105264,0.00019189473684210528,0.05789473684210526
311,-3.1605624999999984,200,0,0,1,0.04823151125401929,0.06,1.0,1.0,0.0006085132928793247,0.012718349888222293,0.01860460569499992,0.07557894736842105,0.0001911578947368421,0.06315789473684211
312,-0.27850000000000164,200,0,0,1,0.04807692307692308,0.055,1.0,1.0,0.0005131179309409793,0.0007153665844816714,0.006298217070056126,0.07557894736842105,0.0001911578947368421,0.06315789473684211
313,-0.09346875000000063,200,0,0,1,0.04792332268370607,0.055,1.0,1.0,-0.0006430651047625199,0.0005274822497740388,0.006538096674717963,0.07594736842105264,0.00019189473684210528,0.05789473684210526
314,-0.8100000000000023,200,0,0,1,0.04777070063694268,0.055,1.0,1.0,-0.001895893019561986,-0.0004640923400875181,0.006076762031530961,0.07594736842105264,0.00019189473684210528,0.05789473684210526
315,20.9621875,183,1,0,1,0.047619047619047616,0.055,1.0,1.0,0.029384768404597635,0.005615173573140055,0.012327453216072173,0.07594736842105264,0.00019189473684210528,0.05789473684210526
316,-2.8848750000000014,200,0,0,1,0.04746835443037975,0.05,1.0,1.0,0.009983220764950836,0.005179358033463359,0.01148274346254766,0.07594736842105264,0.00019189473684210528,0.05789473684210526
317,20.205468749999998,169,1,0,1,0.0473186119873817,0.05,1.0,1.0,0.003666411190117161,0.0049555170494131745,0.011629824582953006,0.07631578947368421,0.00019263157894736842,0.052631578947368425
318,-0.6798750000000007,200,0,0,1,0.04716981132075472,0.05,1.0,1.0,0.0008485409618780099,0.00501687123789452,0.011512827828759328,0.07631578947368421,0.00019263157894736842,0.052631578947368425
319,20.090125,153,1,0,1,0.047021943573667714,0.05,1.0,1.0,0.030133887829308932,0.011168867029482499,0.017362509505590425,0.07631578947368421,0.00019263157894736842,0.052631578947368425
320,-0.5550000000000016,200,0,0,1,0.046875,0.05,1.0,1.0,0.009687265782947797,0.010946817565243691,0.017405128987971693,0.07631578947368421,0.00019263157894736842,0.052631578947368425
321,-2.7200625,200,0,0,1,0.04672897196261682,0.05,1.0,1.0,0.0028292959820308667,0.004860888921888545,0.01151481730188243,0.07631578947368421,0.00019263157894736842,0.052631578947368425
322,0.30937499999999846,200,0,0,1,0.046583850931677016,0.05,1.0,1.0,4.0912647468913625e-05,0.004696620936738327,0.011477431463776156,0.07631578947368421,0.00019263157894736842,0.052631578947368425
323,-3.379812499999999,200,0,0,1,0.04643962848297214,0.05,1.0,1.0,-0.0019002982417700906,0.004308055557077751,0.011384922031546011,0.07631578947368421,0.00019263157894736842,0.052631578947368425
324,-2.71025,200,0,0,1,0.046296296296296294,0.045,1.0,1.0,-0.0010694451437503508,-0.0016004572047386319,0.005418812016258016,0.07631578947368421,0.00019263157894736842,0.052631578947368425
325,-1.0700000000000016,200,0,0,1,0.046153846153846156,0.045,1.0,1.0,-0.0011720649982792095,-0.0014945968876127153,0.00499397835531272,0.07668421052631579,0.00019336842105263159,0.04736842105263158
326,-0.3807500000000017,200,0,0,1,0.046012269938650305,0.045,1.0,1.0,-0.0005810005624804927,-0.0012781061388086527,0.0049871515564154836,0.07668421052631579,0.00019336842105263159,0.04736842105263158
327,20.19346875,182,1,0,1,0.045871559633027525,0.04,1.0,1.0,0.029511203389588864,0.004919147989712655,0.0110483117448166,0.07668421052631579,0.00019336842105263159,0.04736842105263158
328,-0.6157500000000006,200,0,0,1,0.04573170731707317,0.04,1.0,1.0,0.010176340440862885,0.005303439187351614,0.010947270994540305,0.07705263157894737,0.00019410526315789475,0.04210526315789474
329,-2.79528125,200,0,0,1,0.04559270516717325,0.04,1.0,1.0,0.004331958371547649,0.005531590801198035,0.011053503752220422,0.07705263157894737,0.00019410526315789475,0.04210526315789474
330,-0.6506249999999997,200,0,0,1,0.045454545454545456,0.04,1.0,1.0,0.0013400502936038495,0.005737846723990515,0.011347846729448064,0.07705263157894737,0.00019410526315789475,0.04210526315789474
331,20.30328125,160,1,0,1,0.045317220543806644,0.035,1.0,1.0,0.0003836999816614503,0.005776460996828973,0.01136719479970634,0.07705263157894737,0.00019410526315789475,0.04210526315789474
332,-0.6161250000000014,200,0,0,1,0.045180722891566265,0.03,1.0,1.0,0.00028987232090757584,0.005842273669084534,0.011326076450990513,0.07742105263157895,0.0001948421052631579,0.0368421052631579
333,-2.8499999999999996,200,0,0,1,0.04504504504504504,0.03,1.0,1.0,0.0005459852735956639,3.963622637093067e-05,0.0056150425625964995,0.07778947368421053,0.00019557894736842106,0.031578947368421054
334,-0.7699999999999988,200,0,0,1,0.04491017964071856,0.03,1.0,1.0,-0.0001749040391856485,-2.5335935642942786e-05,0.0053598058798816055,0.07778947368421053,0.00019557894736842106,0.031578947368421054
335,-2.90453125,200,0,0,1,0.04477611940298507,0.03,1.0,1.0,-2.9982033214306653e-05,-0.000141014110064134,0.005315060097491369,0.07778947368421053,0.00019557894736842106,0.031578947368421054
336,-0.11300000000000092,200,0,0,1,0.044642857142857144,0.03,1.0,1.0,0.0004519580630498336,5.785387242212891e-06,0.0053124293086584656,0.07778947368421053,0.00019557894736842106,0.031578947368421054
337,21.576812500000003,74,1,1,1,0.04747774480712166,0.035,1.0,1.0,0.03073092285978141,0.006229395773028955,0.01130560876824893,0.07778947368421053,0.00019557894736842106,0.031578947368421054
338,21.205499999999997,120,1,0,1,0.047337278106508875,0.035,1.0,1.0,0.019212658996402933,0.006897223813692108,0.011982323642587289,0.07742105263157895,0.0001948421052631579,0.0368421052631579
339,-0.32796875000000136,200,0,0,1,0.0471976401179941,0.035,1.0,1.0,0.006252280819803643,0.006542021620785817,0.011532361349323764,0.07742105263157895,0.0001948421052631579,0.0368421052631579
340,-3.4174999999999964,200,0,0,1,0.047058823529411764,0.035,1.0,1.0,0.0002566762950558486,0.005860309009207413,0.011682744813384488,0.07742105263157895,0.0001948421052631579,0.0368421052631579
341,-2.1095937500000015,200,0,0,1,0.0469208211143695,0.035,1.0,1.0,-0.0003471276965573239,0.005751087369397283,0.011561921432614326,0.07742105263157895,0.0001948421052631579,0.0368421052631579
342,-2.8500000000000014,200,0,0,1,0.04678362573099415,0.035,1.0,1.0,-0.0006422714534348887,0.005481469068676233,0.012137586614117027,0.07742105263157895,0.0001948421052631579,0.0368421052631579
343,-0.15431249999999658,200,0,0,1,0.04664723032069971,0.035,1.0,1.0,-0.0003768995746559931,-0.0013265903673600405,0.005657214277191088,0.07742105263157895,0.0001948421052631579,0.0368421052631579
344,-0.393000000000002,200,0,0,1,0.046511627906976744,0.035,1.0,1.0,-0.00111681458906945,-0.001389967005699873,0.005802227567881345,0.07742105263157895,0.0001948421052631579,0.0368421052631579
345,-0.433125000000001,200,0,0,1,0.0463768115942029,0.035,1.0,1.0,0.0009193304597970408,-0.00037589758820831776,0.0062640355583280325,0.07742105263157895,0.0001948421052631579,0.0368421052631579
346,-2.635812499999998,200,0,0,1,0.046242774566473986,0.035,1.0,1.0,7.218352639463438e-06,-0.00034583313879556953,0.006374153808923438,0.07742105263157895,0.0001948421052631579,0.0368421052631579
347,-2.189218750000001,200,0,0,1,0.04610951008645533,0.035,1.0,1.0,-0.0007635264566363796,-0.00039257488679140807,0.00612896881531924,0.07742105263157895,0.0001948421052631579,0.0368421052631579
348,-2.705875000000001,200,0,0,1,0.04597701149425287,0.035,1.0,1.0,-0.0004304718254672538,-0.00042191338539123536,0.006124179322272539,0.07742105263157895,0.0001948421052631579,0.0368421052631579
349,-2.5877187499999974,200,0,0,1,0.045845272206303724,0.035,1.0,1.0,-0.0007352154093669382,-0.00028656612266786397,0.0062194145743269475,0.07742105263157895,0.0001948421052631579,0.0368421052631579
350,21.47625,67,1,1,1,0.04857142857142857,0.04,1.0,1.0,-0.0002448414555145468,-0.00015388891682960093,0.006209553383523598,0.07742105263157895,0.0001948421052631579,0.0368421052631579
351,-3.1280624999999995,200,0,0,1,0.04843304843304843,0.04,1.0,1.0,0.00033043356999080156,-0.00040521751809865234,0.005530081708915531,0.07705263157894737,0.00019410526315789475,0.04210526315789474
352,-0.4480000000000003,200,0,0,1,0.048295454545454544,0.04,1.0,1.0,0.0015514858833506828,0.0003398848252836615,0.005977312801172957,0.07705263157894737,0.00019410526315789475,0.04210526315789474
353,-2.666031249999998,200,0,0,1,0.04815864022662889,0.04,1.0,1.0,0.0004762002994066259,0.00046280625043436884,0.005516911423299462,0.07705263157894737,0.00019410526315789475,0.04210526315789474
354,-2.5681874999999996,200,0,0,1,0.0480225988700565,0.04,1.0,1.0,-0.0005349052581210357,0.0003067299097310752,0.005476862562121824,0.07705263157894737,0.00019410526315789475,0.04210526315789474
355,-0.3643750000000012,200,0,0,1,0.04788732394366197,0.04,1.0,1.0,-0.0014933299006587273,4.9701599404215814e-05,0.005235861571505665,0.07705263157894737,0.00019410526315789475,0.04210526315789474
356,-0.8261249999999996,200,0,0,1,0.047752808988764044,0.035,1.0,1.0,-0.00048393099033301604,5.810081562958658e-05,0.0052392325859982524,0.07705263157894737,0.00019410526315789475,0.04210526315789474
357,-0.6323125000000007,200,0,0,1,0.047619047619047616,0.035,1.0,1.0,-0.0002672085319574663,-0.0006506257448345423,0.004703040017746389,0.07742105263157895,0.0001948421052631579,0.0368421052631579
358,20.1290625,172,1,0,1,0.04748603351955307,0.035,1.0,1.0,0.030343815300348468,0.005509780412307009,0.011098991814302281,0.07742105263157895,0.0001948421052631579,0.0368421052631579
359,-0.8799999999999999,200,0,0,1,0.04735376044568245,0.035,1.0,1.0,0.010829871137594869,0.005487582004861906,0.010674021905055269,0.07742105263157895,0.0001948421052631579,0.0368421052631579
360,-0.6687499999999998,200,0,0,1,0.04722222222222222,0.035,1.0,1.0,0.003363870314875518,0.005561900743283331,0.011023904733359813,0.07742105263157895,0.0001948421052631579,0.0368421052631579
361,20.788593749999997,130,1,0,1,0.04709141274238227,0.035,1.0,1.0,0.004597826616596006,0.006231188945937902,0.011676282480824739,0.07742105263157895,0.0001948421052631579,0.0368421052631579
362,-0.10787499999999993,200,0,0,1,0.04696132596685083,0.035,1.0,1.0,0.0027665518977519937,0.006903273036703467,0.012355328200384975,0.07742105263157895,0.0001948421052631579,0.0368421052631579
363,-0.22171875000000127,200,0,0,1,0.046831955922865015,0.035,1.0,1.0,-0.00014391844176133887,0.006749023969983682,0.012709593530977144,0.07742105263157895,0.0001948421052631579,0.0368421052631579
364,-2.6827500000000013,200,0,0,1,0.046703296703296704,0.035,1.0,1.0,-0.0005374696620725288,0.000614995984826237,0.006778108713682741,0.07742105263157895,0.0001948421052631579,0.0368421052631579
365,-2.4656250000000006,200,0,0,1,0.04657534246575343,0.035,1.0,1.0,-0.00126977635751816,0.0005334445969201625,0.006911915013100952,0.07742105263157895,0.0001948421052631579,0.0368421052631579
366,22.1378125,36,1,1,1,0.04918032786885246,0.04,1.0,1.0,-0.0008941329125674034,0.0005002650719834492,0.0067538589286850765,0.07742105263157895,0.0001948421052631579,0.0368421052631579
367,-0.12881250000000144,200,0,0,1,0.04904632152588556,0.04,1.0,1.0,-0.0011990071512481644,-0.001097014271770604,0.005529877000604757,0.07705263157894737,0.00019410526315789475,0.04210526315789474
368,-0.44600000000000123,200,0,0,1,0.04891304347826087,0.04,1.0,1.0,-0.0007571043598646904,-0.0011431462060427294,0.005290798813453876,0.07705263157894737,0.00019410526315789475,0.04210526315789474
369,-0.28265625000000144,200,0,0,1,0.04878048780487805,0.04,1.0,1.0,-0.00019706545106068144,-0.0005899902622913942,0.005609934170148335,0.07705263157894737,0.00019410526315789475,0.04210526315789474
370,-2.5031249999999994,200,0,0,1,0.04864864864864865,0.04,1.0,1.0,-0.00021760407722113586,-0.0005294503715122118,0.005956923584104516,0.07705263157894737,0.00019410526315789475,0.04210526315789474
371,-0.6231874999999997,200,0,0,1,0.04851752021563342,0.04,1.0,1.0,-0.000522484852551342,-0.00041153571545146406,0.005704389017773792,0.07705263157894737,0.00019410526315789475,0.04210526315789474
372,-0.7232500000000018,200,0,0,1,0.04838709677419355,0.04,1.0,1.0,-0.000675947762966408,-0.0002515669362619519,0.00562092700228095,0.07705263157894737,0.00019410526315789475,0.04210526315789474
373,-2.6533124999999997,200,0,0,1,0.04825737265415549,0.04,1.0,1.0,-0.0005255327320145364,-0.00017513137217611073,0.005628894181922078,0.07705263157894737,0.00019410526315789475,0.04210526315789474
374,-3.0433125000000003,200,0,0,1,0.0481283422459893,0.04,1.0,1.0,-0.0012025687556164778,-0.0006752459984272718,0.005371667304076255,0.07705263157894737,0.00019410526315789475,0.04210526315789474
375,-0.36015625000000157,200,0,0,1,0.048,0.04,1.0,1.0,3.945209789081068e-05,-0.0005517372293397785,0.0055228270655497905,0.07705263157894737,0.00019410526315789475,0.04210526315789474
376,20.6295,145,1,0,1,0.047872340425531915,0.04,1.0,1.0,0.029980155813773793,0.005479924176004715,0.011484976984444074,0.07705263157894737,0.00019410526315789475,0.04210526315789474
377,21.5964375,40,1,1,1,0.050397877984084884,0.045,1.0,1.0,0.027426452388978565,0.006073872747947462,0.012038458352792077,0.07705263157894737,0.00019410526315789475,0.04210526315789474
378,-1.0100000000000002,200,0,0,1,0.05026455026455026,0.045,1.0,1.0,0.011243789789195487,0.006540036873542703,0.0127512322118273,0.07668421052631579,0.00019336842105263159,0.04736842105263158
379,-2.8700000000000006,200,0,0,1,0.05013192612137203,0.045,1.0,1.0,0.003480360818369665,0.006510270049911924,0.01260422549105715,0.07668421052631579,0.00019336842105263159,0.04736842105263158
380,-2.5837500000000015,200,0,0,1,0.05,0.045,1.0,1.0,0.0010073126421789988,0.006622300417046063,0.0127150264774682,0.07668421052631579,0.00019336842105263159,0.04736842105263158
381,-0.6407187500000016,200,0,0,1,0.049868766404199474,0.045,1.0,1.0,-0.00019490718839680198,0.006424490542267449,0.01229572294082027,0.07668421052631579,0.00019336842105263159,0.04736842105263158
382,-1.246125,200,0,0,1,0.049738219895287955,0.045,1.0,1.0,-0.0006002334193650951,-0.00031888307677581905,0.005766089135315269,0.07668421052631579,0.00019336842105263159,0.04736842105263158
383,21.331218749999998,104,1,0,1,0.04960835509138381,0.045,1.0,1.0,0.0021957156063370474,0.0003244796572253108,0.006441113162785768,0.07668421052631579,0.00019336842105263159,0.04736842105263158
384,-3.088999999999997,200,0,0,1,0.049479166666666664,0.045,1.0,1.0,0.00019931646904873486,-0.00010804651118814946,0.0058909302437677976,0.07668421052631579,0.00019336842105263159,0.04736842105263158
385,20.37078125,162,1,0,1,0.04935064935064935,0.045,1.0,1.0,0.02930244610341108,0.005840208149049431,0.01148094015242532,0.07668421052631579,0.00019336842105263159,0.04736842105263158
386,-0.5111875000000015,200,0,0,1,0.04922279792746114,0.045,1.0,1.0,0.009246115257885282,0.005563824645476416,0.011418418051442131,0.07668421052631579,0.00019336842105263159,0.04736842105263158
387,0.1261562499999985,200,0,0,1,0.04909560723514212,0.045,1.0,1.0,0.005618505213987906,0.006359513195231557,0.012209085801616311,0.07668421052631579,0.00019336842105263159,0.04736842105263158
388,-0.3756250000000005,200,0,0,1,0.04896907216494845,0.045,1.0,1.0,0.0005455845678784083,0.005473645797464997,0.011649596476461738,0.07668421052631579,0.00019336842105263159,0.04736842105263158
389,-2.8099999999999996,200,0,0,1,0.04884318766066838,0.045,1.0,1.0,-0.000760325531945197,0.005209029529127293,0.01139253961702343,0.07668421052631579,0.00019336842105263159,0.04736842105263158
390,-2.4815624999999994,200,0,0,1,0.04871794871794872,0.045,1.0,1.0,-0.00116339733865366,-0.000798211695277132,0.005517521599191241,0.07668421052631579,0.00019336842105263159,0.04736842105263158
391,-2.7272187499999996,200,0,0,1,0.04859335038363171,0.045,1.0,1.0,-0.0014894397472895735,-0.0006854738699039445,0.005131342647247948,0.07668421052631579,0.00019336842105263159,0.04736842105263158
392,21.090999999999998,92,1,0,1,0.04846938775510204,0.045,1.0,1.0,0.0011225343418814467,-0.00030103628791403026,0.005554871708271094,0.07668421052631579,0.00019336842105263159,0.04736842105263158
393,-3.1481562500000018,200,0,0,1,0.04834605597964377,0.045,1.0,1.0,-2.760926860906785e-06,-0.0008897707319119946,0.0049878751038340855,0.07668421052631579,0.00019336842105263159,0.04736842105263158
394,21.578812499999998,86,1,0,1,0.048223350253807105,0.045,1.0,1.0,0.002168799352003807,-6.190072780009359e-05,0.0056957867551827805,0.07668421052631579,0.00019336842105263159,0.04736842105263158
395,-2.7999999999999994,200,0,0,1,0.04810126582278481,0.045,1.0,1.0,-0.00045539971816841666,-8.738339645788074e-06,0.005775350393494591,0.07668421052631579,0.00019336842105263159,0.04736842105263158
396,-2.724750000000001,200,0,0,1,0.047979797979797977,0.045,1.0,1.0,-0.0008527210152528712,2.9398915823549032e-05,0.006001941617112607,0.07668421052631579,0.00019336842105263159,0.04736842105263158
397,-3.23778125,200,0,0,1,0.04785894206549118,0.045,1.0,1.0,-0.000669353626400541,0.0002688799239695072,0.006282010330818593,0.07668421052631579,0.00019336842105263159,0.04736842105263158
398,-1.0300000000000016,200,0,0,1,0.04773869346733668,0.045,1.0,1.0,-2.352324386615025e-06,0.00016379501717165112,0.006581145949196071,0.07668421052631579,0.00019336842105263159,0.04736842105263158
399,-3.472656250000002,200,0,0,1,0.047619047619047616,0.045,1.0,1.0,-0.0014911506003430573,-0.0009162595414090902,0.006416589905740693,0.07668421052631579,0.00019336842105263159,0.04736842105263158
400,20.182499999999997,166,1,0,1,0.0475,0.045,1.0,1.0,0.03138315203233643,0.005836133703123778,0.012834448703099043,0.07668421052631579,0.00019336842105263159,0.04736842105263158
401,-0.83,200,0,0,1,0.04738154613466334,0.045,1.0,1.0,0.01071025343026442,0.006024572931462899,0.013159992068773135,0.07668421052631579,0.00019336842105263159,0.04736842105263158
402,-0.6826875000000016,200,0,0,1,0.0472636815920398,0.045,1.0,1.0,0.0027992398024210908,0.005707195021212101,0.012804103823378682,0.07668421052631579,0.00019336842105263159,0.04736842105263158
403,20.4244375,168,1,0,1,0.04714640198511166,0.045,1.0,1.0,0.001404792133325808,0.005172460502013564,0.012080718852579594,0.07668421052631579,0.00019336842105263159,0.04736842105263158
404,-0.9299999999999999,200,0,0,1,0.04702970297029703,0.045,1.0,1.0,0.00019696257106243173,0.005807131863664836,0.011703466270584613,0.07668421052631579,0.00019336842105263159,0.04736842105263158
405,20.91171875,117,1,0,1,0.04691358024691358,0.045,1.0,1.0,0.030228212909085096,0.011992529792478309,0.017597484736004844,0.07668421052631579,0.00019336842105263159,0.04736842105263158
406,-0.9100000000000017,200,0,0,1,0.046798029556650245,0.045,1.0,1.0,0.009674826362781237,0.005247762550832704,0.011342740996507927,0.07668421052631579,0.00019336842105263159,0.04736842105263158
407,19.8236875,197,1,0,1,0.04668304668304668,0.045,1.0,1.0,0.0033409328048724543,0.005322077063610777,0.011222963588545099,0.07668421052631579,0.00019336842105263159,0.04736842105263158
408,-0.8377500000000013,200,0,0,1,0.04656862745098039,0.045,1.0,1.0,0.002650278180102263,0.005979783766204491,0.01220798286399804,0.07668421052631579,0.00019336842105263159,0.04736842105263158
409,-2.7177812500000003,200,0,0,1,0.04645476772616137,0.045,1.0,1.0,-0.00023068131057061794,0.005541475564241409,0.012667301804758608,0.07668421052631579,0.00019336842105263159,0.04736842105263158
410,-2.8799999999999977,200,0,0,1,0.046341463414634146,0.045,1.0,1.0,-0.00184803795918141,0.005126119459280744,0.012741683623520657,0.07668421052631579,0.00019336842105263159,0.04736842105263158
411,-2.655687500000001,200,0,0,1,0.046228710462287104,0.045,1.0,1.0,-0.001932748397347206,-0.0007762928993906826,0.006395666463999077,0.07668421052631579,0.00019336842105263159,0.04736842105263158
412,-0.4736250000000006,200,0,0,1,0.04611650485436893,0.045,1.0,1.0,-0.0012383374567731084,-0.0008209366577211768,0.006318698303075508,0.07668421052631579,0.00019336842105263159,0.04736842105263158
413,-2.8379062499999987,200,0,0,1,0.04600484261501211,0.045,1.0,1.0,-0.001563370480073849,-0.0015589023034553976,0.005487739164149389,0.07668421052631579,0.00019336842105263159,0.04736842105263158
414,21.380625,130,1,0,1,0.04589371980676329,0.045,1.0,1.0,0.028960606253996407,0.004463813963579014,0.011417700932128355,0.07668421052631579,0.00019336842105263159,0.04736842105263158
415,-2.5759375,200,0,0,1,0.04578313253012048,0.045,1.0,1.0,0.009474002150910236,0.004334794333670288,0.011660869823303074,0.07668421052631579,0.00019336842105263159,0.04736842105263158
416,20.15,175,1,0,1,0.04567307692307692,0.04,1.0,1.0,0.0025380992536552655,0.00434060885780491,0.011683981861686335,0.07668421052631579,0.00019336842105263159,0.04736842105263158
417,-0.27015625000000026,200,0,0,1,0.045563549160671464,0.04,1.0,1.0,0.00019052698931627934,0.004436760561075062,0.011743179904762655,0.07705263157894737,0.00019410526315789475,0.04210526315789474
418,21.149375,147,1,0,1,0.045454545454545456,0.04,1.0,1.0,0.0011791935561906038,0.00490880671958439,0.011820508639561012,0.07705263157894737,0.00019410526315789475,0.04210526315789474
419,21.2990625,124,1,0,1,0.045346062052505964,0.04,1.0,1.0,0.03345321504970373,0.0116931227510795,0.018408108529634773,0.07705263157894737,0.00019410526315789475,0.04210526315789474
420,-0.7062500000000004,200,0,0,1,0.04523809523809524,0.04,1.0,1.0,0.012054867570555518,0.005789222175488248,0.012224145931890234,0.07705263157894737,0.00019410526315789475,0.04210526315789474
421,-2.969999999999999,200,0,0,1,0.04513064133016627,0.04,1.0,1.0,0.004113290749306346,0.006160952368285507,0.011684813341591507,0.07705263157894737,0.00019410526315789475,0.04210526315789474
422,19.970875,185,1,0,1,0.045023696682464455,0.04,1.0,1.0,0.0012312378059608161,0.006336759525816887,0.011721903522033244,0.07705263157894737,0.00019410526315789475,0.04210526315789474
423,-1.001781250000001,200,0,0,1,0.04491725768321513,0.04,1.0,1.0,-5.550776929870086e-05,0.006266893865307793,0.01201943270699121,0.07705263157894737,0.00019410526315789475,0.04210526315789474
424,-2.373,200,0,0,1,0.04481132075471698,0.04,1.0,1.0,-0.0005709649692920367,0.00527022673538886,0.011472466685110703,0.07705263157894737,0.00019410526315789475,0.04210526315789474
425,-0.493125000000001,200,0,0,1,0.04470588235294118,0.04,1.0,1.0,-6.657591044407051e-05,-0.0007316723221447318,0.005440188813721761,0.07705263157894737,0.00019410526315789475,0.04210526315789474
426,0.28687499999999966,200,0,0,1,0.04460093896713615,0.04,1.0,1.0,-0.0001709750844103539,-0.0005027344026602805,0.005566502858418971,0.07705263157894737,0.00019410526315789475,0.04210526315789474
427,-0.46503125000000134,200,0,0,1,0.04449648711943794,0.04,1.0,1.0,-0.0011142956417669809,-0.000658987098839134,0.005568604185711592,0.07705263157894737,0.00019410526315789475,0.04210526315789474
428,21.039749999999998,111,1,0,1,0.04439252336448598,0.04,1.0,1.0,0.029293931889831044,0.005545359328621998,0.011498542392393575,0.07705263157894737,0.00019410526315789475,0.04210526315789474
429,-0.8400000000000011,200,0,0,1,0.04428904428904429,0.04,1.0,1.0,0.010545699054451563,0.005533077711006627,0.011321641717338935,0.07705263157894737,0.00019410526315789475,0.04210526315789474
430,-2.718437500000001,200,0,0,1,0.044186046511627906,0.04,1.0,1.0,0.003164248557893714,0.005303045755252242,0.011047989748418332,0.07705263157894737,0.00019410526315789475,0.04210526315789474
431,-0.6984687500000011,200,0,0,1,0.04408352668213457,0.04,1.0,1.0,0.0015845048354144141,0.005684405612293631,0.012006082666572184,0.07705263157894737,0.00019410526315789475,0.04210526315789474
432,-0.9199999999999998,200,0,0,1,0.04398148148148148,0.04,1.0,1.0,0.002142645309463618,0.006401809496572241,0.012329300454119221,0.07705263157894737,0.00019410526315789475,0.04210526315789474
433,-0.7600000000000017,200,0,0,1,0.04387990762124711,0.04,1.0,1.0,0.00025146667618543316,0.00033495637495070695,0.006225950512103736,0.07705263157894737,0.00019410526315789475,0.04210526315789474
434,-0.4242500000000005,200,0,0,1,0.04377880184331797,0.04,1.0,1.0,-0.00039706287527192157,0.00029272549622692167,0.00618391406792216,0.07705263157894737,0.00019410526315789475,0.04210526315789474
435,-2.6771874999999983,200,0,0,1,0.04367816091954023,0.04,1.0,1.0,-0.0006175123515039431,0.00034889273205772044,0.006173940912354738,0.07705263157894737,0.00019410526315789475,0.04210526315789474
436,-2.6372500000000016,200,0,0,1,0.04357798165137615,0.04,1.0,1.0,-0.000818290343320907,-0.0001902287823613733,0.005556280336109921,0.07705263157894737,0.00019410526315789475,0.04210526315789474
437,-2.5259687500000005,200,0,0,1,0.043478260869565216,0.04,1.0,1.0,-0.0015438092713058987,-0.0010818579436745494,0.005435886502964422,0.07705263157894737,0.00019410526315789475,0.04210526315789474
438,20.007875,186,1,0,1,0.04337899543378995,0.04,1.0,1.0,0.0007387028609695084,-0.000423031349433586,0.006421034127241001,0.07705263157894737,0.00019410526315789475,0.04210526315789474
439,-2.464875000000001,200,0,0,1,0.04328018223234624,0.04,1.0,1.0,0.00030663100892207074,-0.00023580750916153193,0.006322905112989247,0.07705263157894737,0.00019410526315789475,0.04210526315789474
440,-2.456250000000001,200,0,0,1,0.04318181818181818,0.04,1.0,1.0,0.0006455025105661327,2.4749180302023887e-05,0.006462205735966563,0.07705263157894737,0.00019410526315789475,0.04210526315789474
441,21.039749999999998,132,1,0,1,0.04308390022675737,0.04,1.0,1.0,0.0017248743471742771,0.0006464153358247131,0.00700573622644879,0.07705263157894737,0.00019410526315789475,0.04210526315789474
442,-0.8900000000000016,200,0,0,1,0.042986425339366516,0.04,1.0,1.0,-0.0006948220458816567,0.0005232850448228419,0.006552318768110126,0.07705263157894737,0.00019410526315789475,0.04210526315789474
443,-2.8600000000000008,200,0,0,1,0.04288939051918736,0.04,1.0,1.0,-0.0013883512686168682,-0.0002299565481953323,0.005589703503530472,0.07705263157894737,0.00019410526315789475,0.04210526315789474
444,-0.21325000000000122,200,0,0,1,0.04279279279279279,0.04,1.0,1.0,-0.0011741036593832552,-0.0004236240314785391,0.005460425045574084,0.07705263157894737,0.00019410526315789475,0.04210526315789474
445,-2.920000000000001,200,0,0,1,0.04269662921348315,0.04,1.0,1.0,-0.0008663189745118947,-0.0004960274884942919,0.005618101943517104,0.07705263157894737,0.00019410526315789475,0.04210526315789474
446,-3.2631874999999995,200,0,0,1,0.042600896860986545,0.04,1.0,1.0,-0.0008440037820770046,-0.0013551276861689984,0.004972839762922376,0.07705263157894737,0.00019410526315789475,0.04210526315789474
447,21.12928125,136,1,0,1,0.042505592841163314,0.04,1.0,1.0,0.001127299293326508,-0.0006785758262121817,0.0057303707202518124,0.07705263157894737,0.00019410526315789475,0.04210526315789474
448,-2.7190000000000016,200,0,0,1,0.04241071428571429,0.04,1.0,1.0,0.00017749950217609933,-0.00034770131563709584,0.005998750933315023,0.07705263157894737,0.00019410526315789475,0.04210526315789474
449,-1.0209687500000004,200,0,0,1,0.042316258351893093,0.04,1.0,1.0,0.0012993149038099672,0.00033491398593469055,0.006784787377211615,0.07705263157894737,0.00019410526315789475,0.04210526315789474
450,-0.617187500000001,200,0,0,1,0.042222222222222223,0.04,1.0,1.0,-0.0008056884820901011,-1.4308367259218358e-05,0.006648895088917925,0.07705263157894737,0.00019410526315789475,0.04210526315789474
451,-3.1509062500000016,200,0,0,1,0.04212860310421286,0.04,1.0,1.0,-0.000540882949489386,9.459707084170077e-05,0.0066230523536069084,0.07705263157894737,0.00019410526315789475,0.04210526315789474
452,21.00525,114,1,0,1,0.0420353982300885,0.04,1.0,1.0,0.0016691140429866958,0.0007771700411103666,0.007212699328083545,0.07705263157894737,0.00019410526315789475,0.04210526315789474
453,22.20421875,26,1,1,1,0.04415011037527594,0.045,1.0,1.0,0.0017067060759568735,0.0002433427609503269,0.006588471757248044,0.07705263157894737,0.00019410526315789475,0.04210526315789474
454,0.046499999999997835,200,0,0,1,0.04405286343612335,0.045,1.0,1.0,0.0013587278214900584,0.0005022492739371955,0.00617823717230931,0.07668421052631579,0.00019336842105263159,0.04736842105263158
455,-0.8300000000000007,200,0,0,1,0.04395604395604396,0.045,1.0,1.0,0.0023508432370729472,0.0006761328799184411,0.006202120824018493,0.07668421052631579,0.00019336842105263159,0.04736842105263158
456,20.25375,165,1,0,1,0.043859649122807015,0.045,1.0,1.0,0.03175735098679083,0.007537193172844127,0.012578552194638177,0.07668421052631579,0.00019336842105263159,0.04736842105263158
457,-2.4378437500000016,200,0,0,1,0.0437636761487965,0.04,1.0,1.0,0.011265554609558033,0.007588329031364993,0.012639075270621107,0.07668421052631579,0.00019336842105263159,0.04736842105263158
458,-2.7993125,200,0,0,1,0.043668122270742356,0.04,1.0,1.0,0.004071067484592805,0.006985546531388536,0.012239105334272608,0.07705263157894737,0.00019410526315789475,0.04210526315789474
459,21.423281250000002,81,1,0,1,0.04357298474945534,0.04,1.0,1.0,0.032588570415200205,0.012952538653742521,0.018493672729004176,0.07705263157894737,0.00019410526315789475,0.04210526315789474
460,-3.3631250000000015,200,0,0,1,0.043478260869565216,0.035,1.0,1.0,0.010625530129527768,0.01245180319272913,0.01864717398188077,0.07705263157894737,0.00019410526315789475,0.04210526315789474
461,-3.0405937500000007,200,0,0,1,0.04338394793926247,0.035,1.0,1.0,0.002873798233296496,0.010975267849396914,0.01722576746204868,0.07742105263157895,0.0001948421052631579,0.0368421052631579
462,-0.4071875000000006,200,0,0,1,0.04329004329004329,0.035,1.0,1.0,0.0013372779587630986,0.0053444155952893195,0.011298498545307666,0.07742105263157895,0.0001948421052631579,0.0368421052631579
463,20.8231875,130,1,0,1,0.04319654427645788,0.035,1.0,1.0,-0.00023771738187667742,0.00506466023507528,0.011247133414493874,0.07742105263157895,0.0001948421052631579,0.0368421052631579
464,0.09349999999999896,200,0,0,1,0.04310344827586207,0.035,1.0,1.0,0.0012509333165865214,0.005623161547351628,0.011699831474106758,0.07742105263157895,0.0001948421052631579,0.0368421052631579
465,-0.37812499999999727,200,0,0,1,0.043010752688172046,0.035,1.0,1.0,-0.00021871697942694952,-0.00053606714354828,0.005942061711568385,0.07742105263157895,0.0001948421052631579,0.0368421052631579
466,-0.40825000000000095,200,0,0,1,0.04291845493562232,0.035,1.0,1.0,-0.0009087226321722803,-0.0002797233215533197,0.005879805095028132,0.07742105263157895,0.0001948421052631579,0.0368421052631579
467,-0.3279687500000008,200,0,0,1,0.042826552462526764,0.035,1.0,1.0,-0.0013364636997514865,-0.0004849048051983118,0.005842212613672018,0.07742105263157895,0.0001948421052631579,0.0368421052631579
468,20.803,143,1,0,1,0.042735042735042736,0.035,1.0,1.0,0.0289382369157876,0.005507247554371133,0.011846549160545693,0.07742105263157895,0.0001948421052631579,0.0368421052631579
469,-0.7996562500000013,200,0,0,1,0.042643923240938165,0.035,1.0,1.0,0.010354180484643372,0.00502759866300039,0.01067981526744552,0.07742105263157895,0.0001948421052631579,0.0368421052631579
470,-2.8196874999999997,200,0,0,1,0.0425531914893617,0.035,1.0,1.0,0.003257616047014795,0.005150489638675935,0.01044514179311227,0.07742105263157895,0.0001948421052631579,0.0368421052631579
471,-2.919999999999997,200,0,0,1,0.04246284501061571,0.035,1.0,1.0,0.0005268705060396973,0.004998972598114051,0.010428006974398158,0.07742105263157895,0.0001948421052631579,0.0368421052631579
472,-2.970250000000001,200,0,0,1,0.0423728813559322,0.035,1.0,1.0,-0.0005067895852474478,0.005073446258087642,0.01073241950373631,0.07742105263157895,0.0001948421052631579,0.0368421052631579
473,-0.4289062500000009,200,0,0,1,0.042283298097251586,0.035,1.0,1.0,2.479065200798728e-05,-0.0004699994042748585,0.005701583464280702,0.07742105263157895,0.0001948421052631579,0.0368421052631579
474,-2.9198124999999977,200,0,0,1,0.04219409282700422,0.035,1.0,1.0,-0.00010961615701802653,-0.0003863987986696884,0.006179125374066644,0.07742105263157895,0.0001948421052631579,0.0368421052631579
475,-2.6196875000000013,200,0,0,1,0.042105263157894736,0.035,1.0,1.0,-0.0003162109940702186,-0.0004401618847623467,0.006238862797617912,0.07742105263157895,0.0001948421052631579,0.0368421052631579
476,-2.880000000000001,200,0,0,1,0.04201680672268908,0.035,1.0,1.0,0.00021330814033104778,-0.00014528861339204013,0.0063568947974126785,0.07742105263157895,0.0001948421052631579,0.0368421052631579
477,-3.170281250000001,200,0,0,1,0.041928721174004195,0.035,1.0,1.0,-0.000936740951124747,-0.00025443554646335543,0.006330299006542191,0.07742105263157895,0.0001948421052631579,0.0368421052631579
478,-3.010125,200,0,0,1,0.04184100418410042,0.035,1.0,1.0,-0.0011664405911537442,-0.0007652777645271271,0.005778092260239646,0.07742105263157895,0.0001948421052631579,0.0368421052631579
479,-2.5399375,200,0,0,1,0.04175365344467641,0.035,1.0,1.0,-0.0014920880807386843,-0.0010850232255179436,0.005568708722712472,0.07742105263157895,0.0001948421052631579,0.0368421052631579
480,20.74,168,1,0,1,0.041666666666666664,0.035,1.0,1.0,-0.0008517298175338963,-0.0007740646554157138,0.005601467027328909,0.07742105263157895,0.0001948421052631579,0.0368421052631579
481,-0.5800937500000009,200,0,0,1,0.04158004158004158,0.035,1.0,1.0,0.0012291602749871673,-0.0004339499736670405,0.005924740210408345,0.07742105263157895,0.0001948421052631579,0.0368421052631579
482,21.8396875,45,1,1,1,0.043568464730290454,0.04,1.0,1.0,0.0337681529684397,0.006169909654650837,0.012478821200784296,0.07742105263157895,0.0001948421052631579,0.0368421052631579
483,22.14953125,32,1,1,1,0.045548654244306416,0.045,1.0,1.0,0.028694618784227008,0.006149703587871045,0.012523420460987837,0.07705263157894737,0.00019410526315789475,0.04210526315789474
484,-1.1596250000000012,200,0,0,1,0.045454545454545456,0.045,1.0,1.0,0.010283695261214946,0.0063830556636676195,0.012438345815055072,0.07668421052631579,0.00019336842105263159,0.04736842105263158
485,-2.700156249999996,200,0,0,1,0.04536082474226804,0.045,1.0,1.0,0.00274520276289301,0.00634205238847062,0.01213790630036965,0.07668421052631579,0.00019336842105263159,0.04736842105263158
486,0.09831249999999914,200,0,0,1,0.04526748971193416,0.045,1.0,1.0,0.000887852238919235,0.00641719179507345,0.012421001411043107,0.07668421052631579,0.00019336842105263159,0.04736842105263158
487,21.62803125,97,1,0,1,0.045174537987679675,0.045,1.0,1.0,0.030622001911537307,0.012500571191776545,0.01845638553565368,0.07668421052631579,0.00019336842105263159,0.04736842105263158
488,-0.7402500000000014,200,0,0,1,0.045081967213114756,0.045,1.0,1.0,0.010226987821869685,0.01185003425553441,0.018069584095850588,0.07668421052631579,0.00019336842105263159,0.04736842105263158
489,-3.1794375000000015,200,0,0,1,0.044989775051124746,0.045,1.0,1.0,0.002990789632241215,0.00500988366198726,0.011394484110875056,0.07668421052631579,0.00019336842105263159,0.04736842105263158
490,-0.25156249999999913,200,0,0,1,0.044897959183673466,0.045,1.0,1.0,0.0024959224113591926,0.005775995047995821,0.012154508776729927,0.07668421052631579,0.00019336842105263159,0.04736842105263158
491,-2.6006875,200,0,0,1,0.04480651731160896,0.045,1.0,1.0,0.00038461300435691507,0.005754880712367594,0.012142558186315,0.07668421052631579,0.00019336842105263159,0.04736842105263158
492,-2.5711250000000003,200,0,0,1,0.044715447154471545,0.045,1.0,1.0,-0.0004710515087135884,-0.0004965371671132743,0.0061364555316977204,0.07668421052631579,0.00019336842105263159,0.04736842105263158
493,-3.1191875000000002,200,0,0,1,0.04462474645030426,0.045,1.0,1.0,-0.0010908638518928114,-0.0005314385965466499,0.005932516947388649,0.07668421052631579,0.00019336842105263159,0.04736842105263158
494,-2.7104374999999954,200,0,0,1,0.044534412955465584,0.045,1.0,1.0,-0.0008481669431449753,-0.0004095873066689819,0.005905181243782863,0.07668421052631579,0.00019336842105263159,0.04736842105263158
495,-0.4523437500000001,200,0,0,1,0.044444444444444446,0.045,1.0,1.0,-0.0011345037216485584,-0.001218767740065232,0.004986564731458202,0.07668421052631579,0.00019336842105263159,0.04736842105263158
496,-2.8800000000000012,200,0,0,1,0.04435483870967742,0.045,1.0,1.0,-0.001536877347480505,-0.0012708336641080677,0.005068782285321504,0.07668421052631579,0.00019336842105263159,0.04736842105263158
497,-0.8100000000000017,200,0,0,1,0.04426559356136821,0.045,1.0,1.0,-0.0016827644775035484,-0.0012922111537773161,0.005279599537374452,0.07668421052631579,0.00019336842105263159,0.04736842105263158
498,-0.21393750000000045,200,0,0,1,0.04417670682730924,0.045,1.0,1.0,-0.0013857221910540994,-0.0011808359597343951,0.005492481720866635,0.07668421052631579,0.00019336842105263159,0.04736842105263158
499,-0.7305937500000008,200,0,0,1,0.04408817635270541,0.045,1.0,1.0,-0.0012760816241008939,-0.0013163200477138161,0.0052753719100728635,0.07668421052631579,0.00019336842105263159,0.04736842105263158
500,-0.60125,200,0,0,1,0.044,0.045,1.0,1.0,-0.0012745483833062057,-0.0013335229370277375,0.005544716006843373,0.07668421052631579,0.00019336842105263159,0.04736842105263158
501,21.05803125,89,1,0,1,0.043912175648702596,0.04,1.0,1.0,0.028769221201887258,0.0045829618279822175,0.011623345454689115,0.07668421052631579,0.00019336842105263159,0.04736842105263158
502,-0.43343750000000164,200,0,0,1,0.043824701195219126,0.04,1.0,1.0,0.011508427367926302,0.005278359512798488,0.011742727878503502,0.07705263157894737,0.00019410526315789475,0.04210526315789474
503,-2.7107187499999936,200,0,0,1,0.0437375745526839,0.04,1.0,1.0,0.004091320606844539,0.005522906260797754,0.012073929729638621,0.07705263157894737,0.00019410526315789475,0.04210526315789474
504,-0.9407500000000001,200,0,0,1,0.04365079365079365,0.04,1.0,1.0,0.0007849978959393328,0.005579255833406933,0.011596740269917064,0.07705263157894737,0.00019410526315789475,0.04210526315789474
505,-2.4231250000000006,200,0,0,1,0.04356435643564356,0.04,1.0,1.0,-6.96093823132921e-05,0.005793492316384799,0.011618054298567587,0.07705263157894737,0.00019410526315789475,0.04210526315789474
506,21.223499999999998,120,1,0,1,0.043478260869565216,0.04,1.0,1.0,0.029735547203277556,0.011837313038180582,0.017575974984210915,0.07705263157894737,0.00019410526315789475,0.04210526315789474
507,-0.532531250000001,200,0,0,1,0.04339250493096647,0.04,1.0,1.0,0.009633849142468955,0.005070469537866302,0.010897765357862226,0.07705263157894737,0.00019410526315789475,0.04210526315789474
508,-0.5135000000000005,200,0,0,1,0.04330708661417323,0.04,1.0,1.0,0.002740104114555224,0.004995087696588598,0.010787904982105828,0.07705263157894737,0.00019410526315789475,0.04210526315789474
509,-3.1181875000000003,200,0,0,1,0.043222003929273084,0.04,1.0,1.0,0.0008292169164305101,0.004959264537552371,0.010995847850805148,0.07705263157894737,0.00019410526315789475,0.04210526315789474
510,-2.7309375,200,0,0,1,0.043137254901960784,0.035,1.0,1.0,-0.0006094885380855707,0.004950050873216242,0.011385552917141467,0.07705263157894737,0.00019410526315789475,0.04210526315789474
511,0.19934374999999874,200,0,0,1,0.043052837573385516,0.035,1.0,1.0,-0.0006449839614395597,-0.0012251861996483058,0.005381386208115146,0.07742105263157895,0.0001948421052631579,0.0368421052631579
512,-3.445999999999996,200,0,0,1,0.04296875,0.035,1.0,1.0,-0.0007782454378919899,-0.0010844910054001956,0.005392356176162139,0.07742105263157895,0.0001948421052631579,0.0368421052631579
513,-0.31618749999999973,200,0,0,1,0.042884990253411304,0.035,1.0,1.0,-0.0005513796281775812,-0.0009561741347424685,0.005357691358309239,0.07742105263157895,0.0001948421052631579,0.0368421052631579
514,-2.6910625000000015,200,0,0,1,0.042801556420233464,0.035,1.0,1.0,-0.001857845217209966,-0.0013006794906686991,0.005443342265440151,0.07742105263157895,0.0001948421052631579,0.0368421052631579
515,-0.6421875000000012,200,0,0,1,0.04271844660194175,0.035,1.0,1.0,0.0005187841833660403,-0.0005168179124593735,0.005840272609144449,0.07742105263157895,0.0001948421052631579,0.0368421052631579
516,-0.1378750000000007,200,0,0,1,0.04263565891472868,0.035,1.0,1.0,6.930253502395698e-05,-0.0003596884086728096,0.00587117800861597,0.07742105263157895,0.0001948421052631579,0.0368421052631579
517,-0.3457812500000007,200,0,0,1,0.0425531914893617,0.035,1.0,1.0,-0.000370814878107821,-0.00031475850730203095,0.005898412151029334,0.07742105263157895,0.0001948421052631579,0.0368421052631579
518,-0.15831250000000113,200,0,0,1,0.04247104247104247,0.035,1.0,1.0,-0.0012963218493987677,-0.0005106388845015317,0.005822362392442301,0.07742105263157895,0.0001948421052631579,0.0368421052631579
519,-0.43487500000000023,200,0,0,1,0.04238921001926782,0.035,1.0,1.0,-0.0005953658477610563,-0.00014374468289315702,0.005656801434233785,0.07742105263157895,0.0001948421052631579,0.0368421052631579
520,-2.7225,200,0,0,1,0.04230769230769231,0.035,1.0,1.0,-0.0012605757581117634,-0.0009699647179804743,0.005204193828161806,0.07742105263157895,0.0001948421052631579,0.0368421052631579
521,20.47359375,144,1,0,1,0.04222648752399232,0.035,1.0,1.0,0.0003965964276848842,-0.0005911286445334554,0.0057438788870349524,0.07742105263157895,0.0001948421052631579,0.0368421052631579
522,-0.03050000000000033,200,0,0,1,0.0421455938697318,0.035,1.0,1.0,0.0021035303395773876,-1.5313688665628434e-05,0.006385728914290667,0.07742105263157895,0.0001948421052631579,0.0368421052631579
523,0.1179062499999995,200,0,0,1,0.04206500956022945,0.035,1.0,1.0,0.001063719015272595,0.0002200982526410371,0.006699439991964027,0.07742105263157895,0.0001948421052631579,0.0368421052631579
524,-1.018625000000001,200,0,0,1,0.04198473282442748,0.035,1.0,1.0,-0.00031961947954405273,0.0002992365504615009,0.006483593766111881,0.07742105263157895,0.0001948421052631579,0.0368421052631579
525,21.3115625,80,1,0,1,0.0419047619047619,0.035,1.0,1.0,0.0018668395073387725,0.0008120757702272385,0.006888841399224475,0.07742105263157895,0.0001948421052631579,0.0368421052631579
526,-2.5743124999999973,200,0,0,1,0.04182509505703422,0.035,1.0,1.0,0.00027532092950219864,0.0010502330020535737,0.006598450512392447,0.07742105263157895,0.0001948421052631579,0.0368421052631579
527,-0.7314687500000006,200,0,0,1,0.04174573055028463,0.035,1.0,1.0,-0.00030880419702837634,0.0005250792980659753,0.006096988611621782,0.07742105263157895,0.0001948421052631579,0.0368421052631579
528,21.6225,67,1,1,1,0.043560606060606064,0.04,1.0,1.0,0.030008826152404668,0.00665156536269933,0.0121213923310861,0.07742105263157895,0.0001948421052631579,0.0368421052631579
529,-2.504593749999997,200,0,0,1,0.043478260869565216,0.04,1.0,1.0,0.010869316993103976,0.006032708528218791,0.011360420293407515,0.07705263157894737,0.00019410526315789475,0.04210526315789474
530,-0.8015625000000014,200,0,0,1,0.04339622641509434,0.04,1.0,1.0,0.002871196744208204,0.005863787134177983,0.011518144491128623,0.07705263157894737,0.00019410526315789475,0.04210526315789474
531,-2.791593749999999,200,0,0,1,0.04331450094161959,0.04,1.0,1.0,-5.40750796044016e-05,0.005074290138436481,0.011172219156520441,0.07705263157894737,0.00019410526315789475,0.04210526315789474
532,-2.4948749999999964,200,0,0,1,0.043233082706766915,0.04,1.0,1.0,0.0004365934039875052,0.005428832615492866,0.011397998710395768,0.07705263157894737,0.00019410526315789475,0.04210526315789474
533,-0.013250000000001858,200,0,0,1,0.043151969981238276,0.04,1.0,1.0,0.0019429624814194116,-1.0669158218661323e-05,0.005976409019349376,0.07705263157894737,0.00019410526315789475,0.04210526315789474
534,-0.20012500000000089,200,0,0,1,0.04307116104868914,0.04,1.0,1.0,0.0004092488227494045,-2.4594618153059856e-05,0.006292955357726896,0.07705263157894737,0.00019410526315789475,0.04210526315789474
535,-0.1903125000000001,200,0,0,1,0.04299065420560748,0.04,1.0,1.0,-0.000196465431842664,0.00015340116791776382,0.00633434941075393,0.07705263157894737,0.00019410526315789475,0.04210526315789474
536,-0.34875000000000167,200,0,0,1,0.04291044776119403,0.04,1.0,1.0,-0.0013762529271538816,5.9467985382070765e-05,0.006293627233157168,0.07705263157894737,0.00019410526315789475,0.04210526315789474
537,-0.665343750000001,200,0,0,1,0.04283054003724395,0.035,1.0,1.0,0.00023360609872586242,0.00011960733638261445,0.006798111007054104,0.07705263157894737,0.00019410526315789475,0.04210526315789474
538,-3.312749999999998,200,0,0,1,0.04275092936802974,0.035,1.0,1.0,-0.00048663715014376715,-0.0006469568655011244,0.005991250374179799,0.07742105263157895,0.0001948421052631579,0.0368421052631579
539,-0.948156250000001,200,0,0,1,0.04267161410018553,0.035,1.0,1.0,0.00013804360000655756,-0.0003536748663173057,0.006589994404523168,0.07742105263157895,0.0001948421052631579,0.0368421052631579
540,-3.1762500000000005,200,0,0,1,0.04259259259259259,0.035,1.0,1.0,-0.0016412311630972247,-0.0007748444940079935,0.006478715695731808,0.07742105263157895,0.0001948421052631579,0.0368421052631579
541,-0.8799999999999986,200,0,0,1,0.04251386321626617,0.035,1.0,1.0,-0.0011434424233040669,-0.0005035490715526975,0.006498605447413866,0.07742105263157895,0.0001948421052631579,0.0368421052631579
542,-0.24968750000000145,200,0,0,1,0.042435424354243544,0.035,1.0,1.0,-0.001146022555575334,-0.0008327007822226733,0.006330930487019941,0.07742105263157895,0.0001948421052631579,0.0368421052631579
543,19.74015625,200,1,0,1,0.0423572744014733,0.035,1.0,1.0,-0.00047076286649059315,-0.0006704669673927128,0.0068094346639700236,0.07742105263157895,0.0001948421052631579,0.0368421052631579
544,-3.008,200,0,0,1,0.042279411764705885,0.035,1.0,1.0,-0.000558007794573145,-0.00103755449061282,0.006248206972377375,0.07742105263157895,0.0001948421052631579,0.0368421052631579
545,0.053749999999999146,200,0,0,1,0.04220183486238532,0.035,1.0,1.0,-0.0006189237860880438,-0.0006088496067095548,0.0065080484312493355,0.07742105263157895,0.0001948421052631579,0.0368421052631579
546,21.4855625,94,1,0,1,0.04212454212454213,0.035,1.0,1.0,0.03235177578899951,0.006155616810778156,0.013086799235781654,0.07742105263157895,0.0001948421052631579,0.0368421052631579
547,20.167437500000002,173,1,0,1,0.04204753199268738,0.035,1.0,1.0,0.01306173035222469,0.00597427114774473,0.012894001074833796,0.07742105263157895,0.0001948421052631579,0.0368421052631579
548,20.573625,118,1,0,1,0.041970802919708027,0.035,1.0,1.0,0.03749670962375876,0.012153437149710953,0.01858512216154486,0.07742105263157895,0.0001948421052631579,0.0368421052631579
549,-2.870000000000001,200,0,0,1,0.04189435336976321,0.035,1.0,1.0,0.013085485756743785,0.012094556676456704,0.01823996764770709,0.07742105263157895,0.0001948421052631579,0.0368421052631579
550,-2.8500000000000005,200,0,0,1,0.04181818181818182,0.03,1.0,1.0,0.0032271238351818748,0.011658291493309662,0.018092744623543693,0.07742105263157895,0.0001948421052631579,0.0368421052631579
551,-0.5788750000000012,200,0,0,1,0.041742286751361164,0.03,1.0,1.0,0.00034043472526988346,0.01156234850315377,0.017896631621289998,0.07778947368421053,0.00019557894736842106,0.031578947368421054
552,-2.947750000000001,200,0,0,1,0.041666666666666664,0.03,1.0,1.0,-0.0010612805161327,0.004855095570441335,0.011342545599211008,0.07778947368421053,0.00019557894736842106,0.031578947368421054
553,-0.8700000000000015,200,0,0,1,0.04159132007233273,0.03,1.0,1.0,-0.0007507694770372245,-0.0013973636687733234,0.005459372068289667,0.07778947368421053,0.00019557894736842106,0.031578947368421054
554,20.1184375,166,1,0,1,0.04151624548736462,0.03,1.0,1.0,-0.0014476548239936084,-0.0016375158678274603,0.005594798656878993,0.07778947368421053,0.00019557894736842106,0.031578947368421054
555,-3.400625000000002,200,0,0,1,0.04144144144144144,0.03,1.0,1.0,-0.00037797529426465335,-0.0013041488339658827,0.0052958979045506565,0.07778947368421053,0.00019557894736842106,0.031578947368421054
556,-2.8800000000000012,200,0,0,1,0.04136690647482014,0.03,1.0,1.0,-0.0010969443658611548,-0.0012623020224273205,0.005082121197134256,0.07778947368421053,0.00019557894736842106,0.031578947368421054
557,-0.4120312500000015,200,0,0,1,0.04129263913824058,0.03,1.0,1.0,-0.0010270638519981464,-0.0009724106397479773,0.004867405572906137,0.07778947368421053,0.00019557894736842106,0.031578947368421054
558,-0.7448750000000013,200,0,0,1,0.04121863799283154,0.03,1.0,1.0,-0.0009237726326901675,-0.0010865435858722777,0.004731268040603026,0.07778947368421053,0.00019557894736842106,0.031578947368421054
559,20.197656249999998,166,1,0,1,0.04114490161001789,0.03,1.0,1.0,-0.0015794921257741047,-0.0010794769460335373,0.004984557812102139,0.07778947368421053,0.00019557894736842106,0.031578947368421054
560,20.695,140,1,0,1,0.04107142857142857,0.03,1.0,1.0,-0.0005472150083071217,-0.0008219459424726665,0.00500952436728403,0.07778947368421053,0.00019557894736842106,0.031578947368421054
561,-0.40012500000000145,200,0,0,1,0.040998217468805706,0.03,1.0,1.0,-0.0008647585806762229,-0.001202005259692669,0.005239497914910317,0.07778947368421053,0.00019557894736842106,0.031578947368421054
562,20.4271875,141,1,0,1,0.04092526690391459,0.03,1.0,1.0,0.029582490587148767,0.005149560887599364,0.010941383391385898,0.07778947368421053,0.00019557894736842106,0.031578947368421054
563,-2.74259375,200,0,0,1,0.04085257548845471,0.03,1.0,1.0,0.010355822813889956,0.0052156457288656385,0.011474035965045913,0.07778947368421053,0.00019557894736842106,0.031578947368421054
564,-2.7826250000000012,200,0,0,1,0.040780141843971635,0.03,1.0,1.0,0.0034949489604242994,0.005265171492472291,0.011574283780530095,0.07778947368421053,0.00019557894736842106,0.031578947368421054
565,-0.6753125000000002,200,0,0,1,0.04070796460176991,0.03,1.0,1.0,0.0009981523672881155,0.0053139998612459745,0.011197602231288328,0.07778947368421053,0.00019557894736842106,0.031578947368421054
566,21.44925,77,1,0,1,0.04063604240282685,0.025,1.0,1.0,0.03035058895855991,0.011248307459754869,0.01737446435098536,0.07778947368421053,0.00019557894736842106,0.031578947368421054
567,-2.9399999999999995,200,0,0,1,0.04056437389770723,0.025,1.0,1.0,0.011610444192030764,0.011584343205904589,0.01722413443797268,0.0781578947368421,0.00019631578947368423,0.026315789473684213
568,-0.46824999999999933,200,0,0,1,0.040492957746478875,0.025,1.0,1.0,0.004829421728377772,0.005666244509862736,0.011323805370135233,0.0781578947368421,0.00019631578947368423,0.026315789473684213
569,-2.6383437500000007,200,0,0,1,0.040421792618629174,0.025,1.0,1.0,0.001267579970324403,0.005854058339493349,0.010886649799300359,0.0781578947368421,0.00019631578947368423,0.026315789473684213
570,20.913124999999997,124,1,0,1,0.04035087719298246,0.025,1.0,1.0,0.0008010243604743226,0.005907695956528187,0.010885980293154716,0.0781578947368421,0.00019631578947368423,0.026315789473684213
571,-0.4213749999999995,200,0,0,1,0.040280210157618214,0.025,1.0,1.0,-0.000111994297644987,0.005854873614618555,0.010894427889725193,0.0781578947368421,0.00019631578947368423,0.026315789473684213
572,-0.15725000000000172,200,0,0,1,0.04020979020979021,0.025,1.0,1.0,0.002128095961504553,0.0003454458035994321,0.005415663462830707,0.0781578947368421,0.00019631578947368423,0.026315789473684213
573,21.798375,40,1,1,1,0.041884816753926704,0.03,1.0,1.0,0.004491764756047194,0.001003862545127049,0.006049519203370437,0.0781578947368421,0.00019631578947368423,0.026315789473684213
574,-0.9070624999999999,200,0,0,1,0.041811846689895474,0.03,1.0,1.0,0.0009120244761786829,0.0007377572138793767,0.006102150756400079,0.07778947368421053,0.00019557894736842106,0.031578947368421054
575,21.41921875,93,1,0,1,0.04173913043478261,0.03,1.0,1.0,0.00025162308107380866,0.0004960372701752931,0.005995440135942772,0.07778947368421053,0.00019557894736842106,0.031578947368421054
576,-3.241,200,0,0,1,0.041666666666666664,0.03,1.0,1.0,-0.0004925689515270962,0.000492309958441183,0.00604891431494616,0.07778947368421053,0.00019557894736842106,0.031578947368421054
577,-0.5390937500000001,200,0,0,1,0.0415944540727903,0.025,1.0,1.0,0.0002292975056791225,0.0007732498086988926,0.0068622493133880195,0.07778947368421053,0.00019557894736842106,0.031578947368421054
578,21.951625,51,1,1,1,0.04325259515570934,0.03,1.0,1.0,0.030063985838769364,0.006793977031949908,0.012980652306228876,0.0781578947368421,0.00019631578947368423,0.026315789473684213
579,21.50071875,60,1,1,1,0.044905008635578586,0.035,1.0,1.0,0.052773094234880996,0.012909094692906365,0.018807653453899547,0.07778947368421053,0.00019557894736842106,0.031578947368421054
580,21.8875,36,1,1,1,0.04655172413793104,0.04,1.0,1.0,0.07378128733606083,0.01889389948337339,0.024798991308314727,0.07742105263157895,0.0001948421052631579,0.0368421052631579
581,-1.05684375,200,0,0,1,0.04647160068846816,0.04,1.0,1.0,0.026141022987422987,0.017368153779068963,0.024049270108575,0.07705263157894737,0.00019410526315789475,0.04210526315789474
582,-2.8400000000000003,200,0,0,1,0.04639175257731959,0.04,1.0,1.0,0.008676660728134113,0.017324558350490408,0.02422360033239238,0.07705263157894737,0.00019410526315789475,0.04210526315789474
583,-2.4260937500000015,200,0,0,1,0.04631217838765009,0.04,1.0,1.0,0.0031345262777617163,0.017514098425628618,0.02418961117300205,0.07705263157894737,0.00019410526315789475,0.04210526315789474
584,-0.22625000000000045,200,0,0,1,0.046232876712328765,0.04,1.0,1.0,0.0005085651680844479,0.01690813476173207,0.023759450767654927,0.07705263157894737,0.00019410526315789475,0.04210526315789474
585,-2.8632812500000004,200,0,0,1,0.046153846153846156,0.04,1.0,1.0,-0.0007611788028384325,-0.0011433248426765204,0.005658425619825721,0.07705263157894737,0.00019410526315789475,0.04210526315789474
586,21.6235625,111,1,0,1,0.04607508532423208,0.04,1.0,1.0,-0.0004586151641600475,-0.0009345172122120857,0.005592086885124445,0.07705263157894737,0.00019410526315789475,0.04210526315789474
587,-2.6900312499999965,200,0,0,1,0.04599659284497445,0.04,1.0,1.0,-0.0007058073216114561,-0.0008320189816877246,0.005229479392524808,0.07705263157894737,0.00019410526315789475,0.04210526315789474
588,-0.540125000000002,200,0,0,1,0.04591836734693878,0.04,1.0,1.0,-0.0012453547487633377,-0.0010272754116449506,0.005758309737546369,0.07705263157894737,0.00019410526315789475,0.04210526315789474
589,21.2631875,67,1,1,1,0.04753820033955857,0.045,1.0,1.0,0.002098646910555339,-0.00042916699522174896,0.006428214597282931,0.07705263157894737,0.00019410526315789475,0.04210526315789474
590,21.715625000000003,92,1,0,1,0.04745762711864407,0.045,1.0,1.0,0.001051220093802616,-0.00033429388026706876,0.0061468043730128555,0.07668421052631579,0.00019336842105263159,0.04736842105263158
591,-0.850000000000001,200,0,0,1,0.047377326565143825,0.045,1.0,1.0,-0.0006840418342766476,-0.0004666940392926335,0.006265953342895955,0.07668421052631579,0.00019336842105263159,0.04736842105263158
592,-0.430500000000001,200,0,0,1,0.0472972972972973,0.045,1.0,1.0,0.0009744056576592375,0.0001432155701331794,0.0070079684248194095,0.07668421052631579,0.00019336842105263159,0.04736842105263158
593,21.405874999999998,74,1,1,1,0.048903878583473864,0.05,1.0,1.0,0.000844167750185968,0.00028669625404290853,0.006846345608355477,0.07668421052631579,0.00019336842105263159,0.04736842105263158
594,-2.7235625,200,0,0,1,0.04882154882154882,0.05,1.0,1.0,-0.0003710562747811527,0.00025025331997312604,0.0067002952282782646,0.07631578947368421,0.00019263157894736842,0.052631578947368425
595,21.566875,121,1,0,1,0.04873949579831933,0.05,1.0,1.0,0.02981212497337353,0.00653043021238409,0.012490263168001548,0.07631578947368421,0.00019263157894736842,0.052631578947368425
596,21.829125,39,1,1,1,0.050335570469798654,0.055,1.0,1.0,0.02666746314045757,0.006981295578414574,0.013022341198986397,0.07631578947368421,0.00019263157894736842,0.052631578947368425
597,20.674406249999997,147,1,0,1,0.05025125628140704,0.055,1.0,1.0,0.04289866298221047,0.012488190774107353,0.01831507082632743,0.07594736842105264,0.00019189473684210528,0.05789473684210526
598,-0.41843750000000196,200,0,0,1,0.05016722408026756,0.055,1.0,1.0,0.014763142392557682,0.012545234587509184,0.01827671445114538,0.07594736842105264,0.00019189473684210528,0.05789473684210526
599,-2.6537187499999972,200,0,0,1,0.05008347245409015,0.055,1.0,1.0,0.004664149139788037,0.01190966811729595,0.01742643153341487,0.07594736842105264,0.00019189473684210528,0.05789473684210526
600,-0.37500000000000067,200,0,0,1,0.05,0.055,1.0,1.0,0.0011713976678316591,0.011787573829526082,0.017655698638176544,0.07594736842105264,0.00019189473684210528,0.05789473684210526
601,-2.8275625000000018,200,0,0,1,0.04991680532445923,0.055,1.0,1.0,-0.000280422098643025,0.011676219122018666,0.017429487394634634,0.07594736842105264,0.00019189473684210528,0.05789473684210526
602,-0.1266875000000003,200,0,0,1,0.04983388704318937,0.055,1.0,1.0,0.00022995650681827506,-0.000794900079490617,0.005032380697550252,0.07594736842105264,0.00019189473684210528,0.05789473684210526
603,20.254625,162,1,0,1,0.04975124378109453,0.055,1.0,1.0,0.00027854294255252844,-0.0006035306164994835,0.005107964647002518,0.07594736842105264,0.00019189473684210528,0.05789473684210526
604,-0.6155000000000014,200,0,0,1,0.04966887417218543,0.055,1.0,1.0,-3.196909753853826e-06,-0.0004257915038615465,0.005244569698348641,0.07594736842105264,0.00019189473684210528,0.05789473684210526
605,20.4165625,145,1,0,1,0.049586776859504134,0.055,1.0,1.0,-0.0005266064780210593,-0.0002973937613423914,0.00512357535562478,0.07594736842105264,0.00019189473684210528,0.05789473684210526
606,20.5145625,164,1,0,1,0.04950495049504951,0.055,1.0,1.0,-0.0006827924838826107,-0.0004049798941705376,0.004873488867888227,0.07594736842105264,0.00019189473684210528,0.05789473684210526
607,-2.6939687500000007,200,0,0,1,0.04942339373970346,0.055,1.0,1.0,-0.0014612827967696105,-0.0005967929498292506,0.005043037044350058,0.07594736842105264,0.00019189473684210528,0.05789473684210526
608,-2.8440000000000003,200,0,0,1,0.049342105263157895,0.055,1.0,1.0,-0.0005820722399001164,-0.000668726252624765,0.004773359192768112,0.07594736842105264,0.00019189473684210528,0.05789473684210526
609,20.1658125,172,1,0,1,0.04926108374384237,0.055,1.0,1.0,0.02886651590982441,0.005085711637046188,0.010571406910661609,0.07594736842105264,0.00019189473684210528,0.05789473684210526
610,-2.868125,200,0,0,1,0.04918032786885246,0.055,1.0,1.0,0.009147607495064757,0.004891051141079515,0.010749840116593986,0.07594736842105264,0.00019189473684210528,0.05789473684210526
611,19.8754375,200,1,0,1,0.049099836333878884,0.055,1.0,1.0,0.003401977657090876,0.0049746287507005035,0.011273061755578965,0.07594736842105264,0.00019189473684210528,0.05789473684210526
612,20.731125,152,1,0,1,0.049019607843137254,0.055,1.0,1.0,0.00286835964235468,0.005626520388526842,0.01171047696028836,0.07594736842105264,0.00019189473684210528,0.05789473684210526
613,-2.714156249999998,200,0,0,1,0.048939641109298535,0.055,1.0,1.0,0.0009613421237110799,0.005677255941554904,0.011787408543750644,0.07594736842105264,0.00019189473684210528,0.05789473684210526
614,-2.3167500000000008,200,0,0,1,0.048859934853420196,0.055,1.0,1.0,-0.0006526894105906512,0.00545219896431081,0.012352002824889496,0.07594736842105264,0.00019189473684210528,0.05789473684210526
615,-0.1253124999999997,200,0,0,1,0.04878048780487805,0.055,1.0,1.0,0.0007617044511948012,0.00020200798474252223,0.006878673484548926,0.07594736842105264,0.00019189473684210528,0.05789473684210526
616,-2.9157499999999974,200,0,0,1,0.048701298701298704,0.055,1.0,1.0,-9.327373773021536e-05,0.00023135657631792128,0.006654564667260274,0.07594736842105264,0.00019189473684210528,0.05789473684210526
617,-2.552843750000001,200,0,0,1,0.04862236628849271,0.055,1.0,1.0,0.0003604644562111274,-5.069809034466744e-05,0.006012563042342663,0.07594736842105264,0.00019189473684210528,0.05789473684210526
618,-0.4015625000000013,200,0,0,1,0.04854368932038835,0.055,1.0,1.0,0.0020685370711654304,0.0004718438955023885,0.006662628798745573,0.07594736842105264,0.00019189473684210528,0.05789473684210526
619,-0.27737500000000154,200,0,0,1,0.048465266558966075,0.055,1.0,1.0,-0.0001977183675367518,0.0006254076336044818,0.006259578521130607,0.07594736842105264,0.00019189473684210528,0.05789473684210526
620,-2.824375000000001,200,0,0,1,0.04838709677419355,0.055,1.0,1.0,-0.0014197464492850945,-0.00012932924553751946,0.005555028900504112,0.07594736842105264,0.00019189473684210528,0.05789473684210526
621,-0.3264375000000005,200,0,0,1,0.04830917874396135,0.055,1.0,1.0,0.00032835110616826315,0.0003965900663752109,0.005851699894992635,0.07594736842105264,0.00019189473684210528,0.05789473684210526
622,-0.23218750000000188,200,0,0,1,0.04823151125401929,0.055,1.0,1.0,-0.0006705157960031102,-7.471769163385034e-05,0.006278736239764839,0.07594736842105264,0.00019189473684210528,0.05789473684210526
623,-1.0810625000000011,200,0,0,1,0.048154093097913325,0.055,1.0,1.0,-0.0004191809970005282,-0.00046166175184771417,0.006449418428819627,0.07594736842105264,0.00019189473684210528,0.05789473684210526
624,-0.9854999999999999,200,0,0,1,0.04807692307692308,0.055,1.0,1.0,-0.00034048174559140265,-0.00012898262892849742,0.007127405143575743,0.07594736842105264,0.00019189473684210528,0.05789473684210526
625,-0.37812500000000143,200,0,0,1,0.048,0.055,1.0,1.0,-0.0010605415568502449,-5.1587915979325774e-05,0.007152839484624565,0.07594736842105264,0.00019189473684210528,0.05789473684210526
626,21.4835,101,1,0,1,0.04792332268370607,0.055,1.0,1.0,-0.0007643451251080284,-0.000607793188188225,0.006870566601399332,0.07594736842105264,0.00019189473684210528,0.05789473684210526
627,-0.5737812500000014,200,0,0,1,0.04784688995215311,0.055,1.0,1.0,-0.0007883421035308506,-0.00034416383900679647,0.006686368454480543,0.07594736842105264,0.00019189473684210528,0.05789473684210526
628,-2.8653749999999945,200,0,0,1,0.04777070063694268,0.055,1.0,1.0,-0.0013845233813656584,-0.0009663961369078606,0.006293315074173734,0.07594736842105264,0.00019189473684210528,0.05789473684210526
629,-2.483968749999998,200,0,0,1,0.04769475357710652,0.055,1.0,1.0,-0.0005291883628983707,-0.0010185105241835117,0.005459645722061396,0.07594736842105264,0.00019189473684210528,0.05789473684210526
630,-3.0406249999999995,200,0,0,1,0.047619047619047616,0.055,1.0,1.0,-0.001110439392678204,-0.0010031371635850518,0.005364018760388717,0.07594736842105264,0.00019189473684210528,0.05789473684210526
631,21.0516875,114,1,0,1,0.04754358161648178,0.055,1.0,1.0,-0.0010375046485042465,-0.0009424517839215696,0.005433298879768699,0.07594736842105264,0.00019189473684210528,0.05789473684210526
632,-3.0599999999999996,200,0,0,1,0.04746835443037975,0.055,1.0,1.0,-0.001695922063055465,-0.0012107841672841459,0.004950193267548457,0.07594736842105264,0.00019189473684210528,0.05789473684210526
633,-2.8300000000000005,200,0,0,1,0.04739336492890995,0.055,1.0,1.0,-0.0023025017408199026,-0.001446038354188204,0.004866520408540964,0.07594736842105264,0.00019189473684210528,0.05789473684210526
634,0.08149999999999832,200,0,0,1,0.0473186119873817,0.055,1.0,1.0,-0.0014165255165384772,-0.001581956557696685,0.005101625798037275,0.07594736842105264,0.00019189473684210528,0.05789473684210526
635,-1.0103125000000006,200,0,0,1,0.047244094488188976,0.055,1.0,1.0,-0.0005268358252630133,-0.0014072547969408333,0.004920556191820651,0.07594736842105264,0.00019189473684210528,0.05789473684210526
636,-0.43950000000000156,200,0,0,1,0.04716981132075472,0.055,1.0,1.0,0.0012546891570069797,-0.000781248050974682,0.005490613295929507,0.07594736842105264,0.00019189473684210528,0.05789473684210526
637,20.77584375,152,1,0,1,0.04709576138147567,0.055,1.0,1.0,0.0336016463626434,0.006312917730072513,0.012224267506739125,0.07594736842105264,0.00019189473684210528,0.05789473684210526
638,-0.3046874999999999,200,0,0,1,0.047021943573667714,0.055,1.0,1.0,0.011506195255840398,0.006674479648005218,0.012179534875322133,0.07594736842105264,0.00019189473684210528,0.05789473684210526
639,20.12521875,193,1,0,1,0.046948356807511735,0.055,1.0,1.0,0.00405997858526131,0.006667748872423544,0.012149918395793066,0.07594736842105264,0.00019189473684210528,0.05789473684210526
640,-2.694999999999998,200,0,0,1,0.046875,0.055,1.0,1.0,0.0001291967161227637,0.006253242526901886,0.01232664496009238,0.07594736842105264,0.00019189473684210528,0.05789473684210526
641,-0.7000625000000008,200,0,0,1,0.046801872074883,0.055,1.0,1.0,0.0011508412349876197,0.006311869621975347,0.012180518205510452,0.07594736842105264,0.00019189473684210528,0.05789473684210526
642,-0.6001249999999999,200,0,0,1,0.04672897196261682,0.055,1.0,1.0,-0.0010422865623308513,0.005153845858410932,0.01215385811345186,0.07594736842105264,0.00019189473684210528,0.05789473684210526
643,-0.49528125000000084,200,0,0,1,0.04665629860031104,0.055,1.0,1.0,-0.0010676747510950575,-0.0007677451727213338,0.0059040305969538165,0.07594736842105264,0.00019189473684210528,0.05789473684210526
644,-0.07587500000000046,200,0,0,1,0.046583850931677016,0.055,1.0,1.0,-7.4658481451006e-05,-0.0005835305472137406,0.0058830899057211354,0.07594736842105264,0.00019189473684210528,0.05789473684210526
645,-0.9251562500000022,200,0,0,1,0.046511627906976744,0.055,1.0,1.0,0.0005456369170153382,8.47083063563332e-05,0.006439365931437351,0.07594736842105264,0.00019189473684210528,0.05789473684210526
646,-0.8351875000000009,200,0,0,1,0.04643962848297214,0.055,1.0,1.0,-0.0010212082990508605,-0.0007450307790422812,0.005986720870365388,0.07594736842105264,0.00019189473684210528,0.05789473684210526
647,-0.46565625,200,0,0,1,0.04636785162287481,0.055,1.0,1.0,-0.0016884790320468124,-0.0006012771718669682,0.005951265549985692,0.07594736842105264,0.00019189473684210528,0.05789473684210526
648,20.06375,183,1,0,1,0.046296296296296294,0.055,1.0,1.0,-0.00033743095153576327,-0.00013193082180805503,0.006424321640981361,0.07594736842105264,0.00019189473684210528,0.05789473684210526
649,-2.7552812499999995,200,0,0,1,0.046224961479198766,0.055,1.0,1.0,7.946519669482412e-05,-0.00018106215982697905,0.006351831329287961,0.07594736842105264,0.00019189473684210528,0.05789473684210526
650,-3.0193750000000006,200,0,0,1,0.046153846153846156,0.055,1.0,1.0,-0.0006325066451603838,-0.0006720039108768105,0.005810409397352487,0.07594736842105264,0.00019189473684210528,0.05789473684210526
651,-2.496031249999997,200,0,0,1,0.04608294930875576,0.055,1.0,1.0,-0.0009165379815504169,-0.0005473675564862788,0.005691904305014759,0.07594736842105264,0.00019189473684210528,0.05789473684210526
652,-2.590750000000002,200,0,0,1,0.046012269938650305,0.055,1.0,1.0,-0.000938125857005748,-0.00022593391337431967,0.00529180383333005,0.07594736842105264,0.00019189473684210528,0.05789473684210526
653,-0.3816250000000013,200,0,0,1,0.045941807044410414,0.05,1.0,1.0,0.00041205379923076827,-0.00014757823990657926,0.005471932447981089,0.07594736842105264,0.00019189473684210528,0.05789473684210526
654,-0.8945624999999964,200,0,0,1,0.045871559633027525,0.05,1.0,1.0,0.00217080899857881,0.00032361864647828043,0.006006251498358324,0.07631578947368421,0.00019263157894736842,0.052631578947368425
655,-0.984531250000001,200,0,0,1,0.04580152671755725,0.05,1.0,1.0,-0.00024625838249257457,0.00019603395857848227,0.005939525878755376,0.07631578947368421,0.00019263157894736842,0.052631578947368425
656,-2.7600000000000007,200,0,0,1,0.04573170731707317,0.05,1.0,1.0,-0.0007094873941561315,0.00019668251345865428,0.005909954713890329,0.07631578947368421,0.00019263157894736842,0.052631578947368425
657,-3.1489374999999975,200,0,0,1,0.045662100456621,0.05,1.0,1.0,-0.0014595289140460533,-9.262970113195479e-05,0.0061736947924364355,0.07631578947368421,0.00019263157894736842,0.052631578947368425
658,-0.7311250000000011,200,0,0,1,0.04559270516717325,0.05,1.0,1.0,-0.001319502546437638,-0.0007617720880080015,0.005789398907916621,0.07631578947368421,0.00019263157894736842,0.052631578947368425
659,-0.5423750000000015,200,0,0,1,0.04552352048558422,0.05,1.0,1.0,-0.0019401305915408517,-0.0016754488472361117,0.005364086226793006,0.07631578947368421,0.00019263157894736842,0.052631578947368425
660,-2.8099999999999983,200,0,0,1,0.045454545454545456,0.05,1.0,1.0,-0.0007531362691502888,-0.001335389154497534,0.005270473266486078,0.07631578947368421,0.00019263157894736842,0.052631578947368425
661,20.889093749999997,145,1,0,1,0.0453857791225416,0.05,1.0,1.0,-0.0004256232066818883,-0.0011983341570012272,0.005232660989742726,0.07631578947368421,0.00019263157894736842,0.052631578947368425
662,-0.7613750000000014,200,0,0,1,0.045317220543806644,0.05,1.0,1.0,-0.0007583205595018877,-0.0008959829977247864,0.005046090794960037,0.07631578947368421,0.00019263157894736842,0.052631578947368425
663,-2.308593749999997,200,0,0,1,0.04524886877828054,0.05,1.0,1.0,0.00045133667916581234,-0.0006100308531895279,0.005100295108743012,0.07631578947368421,0.00019263157894736842,0.052631578947368425
664,-0.5572500000000018,200,0,0,1,0.045180722891566265,0.05,1.0,1.0,-0.00021571468393186778,-0.00031179176294244827,0.005094025280559435,0.07631578947368421,0.00019263157894736842,0.052631578947368425
665,-2.1889062500000014,200,0,0,1,0.045112781954887216,0.05,1.0,1.0,-0.0005655889985757031,-0.0004699231109116226,0.005533198794582858,0.07631578947368421,0.00019263157894736842,0.052631578947368425
666,21.7335,80,1,0,1,0.04504504504504504,0.05,1.0,1.0,0.0003130525017833423,-0.00021148119424469768,0.005394008389906958,0.07631578947368421,0.00019263157894736842,0.052631578947368425
667,-2.7658437500000006,200,0,0,1,0.044977511244377814,0.05,1.0,1.0,0.0005035882059194874,5.554506205953658e-06,0.005378427320742048,0.07631578947368421,0.00019263157894736842,0.052631578947368425
668,-0.5117500000000003,200,0,0,1,0.04491017964071856,0.05,1.0,1.0,0.00015284764559273496,0.00021166320715565234,0.00546283210918773,0.07631578947368421,0.00019263157894736842,0.052631578947368425
669,-0.43362500000000004,200,0,0,1,0.04484304932735426,0.05,1.0,1.0,-0.0012472755624087387,-0.00019437793095130473,0.005422660515992902,0.07631578947368421,0.00019263157894736842,0.052631578947368425
670,20.97625,95,1,0,1,0.04477611940298507,0.05,1.0,1.0,-0.0010396268039754117,-0.0002888676101574674,0.005234698204207234,0.07631578947368421,0.00019263157894736842,0.052631578947368425
671,-0.011781250000000312,200,0,0,1,0.044709388971684055,0.05,1.0,1.0,-0.0013098618152595758,-0.0004578466768143699,0.005133663092856296,0.07631578947368421,0.00019263157894736842,0.052631578947368425
672,-3.0839999999999987,200,0,0,1,0.044642857142857144,0.05,1.0,1.0,-0.0008079693188341267,-0.0008583954425994307,0.005079534258926288,0.07631578947368421,0.00019263157894736842,0.052631578947368425
673,-0.7299999999999995,200,0,0,1,0.04457652303120357,0.05,1.0,1.0,0.00047754882626729477,-0.0005777388971764595,0.005658131403150037,0.07631578947368421,0.00019263157894736842,0.052631578947368425
674,0.027562499999998772,200,0,0,1,0.04451038575667656,0.05,1.0,1.0,0.00046647339275772745,-0.0002993829784682021,0.005583882944076322,0.07631578947368421,0.00019263157894736842,0.052631578947368425
675,-2.876093750000001,200,0,0,1,0.044444444444444446,0.05,1.0,1.0,1.2825811136614853e-05,-0.00014638663618825375,0.005539934431901201,0.07631578947368421,0.00019263157894736842,0.052631578947368425
676,-2.7322499999999987,200,0,0,1,0.04437869822485207,0.05,1.0,1.0,-0.00014780258038474698,0.00011901625886093825,0.005149967287783511,0.07631578947368421,0.00019263157894736842,0.052631578947368425
677,-2.873843750000001,200,0,0,1,0.04431314623338257,0.05,1.0,1.0,-0.0002872249681818319,0.000140400821226649,0.005254033746314235,0.07631578947368421,0.00019263157894736842,0.052631578947368425
678,20.6605,166,1,0,1,0.04424778761061947,0.05,1.0,1.0,0.0008347931443964785,0.00023017981101293116,0.00540453191276174,0.07631578947368421,0.00019263157894736842,0.052631578947368425
679,-0.04353125000000001,200,0,0,1,0.044182621502209134,0.05,1.0,1.0,-1.7649488454674796e-05,0.00011558737209998071,0.005275072690332308,0.07631578947368421,0.00019263157894736842,0.052631578947368425
680,-2.475000000000001,200,0,0,1,0.04411764705882353,0.05,1.0,1.0,-0.0008445922835427772,7.253503985702992e-05,0.005443548152223229,0.07631578947368421,0.00019263157894736842,0.052631578947368425
681,-0.9637187500000011,200,0,0,1,0.04405286343612335,0.05,1.0,1.0,-0.00044900068557138966,4.803936462849379e-07,0.005455440760822967,0.07631578947368421,0.00019263157894736842,0.052631578947368425
682,-0.19787500000000066,200,0,0,1,0.04398826979472141,0.045,1.0,1.0,0.0006014686995914844,0.0006970834055682644,0.006254032154218294,0.07631578947368421,0.00019263157894736842,0.052631578947368425
683,-0.315375000000002,200,0,0,1,0.043923865300146414,0.04,1.0,1.0,0.0003735158633609165,0.0005772803192958236,0.006243299991823733,0.07668421052631579,0.00019336842105263159,0.04736842105263158
684,-2.5491250000000014,200,0,0,1,0.043859649122807015,0.04,1.0,1.0,-9.981748064183937e-05,0.0005354901445098221,0.006304057325702161,0.07705263157894737,0.00019410526315789475,0.04210526315789474
685,-3.2507812500000015,200,0,0,1,0.043795620437956206,0.04,1.0,1.0,-0.00020615054333225153,0.0005740206630434841,0.006268408818403259,0.07705263157894737,0.00019410526315789475,0.04210526315789474
686,20.377812499999997,150,1,0,1,0.043731778425655975,0.04,1.0,1.0,-0.0006630837043810104,0.0003888879825826734,0.006422989145154133,0.07705263157894737,0.00019410526315789475,0.04210526315789474
687,20.50059375,132,1,0,1,0.043668122270742356,0.04,1.0,1.0,0.02984371808798798,0.005586695594480261,0.011867118297377601,0.07705263157894737,0.00019410526315789475,0.04210526315789474
688,-2.4025000000000003,200,0,0,1,0.0436046511627907,0.04,1.0,1.0,0.010478476560460156,0.005266243040328846,0.010884452644968406,0.07705263157894737,0.00019410526315789475,0.04210526315789474
689,20.59121875,168,1,0,1,0.04354136429608128,0.04,1.0,1.0,0.005234833257362463,0.005967184121254831,0.011472775352653116,0.07705263157894737,0.00019410526315789475,0.04210526315789474
690,-0.72,200,0,0,1,0.043478260869565216,0.04,1.0,1.0,0.0010586630593947463,0.005847899973159656,0.011928177301073447,0.07705263157894737,0.00019410526315789475,0.04210526315789474
691,21.03065625,130,1,0,1,0.04341534008683068,0.04,1.0,1.0,0.031177132928251024,0.011993922560242936,0.017993156594457105,0.07705263157894737,0.00019410526315789475,0.04210526315789474
692,-0.4365000000000018,200,0,0,1,0.04335260115606936,0.04,1.0,1.0,0.010256548895237003,0.011856009057257325,0.017990805072244258,0.07705263157894737,0.00019410526315789475,0.04210526315789474
693,-0.8100000000000005,200,0,0,1,0.04329004329004329,0.04,1.0,1.0,0.0024501933026546763,0.005349092825315893,0.011991268151439726,0.07705263157894737,0.00019410526315789475,0.04210526315789474
694,-2.9233125000000006,200,0,0,1,0.043227665706051875,0.04,1.0,1.0,0.0006189700159516599,0.004836796321906149,0.011892711143009365,0.07705263157894737,0.00019410526315789475,0.04210526315789474
695,19.62984375,183,1,0,1,0.04316546762589928,0.04,1.0,1.0,-0.00019104085348407377,0.004966018666746095,0.011680513928411528,0.07705263157894737,0.00019410526315789475,0.04210526315789474
696,19.80625,198,1,0,1,0.04310344827586207,0.04,1.0,1.0,-0.0009229498118592507,0.004874093970982358,0.011934875142993405,0.07705263157894737,0.00019410526315789475,0.04210526315789474
697,-2.9632187500000016,200,0,0,1,0.043041606886657105,0.04,1.0,1.0,-0.00046413095680131243,-0.0011059071009512991,0.005721470907097683,0.07705263157894737,0.00019410526315789475,0.04210526315789474
698,-2.693625,200,0,0,1,0.04297994269340974,0.04,1.0,1.0,-0.0009792352138207586,-0.000937002835329622,0.005917362832929939,0.07705263157894737,0.00019410526315789475,0.04210526315789474
699,-0.4173750000000005,200,0,0,1,0.04291845493562232,0.04,1.0,1.0,-0.0006329578416734135,-0.0009565531087573618,0.005793654151028022,0.07705263157894737,0.00019410526315789475,0.04210526315789474
700,-0.26125000000000087,200,0,0,1,0.04285714285714286,0.04,1.0,1.0,0.00040611452582588707,-0.00047554584057070317,0.006295450227567926,0.07705263157894737,0.00019410526315789475,0.04210526315789474
701,-0.7669062500000011,200,0,0,1,0.042796005706134094,0.04,1.0,1.0,-6.233125102625002e-05,-0.00025095336651429536,0.0058116321242414415,0.07705263157894737,0.00019410526315789475,0.04210526315789474
702,-0.29162500000000097,200,0,0,1,0.042735042735042736,0.04,1.0,1.0,0.0005421916201337813,3.065854567103088e-05,0.005967620031209662,0.07705263157894737,0.00019410526315789475,0.04210526315789474
703,-0.5609062499999993,200,0,0,1,0.04267425320056899,0.04,1.0,1.0,0.0018089969513399246,0.0007159368023276329,0.006078709058463573,0.07705263157894737,0.00019410526315789475,0.04210526315789474
704,19.941,189,1,0,1,0.04261363636363636,0.04,1.0,1.0,0.0027400607960870998,0.001534405336016789,0.00685233299410902,0.07705263157894737,0.00019410526315789475,0.04210526315789474
705,-0.7570312500000006,200,0,0,1,0.0425531914893617,0.04,1.0,1.0,-0.0005374749925052484,0.0005807827166281641,0.00648681295150891,0.07705263157894737,0.00019410526315789475,0.04210526315789474
706,-0.38531250000000117,200,0,0,1,0.042492917847025496,0.04,1.0,1.0,0.0007296873621266055,0.0010070269317366183,0.007238581360783428,0.07705263157894737,0.00019410526315789475,0.04210526315789474
707,-3.0329062500000012,200,0,0,1,0.042432814710042434,0.04,1.0,1.0,-0.0004002601242695551,0.0006124611308332532,0.0070982863979879764,0.07705263157894737,0.00019410526315789475,0.04210526315789474
708,-1.0028749999999995,200,0,0,1,0.0423728813559322,0.04,1.0,1.0,-0.0013089679138734702,-0.00014236881816759704,0.006538940286729485,0.07705263157894737,0.00019410526315789475,0.04210526315789474
709,21.21421875,94,1,0,1,0.04231311706629055,0.04,1.0,1.0,0.029353964215296097,0.005801336946897209,0.012734410126693546,0.07705263157894737,0.00019410526315789475,0.04210526315789474
710,20.246875,169,1,0,1,0.04225352112676056,0.04,1.0,1.0,0.013929143760190216,0.006129276676336303,0.012591567491879686,0.07705263157894737,0.00019410526315789475,0.04210526315789474
711,-0.173312500000001,200,0,0,1,0.04219409282700422,0.04,1.0,1.0,0.00550466350129524,0.006615657496033237,0.01246033746865578,0.07705263157894737,0.00019410526315789475,0.04210526315789474
712,-1.0327499999999992,200,0,0,1,0.042134831460674156,0.04,1.0,1.0,0.00061072833821087,0.005819243429461494,0.012137533968081697,0.07705263157894737,0.00019410526315789475,0.04210526315789474
713,21.600875,64,1,1,1,0.043478260869565216,0.045,1.0,1.0,0.001299702202208537,0.006055350682931021,0.012226097629172728,0.07705263157894737,0.00019410526315789475,0.04210526315789474
714,20.2934375,158,1,0,1,0.04341736694677871,0.045,1.0,1.0,0.03026969324677462,0.012101993474410848,0.01799514174531214,0.07668421052631579,0.00019336842105263159,0.04736842105263158
715,-2.479374999999997,200,0,0,1,0.043356643356643354,0.045,1.0,1.0,0.01001185949214897,0.01199686244642362,0.017706451843027025,0.07668421052631579,0.00019336842105263159,0.04736842105263158
716,-0.2842500000000013,200,0,0,1,0.04329608938547486,0.045,1.0,1.0,0.004242533935419167,0.005772493682103232,0.0114647907956969,0.07668421052631579,0.00019336842105263159,0.04736842105263158
717,-2.8474062499999997,200,0,0,1,0.043235704323570434,0.045,1.0,1.0,0.0006411648502417809,0.00543801395711489,0.011451224750606344,0.07668421052631579,0.00019336842105263159,0.04736842105263158
718,-0.5197499999999978,200,0,0,1,0.04317548746518106,0.045,1.0,1.0,0.0024338397266366906,0.006193310430971905,0.011834169964538887,0.07668421052631579,0.00019336842105263159,0.04736842105263158
719,20.16265625,164,1,0,1,0.043115438108484005,0.045,1.0,1.0,0.0002769731897979705,0.0059145710489247,0.011806354783242568,0.07668421052631579,0.00019336842105263159,0.04736842105263158
720,-0.9000000000000015,200,0,0,1,0.043055555555555555,0.045,1.0,1.0,0.0009938892478948416,0.000709265406941995,0.006632379112998024,0.07668421052631579,0.00019336842105263159,0.04736842105263158
721,-0.570125000000001,200,0,0,1,0.04299583911234397,0.045,1.0,1.0,-0.0002307574371347242,0.0001732696339022368,0.006066455506952479,0.07668421052631579,0.00019336842105263159,0.04736842105263158
722,-0.40537500000000115,200,0,0,1,0.04293628808864266,0.045,1.0,1.0,-0.0005211291398885911,0.0003128770664334297,0.00603243437409401,0.07668421052631579,0.00019336842105263159,0.04736842105263158
723,-0.5527812500000016,200,0,0,1,0.042876901798063624,0.045,1.0,1.0,0.0002660812372230112,0.0009841265270952135,0.006757991473888978,0.07668421052631579,0.00019336842105263159,0.04736842105263158
724,20.526125,183,1,0,1,0.04281767955801105,0.045,1.0,1.0,0.0009829972563200077,0.0010210569528862833,0.006661806172691286,0.07668421052631579,0.00019336842105263159,0.04736842105263158
725,-0.1535937500000005,200,0,0,1,0.04275862068965517,0.045,1.0,1.0,0.00027393310393238605,0.0004966463206801564,0.00597045986331068,0.07668421052631579,0.00019336842105263159,0.04736842105263158
726,-0.023812500000000854,200,0,0,1,0.04269972451790634,0.045,1.0,1.0,0.001563085852550142,0.0010620239544659852,0.00678721808642149,0.07668421052631579,0.00019336842105263159,0.04736842105263158
727,-0.6754375000000008,200,0,0,1,0.04264099037138927,0.045,1.0,1.0,0.00016070374378399256,0.0010827523153275251,0.0069490341246128086,0.07668421052631579,0.00019336842105263159,0.04736842105263158
728,-2.7477499999999986,200,0,0,1,0.042582417582417584,0.04,1.0,1.0,-0.0001405048730224703,0.0006406327572185546,0.006113286244450137,0.07668421052631579,0.00019336842105263159,0.04736842105263158
729,-0.36890625000000066,200,0,0,1,0.04252400548696845,0.04,1.0,1.0,0.0010107295257441183,0.0006728754311334342,0.00630282139335759,0.07705263157894737,0.00019410526315789475,0.04210526315789474
730,-3.0721874999999983,200,0,0,1,0.04246575342465753,0.04,1.0,1.0,-0.0008530036927364129,0.00040243422787170855,0.00628111956093926,0.07705263157894737,0.00019410526315789475,0.04210526315789474
731,-0.9943125000000013,200,0,0,1,0.04240766073871409,0.04,1.0,1.0,-0.0010913832857172116,-0.00034276921825949103,0.0054080631263786925,0.07705263157894737,0.00019410526315789475,0.04210526315789474
732,0.006999999999999368,200,0,0,1,0.04234972677595628,0.04,1.0,1.0,-0.0005902000885788699,-0.00026864609506446866,0.005427332576480694,0.07705263157894737,0.00019410526315789475,0.04210526315789474
733,-2.67790625,200,0,0,1,0.04229195088676671,0.04,1.0,1.0,-0.0007984933404141314,-0.0004537572112167254,0.005788477826514282,0.07705263157894737,0.00019410526315789475,0.04210526315789474
734,-2.9620625000000005,200,0,0,1,0.04223433242506812,0.04,1.0,1.0,-0.0013432739330208614,-0.0012446467186091469,0.005011865181731991,0.07705263157894737,0.00019410526315789475,0.04210526315789474
735,-2.7899999999999996,200,0,0,1,0.04217687074829932,0.04,1.0,1.0,-0.0017568472809650995,-0.0012379291725810617,0.004973962049698457,0.07705263157894737,0.00019410526315789475,0.04210526315789474
736,-2.612000000000001,200,0,0,1,0.042119565217391304,0.04,1.0,1.0,-0.0011042222856401343,-0.0011487596989609302,0.005094057264272123,0.07705263157894737,0.00019410526315789475,0.04210526315789474
737,-0.25818750000000107,200,0,0,1,0.04206241519674356,0.04,1.0,1.0,-0.00011220425711985675,-0.0010638658886309713,0.005131120860343799,0.07705263157894737,0.00019410526315789475,0.04210526315789474
738,21.851625,58,1,1,1,0.04336043360433604,0.045,1.0,1.0,0.029957970680130386,0.005131475473986938,0.01103720384160988,0.07705263157894737,0.00019410526315789475,0.04210526315789474
739,21.84953125,43,1,1,1,0.044654939106901215,0.05,1.0,1.0,0.027094034309749188,0.005899458498926834,0.011506712096510455,0.07668421052631579,0.00019336842105263159,0.04736842105263158
740,22.015625,24,1,1,1,0.04594594594594595,0.055,1.0,1.0,0.02421901082643613,0.005958898227661848,0.011598498780280351,0.07631578947368421,0.00019263157894736842,0.052631578947368425
741,-0.5363125000000016,200,0,0,1,0.04588394062078273,0.055,1.0,1.0,0.007811488353025446,0.005765987946884706,0.011366687978385016,0.07594736842105264,0.00019189473684210528,0.05789473684210526
742,-0.46275000000000105,200,0,0,1,0.04582210242587601,0.055,1.0,1.0,0.0017174491185144626,0.005766081591136753,0.011261683289892972,0.07594736842105264,0.00019189473684210528,0.05789473684210526
743,-0.38931250000000084,200,0,0,1,0.04576043068640646,0.055,1.0,1.0,0.0006906312015472586,0.006112623017979785,0.011100531899603083,0.07594736842105264,0.00019189473684210528,0.05789473684210526
744,-0.4412500000000016,200,0,0,1,0.0456989247311828,0.055,1.0,1.0,-0.000561566059766028,0.005940036964602768,0.010701716874726116,0.07594736842105264,0.00019189473684210528,0.05789473684210526
745,-3.020000000000001,200,0,0,1,0.04563758389261745,0.055,1.0,1.0,-0.0011781037267480008,-0.0011429147506132721,0.00425994638260454,0.07594736842105264,0.00019189473684210528,0.05789473684210526
746,-0.49325000000000047,200,0,0,1,0.045576407506702415,0.055,1.0,1.0,-0.001039400123236623,-0.0009847678993828595,0.004193471655715257,0.07594736842105264,0.00019189473684210528,0.05789473684210526
747,-2.9083437499999936,200,0,0,1,0.04551539491298527,0.055,1.0,1.0,-0.0007885072804168145,-0.0007863915718626231,0.004218114566756412,0.07594736842105264,0.00019189473684210528,0.05789473684210526
748,-0.3218750000000009,200,0,0,1,0.045454545454545456,0.055,1.0,1.0,-0.0018615821371985876,-0.001206849640700966,0.004453508651349694,0.07594736842105264,0.00019189473684210528,0.05789473684210526
749,-0.5768125000000008,200,0,0,1,0.04539385847797063,0.055,1.0,1.0,-0.0016073317631676023,-0.0012369678622344508,0.004639766131178476,0.07594736842105264,0.00019189473684210528,0.05789473684210526
750,21.089375,105,1,0,1,0.04533333333333334,0.055,1.0,1.0,-0.0015457581356968046,-0.0013557331525953487,0.004667342925560661,0.07594736842105264,0.00019189473684210528,0.05789473684210526
751,-2.9284687499999995,200,0,0,1,0.045272969374167776,0.055,1.0,1.0,-0.0013001206017212198,-0.001293073877110146,0.004384108678787016,0.07594736842105264,0.00019189473684210528,0.05789473684210526
752,-2.6169999999999995,200,0,0,1,0.04521276595744681,0.055,1.0,1.0,-0.0010489615808781613,-0.0013754957312485203,0.004857460146187805,0.07594736842105264,0.00019189473684210528,0.05789473684210526
753,-0.5041250000000019,200,0,0,1,0.0451527224435591,0.055,1.0,1.0,0.0002116697525572557,-0.0008942223769845441,0.005509540166822262,0.07594736842105264,0.00019189473684210528,0.05789473684210526
754,-2.6085624999999997,200,0,0,1,0.04509283819628647,0.055,1.0,1.0,-0.0002633525396778833,-0.000564778289757669,0.0057223753789439795,0.07594736842105264,0.00019189473684210528,0.05789473684210526
755,-0.6157812500000007,200,0,0,1,0.045033112582781455,0.055,1.0,1.0,-0.0012047695085153412,-0.000710566874826327,0.00569772119098343,0.07594736842105264,0.00019189473684210528,0.05789473684210526
756,-0.4345000000000006,200,0,0,1,0.04497354497354497,0.055,1.0,1.0,0.0010280931153189377,-9.314364707097411e-05,0.006377123998012393,0.07594736842105264,0.00019189473684210528,0.05789473684210526
757,21.425375,68,1,1,1,0.046235138705416116,0.06,1.0,1.0,0.0027697703010127537,0.0005020423764362931,0.006799998222850263,0.07594736842105264,0.00019189473684210528,0.05789473684210526
758,-2.5573750000000017,200,0,0,1,0.04617414248021108,0.06,1.0,1.0,0.00021584777251587787,-0.00019974556821398436,0.006091807546792552,0.07557894736842105,0.0001911578947368421,0.06315789473684211
759,20.598968749999997,146,1,0,1,0.0461133069828722,0.06,1.0,1.0,0.0008194908356396523,0.0004930994610767811,0.006612881661625579,0.07557894736842105,0.0001911578947368421,0.06315789473684211
760,-3.2537500000000006,200,0,0,1,0.046052631578947366,0.06,1.0,1.0,-0.000441626945477185,0.0005080211807508021,0.006219702693400905,0.07557894736842105,0.0001911578947368421,0.06315789473684211
761,-0.1426875000000009,200,0,0,1,0.045992115637319315,0.06,1.0,1.0,0.00026678044807284607,0.0011028196988627315,0.006945405394770205,0.07557894736842105,0.0001911578947368421,0.06315789473684211
762,-2.809999999999997,200,0,0,1,0.045931758530183726,0.06,1.0,1.0,-0.0008960301189298242,-0.00023546285042539238,0.006214519011322409,0.07557894736842105,0.0001911578947368421,0.06315789473684211
763,0.01924999999999978,200,0,0,1,0.045871559633027525,0.06,1.0,1.0,-0.0008136664008518789,-0.0002386615260038525,0.0064211791886482385,0.07557894736842105,0.0001911578947368421,0.06315789473684211
764,21.66675,62,1,1,1,0.04712041884816754,0.065,1.0,1.0,-0.000805531899142118,-0.00015876347781158983,0.006280987771460787,0.07557894736842105,0.0001911578947368421,0.06315789473684211
765,-0.16343750000000176,200,0,0,1,0.047058823529411764,0.065,1.0,1.0,-0.0008278634728024817,-0.0007230529943481088,0.0058051682570949194,0.07521052631578948,0.00019042105263157897,0.06842105263157895
766,20.9474375,123,1,0,1,0.04699738903394256,0.065,1.0,1.0,0.0024323842903598222,0.00018607197073288261,0.0066985803234856575,0.07521052631578948,0.00019042105263157897,0.06842105263157895
767,21.06928125,130,1,0,1,0.0469361147327249,0.065,1.0,1.0,0.03162231315099003,0.005859583570854738,0.012322376935509964,0.07521052631578948,0.00019042105263157897,0.06842105263157895
768,-0.527000000000001,200,0,0,1,0.046875,0.065,1.0,1.0,0.010849201494721664,0.005967625463847071,0.011924659702461213,0.07521052631578948,0.00019042105263157897,0.06842105263157895
769,20.36678125,165,1,0,1,0.04681404421326398,0.065,1.0,1.0,0.036041339237592,0.012574858464999124,0.018520265975268558,0.07521052631578948,0.00019042105263157897,0.06842105263157895
770,-3.201875,200,0,0,1,0.046753246753246755,0.065,1.0,1.0,0.012224731126280107,0.012416843071812764,0.018555718822171913,0.07521052631578948,0.00019042105263157897,0.06842105263157895
771,-0.6981875000000001,200,0,0,1,0.04669260700389105,0.065,1.0,1.0,0.003382426939624072,0.012262525921920314,0.018440717570250852,0.07521052631578948,0.00019042105263157897,0.06842105263157895
772,20.5605,182,1,0,1,0.046632124352331605,0.065,1.0,1.0,0.002281033676178983,0.011812956012086942,0.01826343458588235,0.07521052631578948,0.00019042105263157897,0.06842105263157895
773,-2.8608437500000012,200,0,0,1,0.04657179818887452,0.06,1.0,1.0,-0.0005732241778690731,0.0056814197795465584,0.01191887393873185,0.07521052631578948,0.00019042105263157897,0.06842105263157895
774,-3.0508125000000006,200,0,0,1,0.046511627906976744,0.06,1.0,1.0,-0.0008141514383558651,0.005242472022073344,0.01126370380516164,0.07557894736842105,0.0001911578947368421,0.06315789473684211
775,-2.52765625,200,0,0,1,0.04645161290322581,0.06,1.0,1.0,-0.0012350307093716062,-0.000980859955830965,0.00540552116377512,0.07557894736842105,0.0001911578947368421,0.06315789473684211
776,-0.3469999999999986,200,0,0,1,0.04639175257731959,0.06,1.0,1.0,0.0008544215107351195,-0.00012354023969965056,0.006115283930965234,0.07557894736842105,0.0001911578947368421,0.06315789473684211
777,-0.46712500000000157,200,0,0,1,0.04633204633204633,0.06,1.0,1.0,0.0013464784918251823,2.9418416263069958e-05,0.0062275410872534845,0.07557894736842105,0.0001911578947368421,0.06315789473684211
778,-3.0913750000000015,200,0,0,1,0.04627249357326478,0.055,1.0,1.0,-0.000436136083538597,5.083988996921107e-05,0.006238604588259477,0.07557894736842105,0.0001911578947368421,0.06315789473684211
779,21.2639375,92,1,0,1,0.04621309370988447,0.05,1.0,1.0,0.03283950380074309,0.0068075291183195075,0.012873914638126734,0.07594736842105264,0.00019189473684210528,0.05789473684210526
780,-0.2868750000000016,200,0,0,1,0.046153846153846156,0.045,1.0,1.0,0.011777708902760265,0.007051657030591741,0.0126896201481577,0.07631578947368421,0.00019263157894736842,0.052631578947368425
781,20.442375,129,1,0,1,0.046094750320102434,0.045,1.0,1.0,0.035537789536843466,0.013133277466520666,0.018577631089836358,0.07668421052631579,0.00019336842105263159,0.04736842105263158
782,0.03618750000000197,200,0,0,1,0.04603580562659847,0.045,1.0,1.0,0.012475024933907343,0.012471022317651658,0.01766203113598749,0.07668421052631579,0.00019336842105263159,0.04736842105263158
783,-0.2868125000000013,200,0,0,1,0.04597701149425287,0.045,1.0,1.0,0.00501801898706036,0.01216772785410285,0.017531946547329424,0.07668421052631579,0.00019336842105263159,0.04736842105263158
784,-0.5985000000000015,200,0,0,1,0.04591836734693878,0.045,1.0,1.0,0.00149226510499906,0.012282965831458569,0.017768789518624543,0.07668421052631579,0.00019336842105263159,0.04736842105263158
785,0.10421875000000014,200,0,0,1,0.045859872611464965,0.045,1.0,1.0,0.0006650746639024479,0.00559925668919459,0.011379242287483066,0.07668421052631579,0.00019336842105263159,0.04736842105263158
786,21.5735,87,1,0,1,0.04580152671755725,0.045,1.0,1.0,0.03034117484333113,0.011694745690751006,0.01752446534037881,0.07668421052631579,0.00019336842105263159,0.04736842105263158
787,19.80203125,199,1,0,1,0.045743329097839895,0.045,1.0,1.0,0.04089624730579709,0.011971322464480181,0.017918550202346523,0.07668421052631579,0.00019336842105263159,0.04736842105263158
788,-0.7196250000000004,200,0,0,1,0.04568527918781726,0.045,1.0,1.0,0.01622112460436593,0.012606738674177904,0.018495363458714564,0.07668421052631579,0.00019336842105263159,0.04736842105263158
789,21.162062499999998,104,1,0,1,0.045627376425855515,0.04,1.0,1.0,0.039162234936704975,0.018226178470489685,0.02394880860946432,0.07668421052631579,0.00019336842105263159,0.04736842105263158
790,-0.7493750000000005,200,0,0,1,0.04556962025316456,0.04,1.0,1.0,0.013452535366089828,0.01797844805587374,0.02365660809930705,0.07705263157894737,0.00019410526315789475,0.04210526315789474
791,21.94225,67,1,1,1,0.04677623261694058,0.045,1.0,1.0,0.00938445889271412,0.017997610637175965,0.023494147914650966,0.07705263157894737,0.00019410526315789475,0.04210526315789474
792,-0.4187499999999998,200,0,0,1,0.04671717171717172,0.045,1.0,1.0,0.004757045719418189,0.018365388205042108,0.024201386776054278,0.07668421052631579,0.00019336842105263159,0.04736842105263158
793,-2.559125000000001,200,0,0,1,0.04665825977301387,0.04,1.0,1.0,0.0009065762246836497,0.012167049885494635,0.017762198792072012,0.07668421052631579,0.00019336842105263159,0.04736842105263158
794,-0.22887499999999983,200,0,0,1,0.04659949622166247,0.04,1.0,1.0,0.00027405673570735214,0.005679778821067885,0.011334629877237603,0.07705263157894737,0.00019410526315789475,0.04210526315789474
795,-0.56953125,200,0,0,1,0.04654088050314465,0.04,1.0,1.0,0.0005968020605042946,0.000199665016727522,0.006106852332828566,0.07705263157894737,0.00019410526315789475,0.04210526315789474
796,-2.9801249999999997,200,0,0,1,0.04648241206030151,0.035,1.0,1.0,-0.000954881152358646,5.988114350475371e-05,0.006420384995406494,0.07705263157894737,0.00019410526315789475,0.04210526315789474
797,-0.21953125000000034,200,0,0,1,0.04642409033877039,0.035,1.0,1.0,-0.000760383410894473,-0.0006116603740956634,0.005938766538864002,0.07742105263157895,0.0001948421052631579,0.0368421052631579
798,-0.7498749999999986,200,0,0,1,0.046365914786967416,0.035,1.0,1.0,-0.001084897723475467,-0.0005811797881033272,0.006230467419838533,0.07742105263157895,0.0001948421052631579,0.0368421052631579
799,22.210250000000002,43,1,1,1,0.04755944931163955,0.04,1.0,1.0,0.029628363886562346,0.005594759359955788,0.012255820916965603,0.07742105263157895,0.0001948421052631579,0.0368421052631579
800,-2.9000000000000004,200,0,0,1,0.0475,0.04,1.0,1.0,0.010210582855006053,0.005315477370750159,0.012303417398128659,0.07705263157894737,0.00019410526315789475,0.04210526315789474
801,-0.8000312499999999,200,0,0,1,0.04744069912609238,0.04,1.0,1.0,0.003034703859795432,0.004854465052718296,0.011303723340621219,0.07705263157894737,0.00019410526315789475,0.04210526315789474
802,-2.9899375000000004,200,0,0,1,0.04738154613466334,0.04,1.0,1.0,0.000748195057360841,0.005050640152068808,0.011311601129127666,0.07705263157894737,0.00019410526315789475,0.04210526315789474
803,-2.89990625,200,0,0,1,0.047322540473225407,0.04,1.0,1.0,-0.000376685848986422,0.004985606593778357,0.01123645031475462,0.07705263157894737,0.00019410526315789475,0.04210526315789474
804,-2.870125,200,0,0,1,0.0472636815920398,0.04,1.0,1.0,-0.000590739116666441,-0.0010182808800600469,0.004857201000209897,0.07705263157894737,0.00019410526315789475,0.04210526315789474
805,20.91875,135,1,0,1,0.04720496894409938,0.04,1.0,1.0,0.0019484473737493872,1.7097650095820427e-05,0.005690941592678428,0.07705263157894737,0.00019410526315789475,0.04210526315789474
806,-0.8298125000000002,200,0,0,1,0.04714640198511166,0.04,1.0,1.0,-0.0004231805721444805,-0.00024325885833241046,0.0061458304713014516,0.07705263157894737,0.00019410526315789475,0.04210526315789474
807,20.16803125,189,1,0,1,0.04708798017348203,0.04,1.0,1.0,0.030191652150955397,0.006251050147693604,0.012636028996203095,0.07705263157894737,0.00019410526315789475,0.04210526315789474
808,-0.30150000000000143,200,0,0,1,0.04702970297029703,0.04,1.0,1.0,0.010549075375379701,0.006277526864549145,0.012799363684142008,0.07705263157894737,0.00019410526315789475,0.04210526315789474
809,-0.2514062500000008,200,0,0,1,0.04697156983930779,0.04,1.0,1.0,0.006037919538786762,0.006638187799602747,0.013613570552319288,0.07705263157894737,0.00019410526315789475,0.04210526315789474
810,22.0478125,44,1,1,1,0.04814814814814815,0.045,1.0,1.0,0.03769671078663975,0.013296874379389919,0.02016966250387486,0.07705263157894737,0.00019410526315789475,0.04210526315789474
811,-2.3420625000000004,200,0,0,1,0.04808877928483354,0.045,1.0,1.0,0.01287036833858021,0.012330443293671124,0.019376302668009885,0.07668421052631579,0.00019336842105263159,0.04736842105263158
812,-0.6411250000000017,200,0,0,1,0.0480295566502463,0.045,1.0,1.0,0.0032574018988186623,0.012349935521488078,0.01909791115007829,0.07668421052631579,0.00019336842105263159,0.04736842105263158
813,-0.40203125000000145,200,0,0,1,0.04797047970479705,0.045,1.0,1.0,0.000902069527145857,0.006184140418074094,0.013055908402078785,0.07668421052631579,0.00019336842105263159,0.04736842105263158
814,-0.7308750000000016,200,0,0,1,0.04791154791154791,0.045,1.0,1.0,0.0011615011751129561,0.00668896267877426,0.013175581951276398,0.07668421052631579,0.00019336842105263159,0.04736842105263158
815,-0.21328125000000006,200,0,0,1,0.04785276073619632,0.045,1.0,1.0,0.001778556395015798,0.00017628093168605118,0.006620272845844738,0.07668421052631579,0.00019336842105263159,0.04736842105263158
816,-0.17300000000000132,200,0,0,1,0.04779411764705882,0.045,1.0,1.0,0.00017368076103010645,0.0002618364505469799,0.006556445183232427,0.07668421052631579,0.00019336842105263159,0.04736842105263158
817,21.11628125,118,1,0,1,0.04773561811505508,0.045,1.0,1.0,-0.0012797585818834973,0.00018364028015639634,0.006521964308689348,0.07668421052631579,0.00019336842105263159,0.04736842105263158
818,-0.8005625000000008,200,0,0,1,0.04767726161369193,0.045,1.0,1.0,-0.0021940404910380682,-0.0005685396516928449,0.005992278468678705,0.07668421052631579,0.00019336842105263159,0.04736842105263158
819,-2.970000000000002,200,0,0,1,0.047619047619047616,0.045,1.0,1.0,-0.0016255943608507054,-0.0008429912639549002,0.005391292605199851,0.07668421052631579,0.00019336842105263159,0.04736842105263158
820,21.996875,32,1,1,1,0.04878048780487805,0.05,1.0,1.0,-0.001027982235661385,-0.0007264532243134454,0.005444884419790469,0.07668421052631579,0.00019336842105263159,0.04736842105263158
821,21.41671875,75,1,1,1,0.049939098660170524,0.055,1.0,1.0,-0.0007048690310801222,-0.000780457935994491,0.0055681648217141624,0.07631578947368421,0.00019263157894736842,0.052631578947368425
822,19.765874999999998,190,1,0,1,0.049878345498783457,0.055,1.0,1.0,0.0007725510903598288,-0.0008077282566810027,0.005164590019616298,0.07594736842105264,0.00019189473684210528,0.05789473684210526
823,20.794249999999998,135,1,0,1,0.04981773997569866,0.055,1.0,1.0,0.00014939693462482856,-0.0007157213684404269,0.004991926506045274,0.07594736842105264,0.00019189473684210528,0.05789473684210526
824,-2.600749999999999,200,0,0,1,0.04975728155339806,0.055,1.0,1.0,-0.0010753044911412273,-0.0006670362346339971,0.005448142244713381,0.07594736842105264,0.00019189473684210528,0.05789473684210526
825,-0.6423437500000017,200,0,0,1,0.0496969696969697,0.055,1.0,1.0,-0.001555880835847898,-0.0005512085021473468,0.005383128168527037,0.07594736842105264,0.00019189473684210528,0.05789473684210526
826,19.696749999999998,190,1,0,1,0.04963680387409201,0.055,1.0,1.0,0.029470853773386714,0.005789787160232663,0.012310849325731397,0.07594736842105264,0.00019189473684210528,0.05789473684210526
827,-0.8299999999999997,200,0,0,1,0.049576783555018135,0.055,1.0,1.0,0.010246899190831856,0.005119119759881869,0.011837968978798017,0.07594736842105264,0.00019189473684210528,0.05789473684210526
828,-0.07612499999999957,200,0,0,1,0.049516908212560384,0.055,1.0,1.0,0.003322620142907032,0.004978012533625588,0.012515499430010095,0.07594736842105264,0.00019189473684210528,0.05789473684210526
829,-2.820000000000001,200,0,0,1,0.04945717732207479,0.055,1.0,1.0,0.0009526964218001183,0.005328231158549897,0.012578591560130008,0.07594736842105264,0.00019189473684210528,0.05789473684210526
830,-0.4137499999999997,200,0,0,1,0.04939759036144578,0.055,1.0,1.0,-0.00043212866974805497,0.005351318015775178,0.012425486608350184,0.07594736842105264,0.00019189473684210528,0.05789473684210526
831,-1.0380625000000006,200,0,0,1,0.049338146811071,0.055,1.0,1.0,0.0007122091352786249,-0.00044585300324251874,0.0062008246546029116,0.07594736842105264,0.00019189473684210528,0.05789473684210526
832,-0.6420000000000007,200,0,0,1,0.04927884615384615,0.055,1.0,1.0,-0.0008513155499590645,-0.0005339130947249941,0.006310045905585866,0.07594736842105264,0.00019189473684210528,0.05789473684210526
833,-2.761031249999999,200,0,0,1,0.04921968787515006,0.055,1.0,1.0,-0.0018315399847747195,-0.0007688403056818061,0.005715949503879528,0.07594736842105264,0.00019189473684210528,0.05789473684210526
834,-2.848937499999999,200,0,0,1,0.049160671462829736,0.055,1.0,1.0,-0.0016764288621750414,-0.0010810273450915701,0.00555050919513451,0.07594736842105264,0.00019189473684210528,0.05789473684210526
835,-0.7310937500000018,200,0,0,1,0.04910179640718563,0.055,1.0,1.0,-0.000730333965979655,-0.0008602882814593613,0.005775035525206477,0.07594736842105264,0.00019189473684210528,0.05789473684210526
836,-2.4756250000000004,200,0,0,1,0.04904306220095694,0.055,1.0,1.0,-0.0005875667221915746,-0.001314353476278484,0.005223719135858119,0.07594736842105264,0.00019189473684210528,0.05789473684210526
837,-0.34578125000000026,200,0,0,1,0.04898446833930705,0.055,1.0,1.0,0.0006315619680623874,-0.0006016939119435847,0.005425339652691036,0.07594736842105264,0.00019189473684210528,0.05789473684210526
838,-0.8800000000000013,200,0,0,1,0.04892601431980907,0.055,1.0,1.0,-4.652308436994234e-05,-0.0002938138931058347,0.005514934770297259,0.07594736842105264,0.00019189473684210528,0.05789473684210526
839,21.48146875,77,1,0,1,0.04886769964243146,0.055,1.0,1.0,-0.00045933054572550475,-0.0002077659300994128,0.005324680330930278,0.07594736842105264,0.00019189473684210528,0.05789473684210526
840,-2.889999999999997,200,0,0,1,0.04880952380952381,0.055,1.0,1.0,-0.0012516050893105447,-0.0003009582117665559,0.005393500491278246,0.07594736842105264,0.00019189473684210528,0.05789473684210526
841,-0.5551250000000014,200,0,0,1,0.04875148632580262,0.055,1.0,1.0,-0.00047107502401997904,-0.0002763504802715033,0.005162657384527847,0.07594736842105264,0.00019189473684210528,0.05789473684210526
842,-2.4152500000000017,200,0,0,1,0.048693586698337295,0.055,1.0,1.0,-0.001795311840566237,-0.001230969354044646,0.0045967235933057965,0.07594736842105264,0.00019189473684210528,0.05789473684210526
843,-3.0373124999999965,200,0,0,1,0.04863582443653618,0.055,1.0,1.0,-0.000992213380254277,-0.0010726388802286238,0.004777845661854372,0.07594736842105264,0.00019189473684210528,0.05789473684210526
844,-0.46550000000000147,200,0,0,1,0.0485781990521327,0.055,1.0,1.0,-0.0001675417079250018,-0.0008454270593356341,0.005280714810593053,0.07594736842105264,0.00019189473684210528,0.05789473684210526
845,-0.6642187500000013,200,0,0,1,0.0485207100591716,0.055,1.0,1.0,-0.0009331911770186799,-0.000719803465064615,0.004863921777810901,0.07594736842105264,0.00019189473684210528,0.05789473684210526
846,-0.5957499999999997,200,0,0,1,0.04846335697399527,0.055,1.0,1.0,-0.0003558052605872622,-0.0005081882760860026,0.005741121264640242,0.07594736842105264,0.00019189473684210528,0.05789473684210526
847,0.10531249999999834,200,0,0,1,0.048406139315230225,0.055,1.0,1.0,-0.0007539575958901857,-0.00018894525500945747,0.005546350425807759,0.07594736842105264,0.00019189473684210528,0.05789473684210526
848,-0.42600000000000104,200,0,0,1,0.04834905660377359,0.055,1.0,1.0,7.125209061689104e-05,0.0002463909483049065,0.006149226136738435,0.07594736842105264,0.00019189473684210528,0.05789473684210526
849,-2.861531249999997,200,0,0,1,0.048292108362779744,0.055,1.0,1.0,-0.001004162259607375,-0.00019688635645434262,0.005574654111638665,0.07594736842105264,0.00019189473684210528,0.05789473684210526
850,-2.6831250000000004,200,0,0,1,0.04823529411764706,0.055,1.0,1.0,-0.0011246699043517682,-0.00020520882168784737,0.005794316441752017,0.07594736842105264,0.00019189473684210528,0.05789473684210526
851,-2.8215937500000003,200,0,0,1,0.0481786133960047,0.055,1.0,1.0,-0.0005129265988347071,-0.00045140261389315126,0.004998350110370666,0.07594736842105264,0.00019189473684210528,0.05789473684210526
852,21.53025,80,1,0,1,0.04812206572769953,0.055,1.0,1.0,0.0017293710667653256,3.599104844033718e-05,0.005645321596879512,0.07594736842105264,0.00019189473684210528,0.05789473684210526
853,21.34171875,81,1,0,1,0.04806565064478312,0.055,1.0,1.0,0.0009365632937337185,-2.812466584146023e-05,0.0058365701106376944,0.07594736842105264,0.00019189473684210528,0.05789473684210526
854,-2.9983125,200,0,0,1,0.04800936768149883,0.055,1.0,1.0,0.00016779804578112226,-0.0005233457088470459,0.005299473962280899,0.07594736842105264,0.00019189473684210528,0.05789473684210526
855,21.6796875,63,1,1,1,0.04912280701754386,0.06,1.0,1.0,0.002739309980764049,0.00020301857800222934,0.005860297260573134,0.07594736842105264,0.00019189473684210528,0.05789473684210526
856,-0.16224999999999973,200,0,0,1,0.04906542056074766,0.06,1.0,1.0,0.0005407707935613784,0.0003560718726366758,0.005844763467088341,0.07557894736842105,0.0001911578947368421,0.06315789473684211
857,-0.6800000000000013,200,0,0,1,0.049008168028004666,0.06,1.0,1.0,0.0013498037123461017,0.0008266283122356981,0.006890323281520978,0.07557894736842105,0.0001911578947368421,0.06315789473684211
858,-2.9900000000000007,200,0,0,1,0.04895104895104895,0.06,1.0,1.0,-1.7057751951404815e-05,0.0006966811164747924,0.006809259305940941,0.07557894736842105,0.0001911578947368421,0.06315789473684211
859,-2.8918437499999996,200,0,0,1,0.048894062863795114,0.06,1.0,1.0,-0.0009318882571147772,0.000198015813017264,0.006044458660995588,0.07557894736842105,0.0001911578947368421,0.06315789473684211
860,-2.711874999999999,200,0,0,1,0.04883720930232558,0.06,1.0,1.0,-0.0005259529963680525,-0.00041388084879145025,0.00568297736113891,0.07557894736842105,0.0001911578947368421,0.06315789473684211
861,-2.7519062500000016,200,0,0,1,0.04878048780487805,0.06,1.0,1.0,-0.0009572547133082081,-0.0005218221868854016,0.005589980843244121,0.07557894736842105,0.0001911578947368421,0.06315789473684211
862,-3.2141875,200,0,0,1,0.048723897911832945,0.06,1.0,1.0,-0.0015116297147356316,-0.0011289407194126396,0.004596796109573915,0.07557894736842105,0.0001911578947368421,0.06315789473684211
863,22.09015625,28,1,1,1,0.04982618771726535,0.065,1.0,1.0,0.0015513518505459376,-0.000547508089337498,0.005196453558746725,0.07557894736842105,0.0001911578947368421,0.06315789473684211
864,-0.950000000000001,200,0,0,1,0.04976851851851852,0.065,1.0,1.0,0.0004165687874761878,-0.0003969058056827635,0.005276388410245999,0.07521052631578948,0.00019042105263157897,0.06842105263157895
865,21.341874999999998,77,1,0,1,0.04971098265895954,0.065,1.0,1.0,0.0003275851287330565,-0.0003157674123067409,0.005373360266210512,0.07521052631578948,0.00019042105263157897,0.06842105263157895
866,-3.125874999999996,200,0,0,1,0.049653579676674366,0.065,1.0,1.0,-0.0007452923555752168,-0.0004217296182177961,0.005233376996126026,0.07521052631578948,0.00019042105263157897,0.06842105263157895
867,-2.6262812500000003,200,0,0,1,0.049596309111880045,0.065,1.0,1.0,-0.001265218963592479,-0.0004112809009384364,0.005047820986015722,0.07521052631578948,0.00019042105263157897,0.06842105263157895
868,-3.2036250000000015,200,0,0,1,0.04953917050691244,0.065,1.0,1.0,-0.0011745956853520644,-0.0003872825743164867,0.005282826212933287,0.07521052631578948,0.00019042105263157897,0.06842105263157895
869,-0.13293749999999993,200,0,0,1,0.04948216340621404,0.065,1.0,1.0,-0.0006655078191838253,-0.0005546701112762093,0.005554226544685662,0.07521052631578948,0.00019042105263157897,0.06842105263157895
870,-0.8500000000000009,200,0,0,1,0.04942528735632184,0.065,1.0,1.0,-0.0019512405948197992,-0.0011373317113611847,0.005933426967123523,0.07521052631578948,0.00019042105263157897,0.06842105263157895
871,-0.3033125000000009,200,0,0,1,0.04936854190585534,0.065,1.0,1.0,-0.0019388314979489046,-0.0012070433010812848,0.006053877033060416,0.07521052631578948,0.00019042105263157897,0.06842105263157895
872,-0.5467500000000001,200,0,0,1,0.04931192660550459,0.065,1.0,1.0,-0.0009042368069667319,-0.0009924006331712009,0.006255626073107123,0.07521052631578948,0.00019042105263157897,0.06842105263157895
873,-2.9954374999999995,200,0,0,1,0.049255441008018326,0.065,1.0,1.0,-0.0008364473449845119,-0.0010353490747511387,0.0061856633201241495,0.07521052631578948,0.00019042105263157897,0.06842105263157895
874,-0.4115624999999997,200,0,0,1,0.04919908466819222,0.065,1.0,1.0,-2.8777580363099388e-05,-0.00115565965231508,0.005515853385441005,0.07521052631578948,0.00019042105263157897,0.06842105263157895
875,21.2959375,93,1,0,1,0.04914285714285714,0.065,1.0,1.0,0.030535343631168846,0.0051384525001049045,0.011489259917289019,0.07521052631578948,0.00019042105263157897,0.06842105263157895
876,21.42625,109,1,0,1,0.04908675799086758,0.065,1.0,1.0,0.017718361932110047,0.005503777088131756,0.011063399995211512,0.07521052631578948,0.00019042105263157897,0.06842105263157895
877,20.2255625,165,1,0,1,0.04903078677309008,0.065,1.0,1.0,0.009976568604351128,0.006420971453422681,0.011557150192325935,0.07521052631578948,0.00019042105263157897,0.06842105263157895
878,-3.0951249999999924,200,0,0,1,0.0489749430523918,0.065,1.0,1.0,0.0030557813967494935,0.006377276002196595,0.011565489736618475,0.07521052631578948,0.00019042105263157897,0.06842105263157895
879,-2.9575312499999997,200,0,0,1,0.048919226393629126,0.065,1.0,1.0,5.213306168420376e-05,0.006296995147364214,0.011497133289230988,0.07521052631578948,0.00019042105263157897,0.06842105263157895
880,-0.39250000000000135,200,0,0,1,0.048863636363636366,0.065,1.0,1.0,2.2919878324081653e-05,0.006358502445509657,0.01161636545532383,0.07521052631578948,0.00019042105263157897,0.06842105263157895
881,-2.7925312499999944,200,0,0,1,0.04880817253121453,0.065,1.0,1.0,-0.0002293100225177837,7.904755230993032e-05,0.005591817471198738,0.07521052631578948,0.00019042105263157897,0.06842105263157895
882,-3.2123124999999995,200,0,0,1,0.048752834467120185,0.065,1.0,1.0,-0.000784860359673911,-0.0007917738708201796,0.004788318457314745,0.07521052631578948,0.00019042105263157897,0.06842105263157895
883,-0.3255625000000016,200,0,0,1,0.04869762174405436,0.065,1.0,1.0,-0.00016157063078831393,-0.0006189834997057914,0.004532169731333852,0.07521052631578948,0.00019042105263157897,0.06842105263157895
884,-3.0421249999999986,200,0,0,1,0.048642533936651584,0.065,1.0,1.0,-0.00196132428860377,-0.0009290949985734187,0.004741825448407326,0.07521052631578948,0.00019042105263157897,0.06842105263157895
885,-0.6053125000000003,200,0,0,1,0.04858757062146893,0.065,1.0,1.0,-0.0012108624249290393,-0.0010688319699256681,0.004564875675889197,0.07521052631578948,0.00019042105263157897,0.06842105263157895
886,-3.0646249999999995,200,0,0,1,0.04853273137697517,0.065,1.0,1.0,-0.0009901273626212448,-0.0012039721670444124,0.004352821160398889,0.07521052631578948,0.00019042105263157897,0.06842105263157895
887,-2.678156249999998,200,0,0,1,0.048478015783540024,0.065,1.0,1.0,-0.0005455526099541958,-0.0010087330005480908,0.004369889901543501,0.07521052631578948,0.00019042105263157897,0.06842105263157895
888,-0.7600000000000007,200,0,0,1,0.04842342342342342,0.065,1.0,1.0,-0.0011195596665012843,-0.0012441719907219523,0.00483084526687162,0.07521052631578948,0.00019042105263157897,0.06842105263157895
889,-2.9872187500000007,200,0,0,1,0.048368953880764905,0.065,1.0,1.0,-0.0011442581522214694,-0.0008903203043155372,0.004838609415572136,0.07521052631578948,0.00019042105263157897,0.06842105263157895
890,22.165937500000002,28,1,1,1,0.04943820224719101,0.07,1.0,1.0,0.029663859919451627,0.005273774115368724,0.010989642774686217,0.07521052631578948,0.00019042105263157897,0.06842105263157895
891,20.17009375,176,1,0,1,0.04938271604938271,0.07,1.0,1.0,0.04208452034077627,0.011314920540957245,0.01689770410215715,0.07484210526315789,0.0001896842105263158,0.0736842105263158
892,20.1285,158,1,0,1,0.04932735426008968,0.07,1.0,1.0,0.018722870022368457,0.011411585538240615,0.016766667341405993,0.07484210526315789,0.0001896842105263158,0.0736842105263158
893,-2.7600000000000002,200,0,0,1,0.04927211646136618,0.07,1.0,1.0,0.006081257585367647,0.011135196839517449,0.017178748714795803,0.07484210526315789,0.0001896842105263158,0.0736842105263158
894,-0.3846874999999996,200,0,0,1,0.049217002237136466,0.07,1.0,1.0,0.004755929511727887,0.011760898670007009,0.017648449657775928,0.07484210526315789,0.0001896842105263158,0.0736842105263158
895,-0.5489062500000015,200,0,0,1,0.049162011173184354,0.07,1.0,1.0,0.001005923517977606,0.011862062326457817,0.017585892551869618,0.07484210526315789,0.0001896842105263158,0.0736842105263158
896,-2.6189999999999993,200,0,0,1,0.049107142857142856,0.07,1.0,1.0,-0.0009952637668060099,0.005464359008008614,0.011620324298506603,0.07484210526315789,0.0001896842105263158,0.0736842105263158
897,-2.9000000000000012,200,0,0,1,0.04905239687848383,0.07,1.0,1.0,-0.001158947624708064,-0.0007329704356379807,0.005915839225519449,0.07484210526315789,0.0001896842105263158,0.0736842105263158
898,-2.8800000000000003,200,0,0,1,0.04899777282850779,0.07,1.0,1.0,-0.00031196985553186,-0.00047031078790314495,0.005559845200972632,0.07484210526315789,0.0001896842105263158,0.0736842105263158
899,-2.9938125,200,0,0,1,0.048943270300333706,0.07,1.0,1.0,-0.0008664359863365845,-0.0011148255069274456,0.004748471756698564,0.07484210526315789,0.0001896842105263158,0.0736842105263158
900,-0.32562500000000083,200,0,0,1,0.04888888888888889,0.07,1.0,1.0,0.001775931809250816,-0.0002712946683168411,0.005136061582714319,0.07484210526315789,0.0001896842105263158,0.0736842105263158
901,21.467906250000002,93,1,0,1,0.048834628190899,0.07,1.0,1.0,0.031121343866435478,0.005787588606821373,0.011224412833107635,0.07484210526315789,0.0001896842105263158,0.0736842105263158
902,-3.0468125000000015,200,0,0,1,0.04878048780487805,0.07,1.0,1.0,0.01121863561038932,0.006068658774951473,0.011102211007615551,0.07484210526315789,0.0001896842105263158,0.0736842105263158
903,-0.7164375000000014,200,0,0,1,0.048726467331118496,0.07,1.0,1.0,0.0035642887650250863,0.006106370246736333,0.011012780507327988,0.07484210526315789,0.0001896842105263158,0.0736842105263158
904,20.5075,169,1,0,1,0.048672566371681415,0.07,1.0,1.0,0.001173710275868747,0.006036242861533538,0.010998138889437542,0.07484210526315789,0.0001896842105263158,0.0736842105263158
905,20.596874999999997,129,1,0,1,0.04861878453038674,0.07,1.0,1.0,0.002391179207214778,0.006733421195531264,0.011900106768822298,0.07484210526315789,0.0001896842105263158,0.0736842105263158
906,-0.2598750000000008,200,0,0,1,0.04856512141280353,0.07,1.0,1.0,0.0009864938891608207,0.006117996968096122,0.011255346719408407,0.07484210526315789,0.0001896842105263158,0.0736842105263158
907,-0.036749999999998624,200,0,0,1,0.04851157662624035,0.07,1.0,1.0,0.0025235765564094563,0.0007001354363746941,0.005751724037807435,0.07484210526315789,0.0001896842105263158,0.0736842105263158
908,20.039749999999998,183,1,0,1,0.048458149779735685,0.07,1.0,1.0,0.0006100878786289029,0.0006347185131162405,0.005803019849583506,0.07484210526315789,0.0001896842105263158,0.0736842105263158
909,21.836375,39,1,1,1,0.04950495049504951,0.075,1.0,1.0,0.0006451139657309347,0.0006489085033535957,0.00581902351975441,0.07484210526315789,0.0001896842105263158,0.0736842105263158
910,-2.8299999999999974,200,0,0,1,0.04945054945054945,0.075,1.0,1.0,-1.8448653437297547e-05,0.0008448344345670193,0.005729166154982522,0.07447368421052632,0.00018894736842105266,0.07894736842105263
911,-3.0165312499999994,200,0,0,1,0.04939626783754116,0.075,1.0,1.0,-0.001197140661241597,-0.0001345189947169274,0.004993392684264108,0.07447368421052632,0.00018894736842105266,0.07894736842105263
912,21.381999999999998,101,1,0,1,0.049342105263157895,0.075,1.0,1.0,-0.0008215932255529152,-7.359249796718358e-05,0.005096782096661628,0.07447368421052632,0.00018894736842105266,0.07894736842105263
913,21.42528125,89,1,0,1,0.04928806133625411,0.07,1.0,1.0,0.029732334103579467,0.005849941099062562,0.01106069541722536,0.07447368421052632,0.00018894736842105266,0.07894736842105263
914,-2.9164375000000002,200,0,0,1,0.04923413566739606,0.07,1.0,1.0,0.00982099473945267,0.005072886876994744,0.010507196513703092,0.07484210526315789,0.0001896842105263158,0.0736842105263158
915,-2.7671875000000012,200,0,0,1,0.04918032786885246,0.07,1.0,1.0,0.002531182160609244,0.004896431270288304,0.01097420875611715,0.07484210526315789,0.0001896842105263158,0.0736842105263158
916,-2.67725,200,0,0,1,0.04912663755458515,0.07,1.0,1.0,0.00011064901823710137,0.004646079813595861,0.011030328289140016,0.07484210526315789,0.0001896842105263158,0.0736842105263158
917,-0.8136562500000005,200,0,0,1,0.04907306434023991,0.07,1.0,1.0,0.001438930948570964,0.005535047132521868,0.011679560961201787,0.07484210526315789,0.0001896842105263158,0.0736842105263158
918,21.1668125,120,1,0,1,0.049019607843137254,0.07,1.0,1.0,0.000774228765658763,0.005582297737244516,0.011644577050115913,0.07484210526315789,0.0001896842105263158,0.0736842105263158
919,-0.10603124999999833,200,0,0,1,0.04896626768226333,0.07,1.0,1.0,-0.00032526596797402384,-0.000539929797174409,0.005692612634273246,0.07484210526315789,0.0001896842105263158,0.0736842105263158
920,-2.7799999999999994,200,0,0,1,0.04891304347826087,0.07,1.0,1.0,-0.0006619716818365546,-0.00036207845737226305,0.005565586178796366,0.07484210526315789,0.0001896842105263158,0.0736842105263158
921,-0.3089062500000002,200,0,0,1,0.048859934853420196,0.07,1.0,1.0,-0.0013800965524553867,-0.00021254003909416497,0.005563233901979402,0.07484210526315789,0.0001896842105263158,0.0736842105263158
922,-2.8199999999999985,200,0,0,1,0.04880694143167028,0.07,1.0,1.0,-0.001450277714382614,-0.0008424566662870348,0.004989736286457628,0.07484210526315789,0.0001896842105263158,0.0736842105263158
923,20.93925,128,1,0,1,0.04875406283856988,0.07,1.0,1.0,-0.0017312110703654679,-0.0010845883381552994,0.0049302929756231606,0.07484210526315789,0.0001896842105263158,0.0736842105263158
924,19.90675,195,1,0,1,0.048701298701298704,0.07,1.0,1.0,0.001200535530556245,-0.0003138122516684234,0.0057057215380482374,0.07484210526315789,0.0001896842105263158,0.0736842105263158
925,-0.6600000000000005,200,0,0,1,0.04864864864864865,0.07,1.0,1.0,0.0020560843119583187,0.0002048590611666441,0.006047065058723092,0.07484210526315789,0.0001896842105263158,0.0736842105263158
926,-0.3236250000000015,200,0,0,1,0.04859611231101512,0.07,1.0,1.0,-3.4013552907498954e-05,-1.3367012841627002e-05,0.005731133033288643,0.07484210526315789,0.0001896842105263158,0.0736842105263158
927,-2.5779374999999995,200,0,0,1,0.04854368932038835,0.07,1.0,1.0,-0.0011761933168983987,0.00011673549213446676,0.00561995905614458,0.07484210526315789,0.0001896842105263158,0.0736842105263158
928,20.214,182,1,0,1,0.04849137931034483,0.07,1.0,1.0,-0.00086173271940381,0.0003816132515203208,0.005507386761950329,0.07484210526315789,0.0001896842105263158,0.0736842105263158
929,-0.24418750000000108,200,0,0,1,0.04843918191603875,0.07,1.0,1.0,-0.0016805936354395798,-0.0005331375179812312,0.004982872321270406,0.07484210526315789,0.0001896842105263158,0.0736842105263158
930,21.037812499999998,88,1,0,1,0.04838709677419355,0.07,1.0,1.0,-0.0015653019664239201,-0.0007373421401716769,0.005035649041179567,0.07484210526315789,0.0001896842105263158,0.0736842105263158
931,-0.5304687500000012,200,0,0,1,0.04833512352309345,0.07,1.0,1.0,-0.0013603905288296792,-0.0012598740153480321,0.004270427759038285,0.07484210526315789,0.0001896842105263158,0.0736842105263158
932,20.5235,133,1,0,1,0.048283261802575105,0.07,1.0,1.0,-0.0005658339136357037,-0.0011834157202392816,0.004516339359804988,0.07484210526315789,0.0001896842105263158,0.0736842105263158
933,-0.6641562500000018,200,0,0,1,0.04823151125401929,0.07,1.0,1.0,0.0006658637050093628,-0.00040119554102420804,0.0052879942432045935,0.07484210526315789,0.0001896842105263158,0.0736842105263158
934,21.430687499999998,93,1,0,1,0.048179871520342615,0.07,1.0,1.0,0.030116133408468977,0.005604872183641419,0.011421972623327748,0.07484210526315789,0.0001896842105263158,0.0736842105263158
935,-2.900000000000001,200,0,0,1,0.0481283422459893,0.07,1.0,1.0,0.010204633437788699,0.005631182753946632,0.011234433362726122,0.07484210526315789,0.0001896842105263158,0.0736842105263158
936,-0.3270000000000019,200,0,0,1,0.04807692307692308,0.07,1.0,1.0,0.003773491383160198,0.0058549333892297,0.011299216191517188,0.07484210526315789,0.0001896842105263158,0.0736842105263158
937,21.065749999999998,131,1,0,1,0.048025613660619,0.07,1.0,1.0,0.003702401188972891,0.006531652470584959,0.012074484384153037,0.07484210526315789,0.0001896842105263158,0.0736842105263158
938,-3.0313749999999997,200,0,0,1,0.04797441364605544,0.065,1.0,1.0,0.00036426139719454836,0.00631435406813398,0.01238362489407882,0.07484210526315789,0.0001896842105263158,0.0736842105263158
939,20.63090625,149,1,0,1,0.04792332268370607,0.06,1.0,1.0,-0.00022245970547557685,0.00570296144625172,0.011539999844972044,0.07521052631578948,0.00019042105263157897,0.06842105263157895
940,-0.8143750000000005,200,0,0,1,0.047872340425531915,0.055,1.0,1.0,-0.0008665835379174352,-0.0002933633814100176,0.005286348462337628,0.07557894736842105,0.0001911578947368421,0.06315789473684211
941,-2.6488124999999987,200,0,0,1,0.04782146652497343,0.055,1.0,1.0,-0.0012792121522898407,-0.000303909087786451,0.005182895487407222,0.07594736842105264,0.00019189473684210528,0.05789473684210526
942,-2.638875000000002,200,0,0,1,0.04777070063694268,0.055,1.0,1.0,-0.0016004552355288833,-0.001311985358595848,0.004876758724451065,0.07594736842105264,0.00019189473684210528,0.05789473684210526
943,20.50978125,161,1,0,1,0.04772004241781548,0.055,1.0,1.0,0.028495145555494546,0.0045897526759654285,0.01067506011761725,0.07594736842105264,0.00019189473684210528,0.05789473684210526
944,-0.649000000000001,200,0,0,1,0.04766949152542373,0.055,1.0,1.0,0.009522652220964394,0.004658292631618679,0.010712566540576517,0.07594736842105264,0.00019189473684210528,0.05789473684210526
945,-0.21718750000000103,200,0,0,1,0.047619047619047616,0.055,1.0,1.0,0.0032490153688640336,0.004679596773115918,0.011063460861565545,0.07594736842105264,0.00019189473684210528,0.05789473684210526
946,-0.5836875000000005,200,0,0,1,0.04756871035940803,0.055,1.0,1.0,0.00038059392093701424,0.004901851667789742,0.011098082405747845,0.07594736842105264,0.00019189473684210528,0.05789473684210526
947,20.77946875,156,1,0,1,0.04751847940865892,0.055,1.0,1.0,0.0005279290252993674,0.00511049083340913,0.011178829121403396,0.07594736842105264,0.00019189473684210528,0.05789473684210526
948,-0.24775000000000139,200,0,0,1,0.04746835443037975,0.055,1.0,1.0,-2.7035576253245646e-05,0.005447962431702763,0.011248176427092403,0.07594736842105264,0.00019189473684210528,0.05789473684210526
949,-0.44862500000000044,200,0,0,1,0.04741833508956796,0.055,1.0,1.0,0.0017790465741986743,3.851798828691244e-06,0.005887063758913427,0.07594736842105264,0.00019189473684210528,0.05789473684210526
950,-3.1153125000000017,200,0,0,1,0.04736842105263158,0.055,1.0,1.0,0.00044526772881286727,0.00016833256324753166,0.005571728056762367,0.07594736842105264,0.00019189473684210528,0.05789473684210526
951,-2.6841562500000005,200,0,0,1,0.0473186119873817,0.055,1.0,1.0,-0.000762159799780391,-0.0001586640200112015,0.0055306072665844115,0.07594736842105264,0.00019189473684210528,0.05789473684210526
952,-0.6294999999999986,200,0,0,1,0.04726890756302521,0.055,1.0,1.0,0.0020526514281517055,0.0003111351481638849,0.006023440642748028,0.07594736842105264,0.00019189473684210528,0.05789473684210526
953,-0.7847812499999999,200,0,0,1,0.0472193074501574,0.055,1.0,1.0,0.0008098096060396601,0.0003885909095406532,0.005616576783359051,0.07594736842105264,0.00019189473684210528,0.05789473684210526
954,-0.4940625000000009,200,0,0,1,0.04716981132075472,0.055,1.0,1.0,-0.00043676256485600116,-0.0002601562365889549,0.004846242282539606,0.07594736842105264,0.00019189473684210528,0.05789473684210526
955,-2.945156249999999,200,0,0,1,0.04712041884816754,0.055,1.0,1.0,-0.0012202489349455643,-0.0004867756781168282,0.004794520404655486,0.07594736842105264,0.00019189473684210528,0.05789473684210526
956,-0.6848749999999986,200,0,0,1,0.04707112970711297,0.055,1.0,1.0,0.0006992199764115811,1.1290221009403468e-06,0.0057920195253100245,0.07594736842105264,0.00019189473684210528,0.05789473684210526
957,-2.9150937500000014,200,0,0,1,0.047021943573667714,0.05,1.0,1.0,-0.00044524266662945074,-0.0006649879340548068,0.005390241810353473,0.07594736842105264,0.00019189473684210528,0.05789473684210526
958,-0.3446875000000008,200,0,0,1,0.04697286012526096,0.05,1.0,1.0,0.0020327862086689063,-0.00019671772071160377,0.006197111051762476,0.07631578947368421,0.00019263157894736842,0.052631578947368425
959,-0.12974999999999973,200,0,0,1,0.04692387904066736,0.05,1.0,1.0,0.0003762247252929922,-0.00010775218741036951,0.006150217408547178,0.07631578947368421,0.00019263157894736842,0.052631578947368425
960,-0.20500000000000146,200,0,0,1,0.046875,0.05,1.0,1.0,-0.0005177764292459175,-6.955114891752601e-06,0.006194947840413079,0.07631578947368421,0.00019263157894736842,0.052631578947368425
961,20.579874999999998,127,1,0,1,0.046826222684703434,0.05,1.0,1.0,0.0008595778835030234,0.0007070700075710192,0.006767134067020379,0.07631578947368421,0.00019263157894736842,0.052631578947368425
962,20.529625,141,1,0,1,0.04677754677754678,0.05,1.0,1.0,0.0027495729293501975,0.0009210120820207521,0.006540186352212913,0.07631578947368421,0.00019263157894736842,0.052631578947368425
963,-3.1498125,200,0,0,1,0.04672897196261682,0.05,1.0,1.0,0.00021950715368995876,0.0009114906875183806,0.006491817812086083,0.07631578947368421,0.00019263157894736842,0.052631578947368425
964,-0.14100000000000168,200,0,0,1,0.046680497925311204,0.045,1.0,1.0,0.0005568574604106622,0.0007427606108831242,0.006634079563315027,0.07631578947368421,0.00019263157894736842,0.052631578947368425
965,-2.5754687499999975,200,0,0,1,0.046632124352331605,0.045,1.0,1.0,-0.0005056082552315257,0.0006211349765071646,0.0066872731571784244,0.07668421052631579,0.00019336842105263159,0.04736842105263158
966,-2.8400000000000016,200,0,0,1,0.046583850931677016,0.045,1.0,1.0,-0.0004929547844857259,0.0001095799021422863,0.005949539259076118,0.07668421052631579,0.00019336842105263159,0.04736842105263158
967,21.4786875,73,1,1,1,0.047569803516028956,0.05,1.0,1.0,-0.0006234677636107942,0.00014735271804966032,0.005976317412918434,0.07668421052631579,0.00019336842105263159,0.04736842105263158
968,-0.48574999999999835,200,0,0,1,0.047520661157024795,0.05,1.0,1.0,7.629254637044228e-05,-0.00014851608127355577,0.005281072594225406,0.07631578947368421,0.00019263157894736842,0.052631578947368425
969,-3.0100000000000007,200,0,0,1,0.047471620227038186,0.05,1.0,1.0,-0.0004479933963020004,-0.0007699203945230693,0.004463258900446817,0.07631578947368421,0.00019263157894736842,0.052631578947368425
970,21.508125,73,1,1,1,0.04845360824742268,0.055,1.0,1.0,0.002177117067180055,8.507387712597846e-06,0.004928410092368722,0.07631578947368421,0.00019263157894736842,0.052631578947368425
971,-3.034656249999999,200,0,0,1,0.04840370751802266,0.055,1.0,1.0,0.00024042258984844354,2.5489216903224588e-05,0.004906571639468894,0.07594736842105264,0.00019189473684210528,0.05789473684210526
972,-0.4268750000000015,200,0,0,1,0.04835390946502058,0.055,1.0,1.0,0.00024114247339996256,0.00016895770910196005,0.004992854912998155,0.07594736842105264,0.00019189473684210528,0.05789473684210526
973,-2.7554062500000005,200,0,0,1,0.048304213771839674,0.055,1.0,1.0,-0.0006896221897904871,-1.181689347140491e-05,0.004650149349821732,0.07594736842105264,0.00019189473684210528,0.05789473684210526
974,-2.540874999999996,200,0,0,1,0.048254620123203286,0.055,1.0,1.0,-0.0011401609680135245,-0.0003840606668964028,0.004805052512325347,0.07594736842105264,0.00019189473684210528,0.05789473684210526
975,-2.7154687500000008,200,0,0,1,0.048205128205128206,0.055,1.0,1.0,-0.001003152320675833,-0.0010509163965471088,0.00442449862556532,0.07594736842105264,0.00019189473684210528,0.05789473684210526
976,-3.009000000000001,200,0,0,1,0.04815573770491803,0.055,1.0,1.0,-0.0008398836760476174,-0.0008864858087617904,0.004485383388819173,0.07594736842105264,0.00019189473684210528,0.05789473684210526
977,-2.8200000000000007,200,0,0,1,0.048106448311156604,0.055,1.0,1.0,9.315960814801223e-05,-0.0007311399166937917,0.00449463814473711,0.07594736842105264,0.00019189473684210528,0.05789473684210526
978,-3.1333124999999997,200,0,0,1,0.04805725971370143,0.055,1.0,1.0,-0.0009720147046294633,-0.0007699124773498624,0.004690360408043489,0.07594736842105264,0.00019189473684210528,0.05789473684210526
979,-2.8099999999999996,200,0,0,1,0.04800817160367722,0.055,1.0,1.0,-0.0010092836080727126,-0.000608886196743697,0.004766675438266248,0.07594736842105264,0.00019189473684210528,0.05789473684210526
980,-1.053125,200,0,0,1,0.04795918367346939,0.055,1.0,1.0,0.0011899427215952378,8.154332893900573e-05,0.0054863056738395245,0.07594736842105264,0.00019189473684210528,0.05789473684210526
981,-0.22959375000000076,200,0,0,1,0.047910295616717634,0.055,1.0,1.0,0.00046168114178341896,0.00018693365273065866,0.0054370973284821955,0.07594736842105264,0.00019189473684210528,0.05789473684210526
982,-0.8013750000000013,200,0,0,1,0.04786150712830957,0.055,1.0,1.0,0.00024012649391045977,7.407825160771608e-05,0.005274654294364155,0.07594736842105264,0.00019189473684210528,0.05789473684210526
983,-3.0185625,200,0,0,1,0.04781281790437437,0.055,1.0,1.0,0.0005893349146518426,0.0005158704242203384,0.00511309621646069,0.07594736842105264,0.00019189473684210528,0.05789473684210526
984,20.949749999999998,120,1,0,1,0.047764227642276426,0.055,1.0,1.0,0.00032723331763368787,0.0005193844623863697,0.005301781322807074,0.07594736842105264,0.00019189473684210528,0.05789473684210526
985,-2.879999999999999,200,0,0,1,0.047715736040609136,0.055,1.0,1.0,-0.0007913114285401099,0.0003217595138121396,0.0053593408770393584,0.07594736842105264,0.00019189473684210528,0.05789473684210526
986,-2.9683749999999995,200,0,0,1,0.04766734279918864,0.055,1.0,1.0,-0.0011081041629908035,-0.000446549630491063,0.004810469730524346,0.07594736842105264,0.00019189473684210528,0.05789473684210526
987,-0.43337500000000034,200,0,0,1,0.047619047619047616,0.055,1.0,1.0,0.0005837677810570153,-3.328476683236658e-05,0.005558212859788909,0.07594736842105264,0.00019189473684210528,0.05789473684210526
988,-0.41349999999999687,200,0,0,1,0.04757085020242915,0.055,1.0,1.0,0.0035185868952017137,0.0006607231779489666,0.006644986318191513,0.07594736842105264,0.00019189473684210528,0.05789473684210526
989,-2.7659062499999996,200,0,0,1,0.047522750252780584,0.055,1.0,1.0,0.0004468887031638784,0.0002735072923824191,0.006465516702271998,0.07594736842105264,0.00019189473684210528,0.05789473684210526
990,20.3521875,139,1,0,1,0.047474747474747475,0.055,1.0,1.0,0.029090924090588256,0.006034519696375355,0.012456958340713755,0.07594736842105264,0.00019189473684210528,0.05789473684210526
991,-0.037750000000001324,200,0,0,1,0.04742684157416751,0.05,1.0,1.0,0.009817943465161849,0.006102838513441384,0.012462929955683648,0.07594736842105264,0.00019189473684210528,0.05789473684210526
992,-2.796000000000002,200,0,0,1,0.047379032258064516,0.05,1.0,1.0,0.0037540949003999633,0.005683416771003976,0.011777751775225625,0.07631578947368421,0.00019263157894736842,0.052631578947368425
993,-2.896031250000001,200,0,0,1,0.0473313192346425,0.05,1.0,1.0,0.0009112506075688888,0.00551300408761017,0.011644032570766285,0.07631578947368421,0.00019263157894736842,0.052631578947368425
994,-0.268500000000001,200,0,0,1,0.047283702213279676,0.05,1.0,1.0,0.0029447105348126713,0.005618714122334495,0.011392319418257102,0.07631578947368421,0.00019263157894736842,0.052631578947368425
995,-3.0239062500000005,200,0,0,1,0.04723618090452261,0.05,1.0,1.0,0.0002067967790127675,-0.00033065347280353307,0.00553079201374203,0.07631578947368421,0.00019263157894736842,0.052631578947368425
996,-2.5145000000000004,200,0,0,1,0.04718875502008032,0.05,1.0,1.0,-0.0011023799603357962,-0.0003767070912290365,0.005339704447658733,0.07631578947368421,0.00019263157894736842,0.052631578947368425
997,-2.8961562499999904,200,0,0,1,0.04714142427281846,0.05,1.0,1.0,-0.0007161465463972901,-0.0004665083759464324,0.005274612058419734,0.07631578947368421,0.00019263157894736842,0.052631578947368425
998,-2.8161875000000007,200,0,0,1,0.047094188376753505,0.05,1.0,1.0,-0.0020108236168414357,-0.0008318187994882464,0.005369999487884343,0.07631578947368421,0.00019263157894736842,0.052631578947368425
999,-0.5448750000000003,200,0,0,1,0.04704704704704705,0.045,1.0,1.0,0.0004357785260696845,-0.0008781405386980623,0.005486666869139299,0.07631578947368421,0.00019263157894736842,0.052631578947368425
1000,-0.3274999999999979,200,0,0,1,0.047,0.045,1.0,1.0,-0.0001745855383989897,-0.0006213355327490717,0.005332870792830363,0.07668421052631579,0.00019336842105263159,0.04736842105263158
1001,-2.81628125,200,0,0,1,0.04695304695304695,0.045,1.0,1.0,-0.0006112353514267629,-0.00046101866499520836,0.00549687602207996,0.07668421052631579,0.00019336842105263159,0.04736842105263158
1002,-2.6126249999999995,200,0,0,1,0.046906187624750496,0.045,1.0,1.0,-0.000985757965603069,-0.0005802512050140649,0.005874692558543756,0.07668421052631579,0.00019336842105263159,0.04736842105263158
1003,-3.177312499999993,200,0,0,1,0.04685942173479561,0.045,1.0,1.0,-0.0015145991358847968,-0.0004018937887158245,0.005738044081022963,0.07668421052631579,0.00019336842105263159,0.04736842105263158
1004,-0.6863749999999994,200,0,0,1,0.046812749003984064,0.045,1.0,1.0,-0.0007040207514689051,-0.0009588164936285466,0.005186024482129141,0.07668421052631579,0.00019336842105263159,0.04736842105263158
1005,-2.7664062500000006,200,0,0,1,0.046766169154228855,0.045,1.0,1.0,-0.0007194889436620206,-0.0010410828299354763,0.005154169306857512,0.07668421052631579,0.00019336842105263159,0.04736842105263158
1006,-0.1950625000000013,200,0,0,1,0.04671968190854871,0.045,1.0,1.0,-0.0006914680620230468,-0.0010226553231477736,0.005188148450106383,0.07668421052631579,0.00019336842105263159,0.04736842105263158
1007,-0.7129375000000008,200,0,0,1,0.04667328699106256,0.045,1.0,1.0,0.00025376205083131446,-0.0003979610970709473,0.005478349359938875,0.07668421052631579,0.00019336842105263159,0.04736842105263158
1008,-0.8500000000000014,200,0,0,1,0.04662698412698413,0.045,1.0,1.0,-0.00037352987775205257,-0.00020134160853922366,0.005508395062759518,0.07668421052631579,0.00019336842105263159,0.04736842105263158
1009,-2.8199999999999985,200,0,0,1,0.04658077304261645,0.045,1.0,1.0,-0.0008715521775888827,-0.00039189958525821567,0.005629213246982545,0.07668421052631579,0.00019336842105263159,0.04736842105263158
1010,-2.6196875,200,0,0,1,0.046534653465346534,0.04,1.0,1.0,-0.0008355875655504155,-0.0003234046355355531,0.005677813894348219,0.07668421052631579,0.00019336842105263159,0.04736842105263158
1011,-3.200218750000001,200,0,0,1,0.04648862512363996,0.04,1.0,1.0,-0.0016543360193480327,-0.0006062757407780736,0.0055396646929439155,0.07705263157894737,0.00019410526315789475,0.04210526315789474
1012,-0.5031250000000014,200,0,0,1,0.046442687747035576,0.04,1.0,1.0,-0.001955578599908939,-0.0013816507142037154,0.0047346764970570806,0.07705263157894737,0.00019410526315789475,0.04210526315789474
1013,-0.7100000000000007,200,0,0,1,0.04639684106614018,0.04,1.0,1.0,-0.0017823034692845494,-0.0015838726832298562,0.004655939809861593,0.07705263157894737,0.00019410526315789475,0.04210526315789474
1014,-0.22012500000000118,200,0,0,1,0.046351084812623275,0.04,1.0,1.0,-0.0007101583545211122,-0.0013804310637060553,0.004616744781145826,0.07705263157894737,0.00019410526315789475,0.04210526315789474
1015,-0.06046875000000103,200,0,0,1,0.04630541871921182,0.04,1.0,1.0,0.000251826285369561,-0.0011339030972449108,0.004800162726896815,0.07705263157894737,0.00019410526315789475,0.04210526315789474
1016,20.8995,111,1,0,1,0.04625984251968504,0.04,1.0,1.0,1.5290783516610344e-05,-0.0009581339429132641,0.004747210071887821,0.07705263157894737,0.00019410526315789475,0.04210526315789474
1017,-2.9235624999999996,200,0,0,1,0.046214355948869225,0.04,1.0,1.0,-0.0011227113425071765,-0.0009320874362019821,0.004734612082946114,0.07705263157894737,0.00019410526315789475,0.04210526315789474
1018,-0.2608750000000009,200,0,0,1,0.04616895874263261,0.04,1.0,1.0,-0.0007374006330899119,-0.0005811911858618259,0.004990813689306379,0.07705263157894737,0.00019410526315789475,0.04210526315789474
1019,20.81209375,127,1,0,1,0.04612365063788027,0.04,1.0,1.0,0.0014457332059370383,3.157721692696214e-05,0.005876306479331106,0.07705263157894737,0.00019410526315789475,0.04210526315789474
1020,19.898124999999997,199,1,0,1,0.04607843137254902,0.035,1.0,1.0,0.0010907228229836755,0.00043264220934361217,0.006378357608802616,0.07705263157894737,0.00019410526315789475,0.04210526315789474
1021,-2.920000000000001,200,0,0,1,0.04603330068560235,0.03,1.0,1.0,-0.0005226716747885665,-7.510418992023915e-05,0.0061380000765202565,0.07742105263157895,0.0001948421052631579,0.0368421052631579
1022,21.7814375,60,1,1,1,0.046966731898238745,0.035,1.0,1.0,-0.0005692273873224748,7.728266064077616e-06,0.006168382433708757,0.07778947368421053,0.00019557894736842106,0.031578947368421054
1023,20.8281875,122,1,0,1,0.0469208211143695,0.035,1.0,1.0,0.02987496815488634,0.006203186030499637,0.012555613526143134,0.07742105263157895,0.0001948421052631579,0.0368421052631579
1024,21.811,58,1,1,1,0.0478515625,0.04,1.0,1.0,0.022031909512731658,0.006383084503817372,0.012652901342255064,0.07742105263157895,0.0001948421052631579,0.0368421052631579
1025,-0.7481250000000013,200,0,0,1,0.04780487804878049,0.04,1.0,1.0,0.009296832402596013,0.006850688476697541,0.012770146473660133,0.07705263157894737,0.00019410526315789475,0.04210526315789474
1026,-0.3323750000000009,200,0,0,1,0.04775828460038986,0.04,1.0,1.0,0.0035307894922117305,0.006349473832640797,0.011945623179432005,0.07705263157894737,0.00019410526315789475,0.04210526315789474
1027,-2.5483750000000005,200,0,0,1,0.04771178188899708,0.04,1.0,1.0,0.0007636450191394269,0.005929997689789161,0.011215790793532505,0.07705263157894737,0.00019410526315789475,0.04210526315789474
1028,-0.2727500000000007,200,0,0,1,0.047665369649805445,0.04,1.0,1.0,-5.7592706713153486e-05,0.0060447665015235545,0.011193871601484716,0.07705263157894737,0.00019410526315789475,0.04210526315789474
1029,-0.7243124999999995,200,0,0,1,0.047619047619047616,0.04,1.0,1.0,-0.0009263508206115536,-0.00014842217694967984,0.005165113053284586,0.07705263157894737,0.00019410526315789475,0.04210526315789474
1030,-2.8928125,200,0,0,1,0.04757281553398058,0.04,1.0,1.0,-0.0011232327422158177,-0.0008168289095629007,0.004969681832240894,0.07705263157894737,0.00019410526315789475,0.04210526315789474
1031,20.351125,147,1,0,1,0.0475266731328807,0.04,1.0,1.0,-0.0008006783880036121,-0.0009603922944515943,0.004931821106001735,0.07705263157894737,0.00019410526315789475,0.04210526315789474
1032,20.972,129,1,0,1,0.04748062015503876,0.04,1.0,1.0,-0.00036782689752511177,-0.0007673572684871033,0.005057793025975116,0.07705263157894737,0.00019410526315789475,0.04210526315789474
1033,-0.6845625000000013,200,0,0,1,0.04743465634075508,0.04,1.0,1.0,0.0016096738858784932,3.538060572464019e-05,0.0057277507147518916,0.07705263157894737,0.00019410526315789475,0.04210526315789474
1034,-0.28387500000000093,200,0,0,1,0.047388781431334626,0.04,1.0,1.0,0.001453750660471515,0.0004583365904400125,0.005809011553763412,0.07705263157894737,0.00019410526315789475,0.04210526315789474
1035,-0.5720312499999988,200,0,0,1,0.04734299516908213,0.04,1.0,1.0,0.0008302034630289108,0.0007315018918598071,0.005626749519607984,0.07705263157894737,0.00019410526315789475,0.04210526315789474
1036,-0.6247500000000015,200,0,0,1,0.0472972972972973,0.04,1.0,1.0,0.0018068225009891222,0.0010683090803213417,0.006143412779550999,0.07705263157894737,0.00019410526315789475,0.04210526315789474
1037,-1.082593750000002,200,0,0,1,0.04725168756027001,0.04,1.0,1.0,-0.00011209153652729721,0.0008590716507751495,0.005952655906556174,0.07705263157894737,0.00019410526315789475,0.04210526315789474
1038,-0.7048749999999997,200,0,0,1,0.04720616570327553,0.04,1.0,1.0,-0.0008421288965686057,-4.118180833756924e-06,0.005401257312856614,0.07705263157894737,0.00019410526315789475,0.04210526315789474
1039,-2.714937500000001,200,0,0,1,0.04716073147256978,0.04,1.0,1.0,-0.0005206414372589492,-0.0002747396035119891,0.005068500778637826,0.07705263157894737,0.00019410526315789475,0.04210526315789474
1040,20.205,173,1,0,1,0.047115384615384615,0.04,1.0,1.0,-0.0008459700991216136,-0.0005483046630397439,0.005047191471792757,0.07705263157894737,0.00019410526315789475,0.04210526315789474
1041,-0.47765625000000056,200,0,0,1,0.04707012487992315,0.04,1.0,1.0,-0.0007810578696318076,-0.00023407766502350568,0.0048577776839956645,0.07705263157894737,0.00019410526315789475,0.04210526315789474
1042,-0.31537500000000024,200,0,0,1,0.04702495201535509,0.04,1.0,1.0,0.0018165475736494916,0.00011546441284008324,0.005127761478303,0.07705263157894737,0.00019410526315789475,0.04210526315789474
1043,-2.9648125000000003,200,0,0,1,0.04697986577181208,0.04,1.0,1.0,0.0003421566141478879,4.068992077372968e-05,0.005043295441428199,0.07705263157894737,0.00019410526315789475,0.04210526315789474
1044,-2.5328749999999998,200,0,0,1,0.04693486590038314,0.04,1.0,1.0,-0.0007109069482091909,-4.0421296143904326e-05,0.005132970724487677,0.07705263157894737,0.00019410526315789475,0.04210526315789474
1045,-0.4706250000000008,200,0,0,1,0.04688995215311005,0.04,1.0,1.0,-0.0001716697534960771,9.678870416246355e-05,0.005120027948403731,0.07705263157894737,0.00019410526315789475,0.04210526315789474
1046,0.0008124999999992166,200,0,0,1,0.04684512428298279,0.04,1.0,1.0,0.0010999459406549968,0.0006383628123439848,0.0061028021066449585,0.07705263157894737,0.00019410526315789475,0.04210526315789474
1047,-2.962281250000001,200,0,0,1,0.04680038204393505,0.04,1.0,1.0,-0.0004212390135610986,-0.0003249361424241215,0.0056754431782756,0.07705263157894737,0.00019410526315789475,0.04210526315789474
1048,-3.0522500000000004,200,0,0,1,0.046755725190839696,0.04,1.0,1.0,-0.0009118593986442654,-0.0004714522992726415,0.0057615724278148265,0.07705263157894737,0.00019410526315789475,0.04210526315789474
1049,-0.9844375000000016,200,0,0,1,0.04671115347950429,0.04,1.0,1.0,-0.0011911042082112862,-0.00047027888335287574,0.005834555430337787,0.07705263157894737,0.00019410526315789475,0.04210526315789474
1050,21.1375,112,1,0,1,0.04666666666666667,0.04,1.0,1.0,-0.001618838881249143,-0.0004989640091080218,0.0058156910140533,0.07705263157894737,0.00019410526315789475,0.04210526315789474
1051,-0.5335312500000008,200,0,0,1,0.046622264509990484,0.04,1.0,1.0,-0.0006133817584829633,-0.0010849390202201904,0.005136038313154131,0.07705263157894737,0.00019410526315789475,0.04210526315789474
1052,-2.309375,200,0,0,1,0.04657794676806084,0.04,1.0,1.0,-0.0005647932727303775,-0.0009861613826360554,0.005041270853718743,0.07705263157894737,0.00019410526315789475,0.04210526315789474
1053,-2.8400000000000003,200,0,0,1,0.04653371320037987,0.04,1.0,1.0,-0.00044221367942893326,-0.0006927145160734653,0.00499103432148695,0.07705263157894737,0.00019410526315789475,0.04210526315789474
1054,-0.6117499999999996,200,0,0,1,0.046489563567362426,0.04,1.0,1.0,-0.0007801114039553239,-0.0007772926378529518,0.004798256980953738,0.07705263157894737,0.00019410526315789475,0.04210526315789474
1055,-0.6659375000000017,200,0,0,1,0.046445497630331754,0.035,1.0,1.0,-0.0003054240816302183,-0.0003416362365242094,0.005171314857667312,0.07705263157894737,0.00019410526315789475,0.04210526315789474
1056,-0.7160000000000012,200,0,0,1,0.04640151515151515,0.035,1.0,1.0,0.0003577800787504797,3.133048792369664e-05,0.005584095847560093,0.07742105263157895,0.0001948421052631579,0.0368421052631579
1057,-0.9919687500000013,200,0,0,1,0.046357615894039736,0.035,1.0,1.0,7.936345220924242e-06,2.9786380240693687e-05,0.005415922173997387,0.07742105263157895,0.0001948421052631579,0.0368421052631579
1058,-0.10256250000000151,200,0,0,1,0.046313799621928164,0.035,1.0,1.0,-0.0008506551047561319,-0.00019239589129574597,0.0056984511234331875,0.07742105263157895,0.0001948421052631579,0.0368421052631579
1059,-0.14665624999999988,200,0,0,1,0.04627006610009443,0.035,1.0,1.0,-0.0009401911618659019,-0.00023836707044392824,0.005524399102665484,0.07742105263157895,0.0001948421052631579,0.0368421052631579
1060,-0.46250000000000113,200,0,0,1,0.04622641509433962,0.035,1.0,1.0,0.0013693085247614635,0.0001477759114932269,0.0060443171702791,0.07742105263157895,0.0001948421052631579,0.0368421052631579
1061,-0.5007812500000002,200,0,0,1,0.046182846371347785,0.035,1.0,1.0,0.0033874199270031934,0.00031857511587440965,0.006163917301222682,0.07742105263157895,0.0001948421052631579,0.0368421052631579
1062,-0.5245625000000012,200,0,0,1,0.046139359698681735,0.035,1.0,1.0,0.002700026685553382,0.0008229972866829484,0.006725503310794011,0.07742105263157895,0.0001948421052631579,0.0368421052631579
1063,-0.5028750000000004,200,0,0,1,0.04609595484477893,0.03,1.0,1.0,0.0008809417610591156,0.001105034026550129,0.006480132170720026,0.07742105263157895,0.0001948421052631579,0.0368421052631579
1064,-0.6582500000000012,200,0,0,1,0.046052631578947366,0.03,1.0,1.0,-0.0006349550545124752,0.0010163731358479708,0.006574160325573757,0.07778947368421053,0.00019557894736842106,0.031578947368421054
1065,21.96859375,39,1,1,1,0.046948356807511735,0.035,1.0,1.0,-0.00038493082765987034,0.0010046280478127302,0.006492493710946292,0.07778947368421053,0.00019557894736842106,0.031578947368421054
1066,-0.981687500000001,200,0,0,1,0.04690431519699812,0.035,1.0,1.0,-0.0011058254599813691,0.00042321082134731116,0.005822861187858507,0.07742105263157895,0.0001948421052631579,0.0368421052631579
1067,-0.5133750000000018,200,0,0,1,0.046860356138706656,0.035,1.0,1.0,-0.00032655717730556015,-0.00018467746837995947,0.005252256462117657,0.07742105263157895,0.0001948421052631579,0.0368421052631579
1068,-0.4218750000000006,200,0,0,1,0.04681647940074907,0.035,1.0,1.0,0.0017979045786786984,-7.448311685584485e-05,0.005398248711368069,0.07742105263157895,0.0001948421052631579,0.0368421052631579
1069,20.91478125,99,1,0,1,0.04677268475210477,0.035,1.0,1.0,0.002790897463185301,0.0004858270839322358,0.006016421385807916,0.07742105263157895,0.0001948421052631579,0.0368421052631579
1070,-0.7068750000000016,200,0,0,1,0.04672897196261682,0.035,1.0,1.0,0.0009572049495381836,0.0007360309537034482,0.005967178081395104,0.07742105263157895,0.0001948421052631579,0.0368421052631579
1071,-0.31081249999999994,200,0,0,1,0.04668534080298786,0.035,1.0,1.0,0.001476474964016833,0.0013280242781620473,0.006549342137994245,0.07742105263157895,0.0001948421052631579,0.0368421052631579
1072,-0.47400000000000103,200,0,0,1,0.04664179104477612,0.035,1.0,1.0,0.0018312318594747934,0.0020719091463834048,0.007218822268769145,0.07742105263157895,0.0001948421052631579,0.0368421052631579
1073,-3.3888125,200,0,0,1,0.046598322460391424,0.035,1.0,1.0,-0.0002902133341874716,0.0016619125625584276,0.007285625112941488,0.07742105263157895,0.0001948421052631579,0.0368421052631579
1074,-0.7900000000000003,200,0,0,1,0.04655493482309125,0.035,1.0,1.0,-0.00044409226327030295,0.00045635369047522544,0.006090050466358661,0.07742105263157895,0.0001948421052631579,0.0368421052631579
1075,-2.4343750000000006,200,0,0,1,0.046511627906976744,0.035,1.0,1.0,-9.97371257066684e-05,0.00034151588031090796,0.006561471387511119,0.07742105263157895,0.0001948421052631579,0.0368421052631579
1076,-2.6172500000000007,200,0,0,1,0.046468401486988845,0.035,1.0,1.0,-0.0002423506081971739,-0.00022783426428213716,0.006000655720476061,0.07742105263157895,0.0001948421052631579,0.0368421052631579
1077,-0.46462500000000034,200,0,0,1,0.04642525533890436,0.035,1.0,1.0,-0.0010647166542253135,-0.0009109102571383119,0.005327084892429412,0.07742105263157895,0.0001948421052631579,0.0368421052631579
1078,20.447875,146,1,0,1,0.04638218923933209,0.035,1.0,1.0,0.0012013321364853164,-0.00019023740058764815,0.005760970366653055,0.07742105263157895,0.0001948421052631579,0.0368421052631579
1079,-0.47359375000000137,200,0,0,1,0.04633920296570899,0.035,1.0,1.0,0.00228558406711398,0.0006410474465228617,0.005946917140390724,0.07742105263157895,0.0001948421052631579,0.0368421052631579
1080,21.73625,51,1,1,1,0.04722222222222222,0.04,1.0,1.0,0.031940045256509376,0.006637935413047671,0.01191868636570871,0.07742105263157895,0.0001948421052631579,0.0368421052631579
1081,-0.9199999999999998,200,0,0,1,0.04717853839037928,0.04,1.0,1.0,0.011676323901524907,0.006751592394663021,0.01142578764562495,0.07705263157894737,0.00019410526315789475,0.04210526315789474
1082,21.6683125,72,1,1,1,0.04805914972273567,0.045,1.0,1.0,0.03863681929300379,0.012934172256849705,0.017348112490959466,0.07705263157894737,0.00019410526315789475,0.04210526315789474
1083,-2.859999999999999,200,0,0,1,0.04801477377654663,0.045,1.0,1.0,0.013926717884170778,0.01288885257882066,0.017292743424652143,0.07668421052631579,0.00019336842105263159,0.04736842105263158
1084,20.8445,108,1,0,1,0.04797047970479705,0.045,1.0,1.0,0.007905924776747189,0.01299215942970477,0.017389552492881193,0.07668421052631579,0.00019336842105263159,0.04736842105263158
1085,-0.19125000000000167,200,0,0,1,0.047926267281105994,0.045,1.0,1.0,0.004622819799555445,0.012899620109936222,0.017413719596574083,0.07668421052631579,0.00019336842105263159,0.04736842105263158
1086,-0.7557500000000006,200,0,0,1,0.04788213627992634,0.045,1.0,1.0,0.0010649027976883726,0.012104155487380922,0.016889867769554257,0.07668421052631579,0.00019336842105263159,0.04736842105263158
1087,20.916187500000003,118,1,0,1,0.04783808647654094,0.045,1.0,1.0,0.0030978682579155033,0.006739808748476207,0.011615886999294162,0.07668421052631579,0.00019336842105263159,0.04736842105263158
1088,-0.3740000000000016,200,0,0,1,0.04779411764705882,0.045,1.0,1.0,0.00021101061291157623,0.00041206681216135623,0.006047079636249691,0.07668421052631579,0.00019336842105263159,0.04736842105263158
1089,-2.7390312500000014,200,0,0,1,0.047750229568411386,0.045,1.0,1.0,-0.000615753819181329,0.0002536438482347876,0.005868271981133148,0.07668421052631579,0.00019336842105263159,0.04736842105263158
1090,-3.151874999999997,200,0,0,1,0.047706422018348627,0.04,1.0,1.0,-0.001056012782266837,0.00011020551854744554,0.00585810909094289,0.07668421052631579,0.00019336842105263159,0.04736842105263158
1091,-2.223656250000001,200,0,0,1,0.04766269477543538,0.04,1.0,1.0,-0.0010111870863779176,-0.0003548322138376534,0.0053939541750587525,0.07705263157894737,0.00019410526315789475,0.04210526315789474
1092,-0.536500000000001,200,0,0,1,0.047619047619047616,0.04,1.0,1.0,-0.0005915599702480863,-0.0011161154771689326,0.0047295372209046034,0.07705263157894737,0.00019410526315789475,0.04210526315789474
1093,21.993375,29,1,1,1,0.0484903934126258,0.045,1.0,1.0,0.02985189077686307,0.0049864248691592365,0.010808594662463292,0.07705263157894737,0.00019410526315789475,0.04210526315789474
1094,-0.3251250000000008,200,0,0,1,0.048446069469835464,0.045,1.0,1.0,0.01335916388868174,0.005855076232575812,0.011364176548668184,0.07668421052631579,0.00019336842105263159,0.04736842105263158
1095,-2.8284375000000015,200,0,0,1,0.048401826484018265,0.045,1.0,1.0,0.0038851398007834683,0.005741948594222776,0.0114128801751649,0.07668421052631579,0.00019336842105263159,0.04736842105263158
1096,20.47675,152,1,0,1,0.048357664233576646,0.045,1.0,1.0,0.002033498354334204,0.006003660578862764,0.011191485774354078,0.07668421052631579,0.00019336842105263159,0.04736842105263158
1097,-0.23425000000000146,200,0,0,1,0.04831358249772106,0.045,1.0,1.0,0.0004388061726523035,0.006130658012931235,0.011183021417004056,0.07668421052631579,0.00019336842105263159,0.04736842105263158
1098,-3.01,200,0,0,1,0.0482695810564663,0.045,1.0,1.0,-0.00011789592524854016,0.005957834731903858,0.011212630071793683,0.07668421052631579,0.00019336842105263159,0.04736842105263158
1099,-0.2754062499999972,200,0,0,1,0.048225659690627844,0.045,1.0,1.0,-0.0008146013927135059,-0.0007394168132450431,0.004339688310166821,0.07668421052631579,0.00019336842105263159,0.04736842105263158
1100,-3.0612500000000016,200,0,0,1,0.04818181818181818,0.045,1.0,1.0,-0.0011813546868974683,-0.0008390655242837966,0.004210100109223277,0.07668421052631579,0.00019336842105263159,0.04736842105263158
1101,0.025343749999999318,200,0,0,1,0.048138056312443236,0.045,1.0,1.0,-0.0001819866059950573,-0.0006696463073603809,0.004337250645738095,0.07668421052631579,0.00019336842105263159,0.04736842105263158
1102,-2.7694374999999964,200,0,0,1,0.04809437386569873,0.045,1.0,1.0,-0.0017063125002025744,-0.001084991773823276,0.004259478697786107,0.07668421052631579,0.00019336842105263159,0.04736842105263158
1103,-2.9005312500000007,200,0,0,1,0.04805077062556664,0.045,1.0,1.0,-0.0015024159573785684,-0.0012210423952201382,0.004398796095163561,0.07668421052631579,0.00019336842105263159,0.04736842105263158
1104,-2.8900000000000006,200,0,0,1,0.04800724637681159,0.045,1.0,1.0,-0.0013462291226879037,-0.0012438221020856872,0.004300117267877795,0.07668421052631579,0.00019336842105263159,0.04736842105263158
1105,19.87140625,169,1,0,1,0.04796380090497738,0.045,1.0,1.0,-0.001705037213332247,-0.0014569843221688642,0.004447949058958329,0.07668421052631579,0.00019336842105263159,0.04736842105263158
1106,-0.41737499999999994,200,0,0,1,0.04792043399638336,0.045,1.0,1.0,0.00014161097263986478,-0.0010567505398066715,0.004966805100557394,0.07668421052631579,0.00019336842105263159,0.04736842105263158
1107,-0.8395937500000014,200,0,0,1,0.04787714543812105,0.045,1.0,1.0,0.0006866724993427371,-0.00035264236165676266,0.005472476732567884,0.07668421052631579,0.00019336842105263159,0.04736842105263158
1108,-0.3777499999999978,200,0,0,1,0.04783393501805054,0.045,1.0,1.0,0.003016993119560066,0.0004673309547360986,0.006096526585752144,0.07668421052631579,0.00019336842105263159,0.04736842105263158
1109,-2.93,200,0,0,1,0.047790802524797116,0.04,1.0,1.0,0.00015039754067040903,0.0005061698607169092,0.005867310885805637,0.07668421052631579,0.00019336842105263159,0.04736842105263158
1110,0.002499999999998892,200,0,0,1,0.047747747747747746,0.04,1.0,1.0,-0.0007419536879149137,0.0005508731475565582,0.006075324991485104,0.07705263157894737,0.00019410526315789475,0.04210526315789474
1111,-0.7697187500000016,200,0,0,1,0.04770477047704771,0.04,1.0,1.0,-0.0014593630595576698,-0.00012307686987333,0.005691647584317252,0.07705263157894737,0.00019410526315789475,0.04210526315789474
1112,21.05225,124,1,0,1,0.047661870503597124,0.04,1.0,1.0,0.03107537204424168,0.005926335294963792,0.01154004246997647,0.07705263157894737,0.00019410526315789475,0.04210526315789474
1113,-0.48890625000000165,200,0,0,1,0.047619047619047616,0.04,1.0,1.0,0.010236738874126978,0.005932876995066181,0.011432706711580977,0.07705263157894737,0.00019410526315789475,0.04210526315789474
1114,20.161312499999998,169,1,0,1,0.04757630161579892,0.04,1.0,1.0,0.004067409358733977,0.005211048230761662,0.010862440103432163,0.07705263157894737,0.00019410526315789475,0.04210526315789474
1115,20.5709375,132,1,0,1,0.04753363228699552,0.04,1.0,1.0,0.002277320644142116,0.005490451734978706,0.010930729081388563,0.07705263157894737,0.00019410526315789475,0.04210526315789474
1116,-0.6997500000000016,200,0,0,1,0.047491039426523295,0.04,1.0,1.0,-7.552890021538516e-05,0.00546102250716649,0.010517229659715667,0.07705263157894737,0.00019410526315789475,0.04210526315789474
1117,-2.6297187500000008,200,0,0,1,0.047448522829006266,0.04,1.0,1.0,-0.0006429987806031956,0.005609477086225525,0.010184121034806594,0.07705263157894737,0.00019410526315789475,0.04210526315789474
1118,-0.26962500000000084,200,0,0,1,0.04740608228980322,0.04,1.0,1.0,0.0021859974917685246,-0.0002124805434141308,0.004380046349251643,0.07705263157894737,0.00019410526315789475,0.04210526315789474
1119,-0.7799375000000018,200,0,0,1,0.04736371760500447,0.04,1.0,1.0,0.0017199645186864215,0.0005326342856278643,0.005227524264366366,0.07705263157894737,0.00019410526315789475,0.04210526315789474
1120,-0.6500000000000009,200,0,0,1,0.04732142857142857,0.04,1.0,1.0,0.002009990069078993,0.0008990121305396314,0.006061939514387632,0.07705263157894737,0.00019410526315789475,0.04210526315789474
1121,-0.3601875000000011,200,0,0,1,0.04727921498661909,0.04,1.0,1.0,0.00034438053551846115,0.001082561269722646,0.006392228688724572,0.07705263157894737,0.00019410526315789475,0.04210526315789474
1122,-2.830062499999994,200,0,0,1,0.04723707664884135,0.04,1.0,1.0,-0.0010114764264833407,0.0009356817962543573,0.006393459373532096,0.07705263157894737,0.00019410526315789475,0.04210526315789474
1123,-2.8899999999999997,200,0,0,1,0.04719501335707925,0.04,1.0,1.0,-0.0014670585827760638,8.254247633158229e-05,0.00583224586295546,0.07705263157894737,0.00019410526315789475,0.04210526315789474
1124,-0.9701250000000006,200,0,0,1,0.04715302491103203,0.04,1.0,1.0,-0.001321394969043579,-0.0006220843724731821,0.004958566558343591,0.07705263157894737,0.00019410526315789475,0.04210526315789474
1125,20.748906249999997,142,1,0,1,0.04711111111111111,0.04,1.0,1.0,-0.0004522081544951338,-0.0010209814680565614,0.004247838485782267,0.07705263157894737,0.00019410526315789475,0.04210526315789474
1126,-2.7503750000000013,200,0,0,1,0.04706927175843695,0.04,1.0,1.0,-0.0007426852216741427,-0.0010651947596634272,0.004658955492224777,0.07705263157894737,0.00019410526315789475,0.04210526315789474
1127,-0.7104374999999999,200,0,0,1,0.04702750665483585,0.04,1.0,1.0,-0.00038616669644434985,-0.0008834421291539911,0.004864966106746579,0.07705263157894737,0.00019410526315789475,0.04210526315789474
1128,-2.4909999999999988,200,0,0,1,0.04698581560283688,0.04,1.0,1.0,-0.0006183453598200595,-0.0007923932521662209,0.0049754927995672915,0.07705263157894737,0.00019410526315789475,0.04210526315789474
1129,-2.71028125,200,0,0,1,0.046944198405668734,0.04,1.0,1.0,-0.0008986614795928759,-0.000578319445165107,0.004967069288628409,0.07705263157894737,0.00019410526315789475,0.04210526315789474
1130,-2.7903125000000006,200,0,0,1,0.046902654867256637,0.04,1.0,1.0,-0.000979168239015483,-0.0006761061665602028,0.004707077695522457,0.07705263157894737,0.00019410526315789475,0.04210526315789474
1131,22.00759375,44,1,1,1,0.04774535809018567,0.045,1.0,1.0,0.002308773962817045,-7.248461525887251e-05,0.005286394846625626,0.07705263157894737,0.00019410526315789475,0.04210526315789474
1132,21.308125,76,1,0,1,0.04770318021201413,0.045,1.0,1.0,0.03106058737831876,0.005905822418397292,0.011028819775441661,0.07668421052631579,0.00019336842105263159,0.04736842105263158
1133,20.565937499999997,158,1,0,1,0.04766107678729038,0.045,1.0,1.0,0.045620788599835434,0.01264949780376628,0.01734310914343223,0.07668421052631579,0.00019336842105263159,0.04736842105263158
1134,-3.0299999999999994,200,0,0,1,0.047619047619047616,0.045,1.0,1.0,0.0164261489730392,0.012549241312779486,0.017296258631162346,0.07668421052631579,0.00019336842105263159,0.04736842105263158
1135,20.80671875,131,1,0,1,0.04757709251101322,0.045,1.0,1.0,0.038180627190563754,0.018494893715716897,0.023311020056717098,0.07668421052631579,0.00019336842105263159,0.04736842105263158
1136,21.017,110,1,0,1,0.04753521126760563,0.045,1.0,1.0,0.021908581915954004,0.01852644223929383,0.023137192038586364,0.07668421052631579,0.00019336842105263159,0.04736842105263158
1137,-0.5026562500000016,200,0,0,1,0.047493403693931395,0.045,1.0,1.0,0.007943061294895238,0.018610634715296327,0.023158938395790755,0.07668421052631579,0.00019336842105263159,0.04736842105263158
1138,-2.7811250000000007,200,0,0,1,0.04745166959578207,0.045,1.0,1.0,0.002701455223633825,0.018104176033753902,0.022689005685504526,0.07668421052631579,0.00019336842105263159,0.04736842105263158
1139,-0.989406250000001,200,0,0,1,0.04741000877963126,0.045,1.0,1.0,0.0017728444588010624,0.006084968908224255,0.01088666482968256,0.07668421052631579,0.00019336842105263159,0.04736842105263158
1140,-0.4125000000000011,200,0,0,1,0.04736842105263158,0.045,1.0,1.0,-0.00025445925496572725,0.0059036706066690385,0.011220596041996033,0.07668421052631579,0.00019336842105263159,0.04736842105263158
1141,-0.6700000000000007,200,0,0,1,0.04732690622261174,0.045,1.0,1.0,0.001887567511622345,0.0002535758423618972,0.006292304585222155,0.07668421052631579,0.00019336842105263159,0.04736842105263158
1142,-2.8506875000000003,200,0,0,1,0.047285464098073555,0.045,1.0,1.0,-0.0002791368768688797,3.064891323447227e-05,0.006477485338225961,0.07668421052631579,0.00019336842105263159,0.04736842105263158
1143,-2.979281250000001,200,0,0,1,0.047244094488188976,0.045,1.0,1.0,-0.0013964665449353508,-0.00028393135615624487,0.006335619595134631,0.07668421052631579,0.00019336842105263159,0.04736842105263158
1144,-3.446250000000002,200,0,0,1,0.0472027972027972,0.045,1.0,1.0,-0.0018656909229842172,-0.0011138702996540814,0.005751293934183195,0.07668421052631579,0.00019336842105263159,0.04736842105263158
1145,19.64765625,180,1,0,1,0.04716157205240175,0.045,1.0,1.0,0.028470416580295102,0.004943778339365963,0.011643111495359335,0.07668421052631579,0.00019336842105263159,0.04736842105263158
1146,-0.6332500000000009,200,0,0,1,0.04712041884816754,0.045,1.0,1.0,0.009614994456306626,0.0049722038943436925,0.011378006416198332,0.07668421052631579,0.00019336842105263159,0.04736842105263158
1147,-2.63253125,200,0,0,1,0.047079337401918046,0.045,1.0,1.0,0.002622535937752557,0.004381638757244218,0.010776116686232854,0.07668421052631579,0.00019336842105263159,0.04736842105263158
1148,-0.13699999999999934,200,0,0,1,0.047038327526132406,0.045,1.0,1.0,0.0020571091691064516,0.005350365192454774,0.011067387969058472,0.07668421052631579,0.00019336842105263159,0.04736842105263158
1149,-0.7027187500000013,200,0,0,1,0.04699738903394256,0.045,1.0,1.0,0.0012392885460162776,0.005869382218981627,0.011544621869979892,0.07668421052631579,0.00019336842105263159,0.04736842105263158
1150,-0.6918750000000011,200,0,0,1,0.04695652173913043,0.045,1.0,1.0,0.0015894797317890555,0.0004951574187725782,0.006156205093488097,0.07668421052631579,0.00019336842105263159,0.04736842105263158
1151,20.89128125,133,1,0,1,0.04691572545612511,0.045,1.0,1.0,0.00060205355477203,0.0006282619596458971,0.006099744153674692,0.07668421052631579,0.00019336842105263159,0.04736842105263158
1152,-3.019,200,0,0,1,0.046875,0.045,1.0,1.0,-0.0007021522947285815,0.0005391842119861394,0.005983114610193297,0.07668421052631579,0.00019336842105263159,0.04736842105263158
1153,-0.7020625000000011,200,0,0,1,0.046834345186470075,0.045,1.0,1.0,-0.0006842352757569042,-4.096578061580658e-05,0.005530756467953324,0.07668421052631579,0.00019336842105263159,0.04736842105263158
1154,-0.5931874999999976,200,0,0,1,0.04679376083188908,0.045,1.0,1.0,-0.0013908821737438942,-0.0006477844368200749,0.0048873186267446725,0.07668421052631579,0.00019336842105263159,0.04736842105263158
1155,-0.58328125,200,0,0,1,0.046753246753246755,0.045,1.0,1.0,0.001468271746529759,-0.000574971055611968,0.004784769646823406,0.07668421052631579,0.00019336842105263159,0.04736842105263158
1156,21.31325,85,1,0,1,0.04671280276816609,0.045,1.0,1.0,0.002815319031232744,9.916247590444982e-05,0.005368731059366837,0.07668421052631579,0.00019336842105263159,0.04736842105263158
1157,20.22421875,164,1,0,1,0.046672428694900604,0.045,1.0,1.0,0.001163241146821066,0.0001302911809179932,0.005711095481878146,0.07668421052631579,0.00019336842105263159,0.04736842105263158
1158,-0.8300000000000003,200,0,0,1,0.046632124352331605,0.045,1.0,1.0,-0.0005657241947676028,9.17030714917928e-05,0.005810195169178769,0.07668421052631579,0.00019336842105263159,0.04736842105263158
1159,-0.7024375000000009,200,0,0,1,0.04659188955996549,0.045,1.0,1.0,-0.0011040644598580836,0.00010159271280281246,0.0056712754045147445,0.07668421052631579,0.00019336842105263159,0.04736842105263158
1160,-1.0962500000000002,200,0,0,1,0.04655172413793104,0.045,1.0,1.0,-0.001513789685752197,-1.9468822749331592e-05,0.0056356349915731695,0.07668421052631579,0.00019336842105263159,0.04736842105263158
1161,-0.49768750000000084,200,0,0,1,0.046511627906976744,0.045,1.0,1.0,-0.0011416332623754434,-0.0011961321264097934,0.0047412582944671156,0.07668421052631579,0.00019336842105263159,0.04736842105263158
1162,20.336875,180,1,0,1,0.04647160068846816,0.045,1.0,1.0,0.02883757276774581,0.004765183223964414,0.01042273788843886,0.07668421052631579,0.00019336842105263159,0.04736842105263158
1163,-0.5153749999999995,200,0,0,1,0.046431642304385214,0.045,1.0,1.0,0.011267907301823617,0.005458806987007847,0.010737973301584134,0.07668421052631579,0.00019336842105263159,0.04736842105263158
1164,21.473125,63,1,1,1,0.04725085910652921,0.05,1.0,1.0,0.010779026946668806,0.005989550490718102,0.011429663465503836,0.07668421052631579,0.00019336842105263159,0.04736842105263158
1165,21.14015625,104,1,0,1,0.04721030042918455,0.05,1.0,1.0,0.009148924304295675,0.006692849095765269,0.012278923567530001,0.07631578947368421,0.00019263157894736842,0.052631578947368425
1166,-0.7028749999999999,200,0,0,1,0.04716981132075472,0.05,1.0,1.0,0.004389890479971102,0.0072674400388204954,0.012906172831455478,0.07631578947368421,0.00019263157894736842,0.052631578947368425
1167,-0.790000000000001,200,0,0,1,0.04712939160239932,0.045,1.0,1.0,0.003063950233062263,0.00783663724604412,0.01328897860777215,0.07631578947368421,0.00019263157894736842,0.052631578947368425
1168,-0.6845000000000013,200,0,0,1,0.04708904109589041,0.045,1.0,1.0,0.00017374592395389204,0.007795469118864275,0.01312638197618071,0.07668421052631579,0.00019336842105263159,0.04736842105263158
1169,21.203875,80,1,0,1,0.04704875962360992,0.045,1.0,1.0,-2.3514544618775346e-05,0.0017985927836271004,0.007305572673794813,0.07668421052631579,0.00019336842105263159,0.04736842105263158
1170,20.272187499999998,156,1,0,1,0.04700854700854701,0.04,1.0,1.0,-0.0004972399887947114,0.0012440024291863665,0.0066003006648970765,0.07668421052631579,0.00019336842105263159,0.04736842105263158
1171,-0.6147812500000012,200,0,0,1,0.04696840307429547,0.04,1.0,1.0,-0.0007657237060254362,-4.098685563076287e-05,0.005236075445427559,0.07705263157894737,0.00019410526315789475,0.04210526315789474
1172,-3.205125,200,0,0,1,0.04692832764505119,0.04,1.0,1.0,-0.0005620075683660683,-0.00034880227723624557,0.004727817712002434,0.07705263157894737,0.00019410526315789475,0.04210526315789474
1173,20.443375,132,1,0,1,0.04688832054560955,0.04,1.0,1.0,-0.0009184187372459439,-0.0009738481397507712,0.0041495588516118,0.07705263157894737,0.00019410526315789475,0.04210526315789474
1174,-3.1149374999999986,200,0,0,1,0.046848381601362864,0.04,1.0,1.0,-0.001276013818784712,-0.0010171827608719468,0.004127936539240182,0.07705263157894737,0.00019410526315789475,0.04210526315789474
1175,20.5796875,140,1,0,1,0.04680851063829787,0.04,1.0,1.0,0.028629826563584863,0.004823235605144873,0.010053832545643673,0.07705263157894737,0.00019410526315789475,0.04210526315789474
1176,19.883,169,1,0,1,0.0467687074829932,0.04,1.0,1.0,0.011722768106174201,0.004801292173564434,0.0102666853107512,0.07705263157894737,0.00019410526315789475,0.04210526315789474
1177,-2.71534375,200,0,0,1,0.04672897196261682,0.04,1.0,1.0,0.003748316956415051,0.00488828901713714,0.010082652181852609,0.07705263157894737,0.00019410526315789475,0.04210526315789474
1178,-2.799999999999999,200,0,0,1,0.0466893039049236,0.04,1.0,1.0,0.0012176818240016345,0.004820525336774154,0.010319535954160528,0.07705263157894737,0.00019410526315789475,0.04210526315789474
1179,-0.38921875000000006,200,0,0,1,0.04664970313825276,0.04,1.0,1.0,-0.0002251880265836346,0.0049945169694219655,0.010242245863428251,0.07705263157894737,0.00019410526315789475,0.04210526315789474
1180,-0.6056250000000019,200,0,0,1,0.046610169491525424,0.04,1.0,1.0,-0.0009783590525202987,0.004972118947185663,0.010341300154574127,0.07705263157894737,0.00019410526315789475,0.04210526315789474
1181,20.392374999999998,140,1,0,1,0.04657070279424217,0.04,1.0,1.0,0.0011850250476353153,-0.00029158252309207457,0.004999429227613291,0.07705263157894737,0.00019410526315789475,0.04210526315789474
1182,20.582562499999998,156,1,0,1,0.046531302876480544,0.04,1.0,1.0,0.030528034432872494,0.0056760037430176455,0.011225289366735523,0.07705263157894737,0.00019410526315789475,0.04210526315789474
1183,-0.7539375000000013,200,0,0,1,0.04649196956889264,0.04,1.0,1.0,0.012681861827533355,0.006173724928463344,0.011654738223238382,0.07705263157894737,0.00019410526315789475,0.04210526315789474
1184,-0.7020000000000008,200,0,0,1,0.0464527027027027,0.04,1.0,1.0,0.005386432574042927,0.006620725855522323,0.012196707091585266,0.07705263157894737,0.00019410526315789475,0.04210526315789474
1185,-1.0579687500000006,200,0,0,1,0.046413502109704644,0.04,1.0,1.0,0.0009100019731564809,0.006633802145777736,0.01195886676531518,0.07705263157894737,0.00019410526315789475,0.04210526315789474
1186,-3.0379375000000004,200,0,0,1,0.046374367622259695,0.04,1.0,1.0,-0.0004313707536167427,0.006097585577517748,0.0112676968164742,0.07705263157894737,0.00019410526315789475,0.04210526315789474
1187,-0.33256250000000115,200,0,0,1,0.04633529907329402,0.04,1.0,1.0,0.0018131853010112406,0.0004439963498734869,0.0060384194864309395,0.07705263157894737,0.00019410526315789475,0.04210526315789474
1188,20.93575,90,1,0,1,0.046296296296296294,0.04,1.0,1.0,0.0010716994027490847,0.000451737197174225,0.006124209931062069,0.07705263157894737,0.00019410526315789475,0.04210526315789474
1189,-0.5864687500000018,200,0,0,1,0.04625735912531539,0.04,1.0,1.0,-5.9467905199019465e-05,-0.0005410938322893344,0.005122601366078015,0.07705263157894737,0.00019410526315789475,0.04210526315789474
1190,-2.6465625,200,0,0,1,0.046218487394957986,0.04,1.0,1.0,-0.0008512312868600907,-0.0004673223841818981,0.005389103264722507,0.07705263157894737,0.00019410526315789475,0.04210526315789474
1191,-0.24553125000000164,200,0,0,1,0.04617968094038623,0.04,1.0,1.0,-0.00020580056017675954,-6.849874305771664e-05,0.006380945146607701,0.07705263157894737,0.00019410526315789475,0.04210526315789474
1192,-0.5267500000000016,200,0,0,1,0.04614093959731544,0.04,1.0,1.0,0.0018708106472870023,0.0005870021075825207,0.006837766697222833,0.07705263157894737,0.00019410526315789475,0.04210526315789474
1193,-3.350875,200,0,0,1,0.04610226320201174,0.04,1.0,1.0,-0.000616182651794432,-0.00026039292279165236,0.006290334510733374,0.07705263157894737,0.00019410526315789475,0.04210526315789474
1194,20.851499999999998,128,1,0,1,0.046063651591289785,0.04,1.0,1.0,0.029388573862236596,0.005775262395269237,0.012401118134032003,0.07705263157894737,0.00019410526315789475,0.04210526315789474
1195,-0.2964062500000014,200,0,0,1,0.04602510460251046,0.04,1.0,1.0,0.012310075191884515,0.006269249551813118,0.01307612543774303,0.07705263157894737,0.00019410526315789475,0.04210526315789474
1196,-0.8676250000000015,200,0,0,1,0.04598662207357859,0.04,1.0,1.0,0.004044952566540882,0.005873977955663577,0.012306209284579381,0.07705263157894737,0.00019410526315789475,0.04210526315789474
1197,20.34315625,167,1,0,1,0.04594820384294068,0.04,1.0,1.0,0.0014639900743504556,0.0059811064519453795,0.0124424980643671,0.07705263157894737,0.00019410526315789475,0.04210526315789474
1198,-2.9975625000000012,200,0,0,1,0.045909849749582635,0.04,1.0,1.0,-0.0007409516173551713,0.005379168944200501,0.011823463808977976,0.07705263157894737,0.00019410526315789475,0.04210526315789474
1199,-0.7149375000000007,200,0,0,1,0.045871559633027525,0.04,1.0,1.0,-0.0014461298078356118,0.0053620753318537025,0.01123325531813316,0.07705263157894737,0.00019410526315789475,0.04210526315789474
1200,-0.6074999999999987,200,0,0,1,0.04583333333333333,0.04,1.0,1.0,0.0011498135170290005,-0.0008366013197228313,0.0047849051170051095,0.07705263157894737,0.00019410526315789475,0.04210526315789474
1201,-2.9200000000000004,200,0,0,1,0.04579517069109076,0.04,1.0,1.0,-0.000836377497660463,-0.0009472791338339448,0.004730641769245267,0.07705263157894737,0.00019410526315789475,0.04210526315789474
1202,-0.6851249999999998,200,0,0,1,0.045757071547420966,0.04,1.0,1.0,3.354208278932891e-06,-0.0007257263439241797,0.005462460073875263,0.07705263157894737,0.00019410526315789475,0.04210526315789474
1203,-0.39556250000000104,200,0,0,1,0.0457190357439734,0.04,1.0,1.0,0.00025633564509573476,-0.0001268543004989624,0.0060016750758513805,0.07705263157894737,0.00019410526315789475,0.04210526315789474
1204,-2.7352500000000006,200,0,0,1,0.04568106312292359,0.04,1.0,1.0,-4.498739837433898e-06,0.0002391114786732942,0.006494999751215801,0.07705263157894737,0.00019410526315789475,0.04210526315789474
1205,-2.6453124999999993,200,0,0,1,0.04564315352697095,0.04,1.0,1.0,-0.00021842956030513496,-0.00013522398029454052,0.006147798071848228,0.07705263157894737,0.00019410526315789475,0.04210526315789474
1206,-0.890000000000001,200,0,0,1,0.04560530679933665,0.04,1.0,1.0,-0.0007177580882270156,0.00010381371597759426,0.00620753815327771,0.07705263157894737,0.00019410526315789475,0.04210526315789474
1207,21.698249999999998,72,1,1,1,0.0463960231980116,0.045,1.0,1.0,-0.0010027115224206656,0.0002170528619317338,0.0061018612313782795,0.07705263157894737,0.00019410526315789475,0.04210526315789474
1208,-0.423750000000001,200,0,0,1,0.046357615894039736,0.045,1.0,1.0,0.0005385564031316777,-0.00021700068737845867,0.0055094568711938335,0.07668421052631579,0.00019336842105263159,0.04736842105263158
1209,-2.947218749999999,200,0,0,1,0.04631927212572374,0.045,1.0,1.0,-0.0007981914306823421,-0.00023930948891211302,0.0055274652497610075,0.07668421052631579,0.00019336842105263159,0.04736842105263158
1210,-0.4640625000000012,200,0,0,1,0.04628099173553719,0.045,1.0,1.0,0.0003569850320568204,0.0001241569834528491,0.00602299289254006,0.07668421052631579,0.00019336842105263159,0.04736842105263158
1211,0.09156249999999976,200,0,0,1,0.046242774566473986,0.045,1.0,1.0,-0.00010706283666850757,5.610981851350516e-05,0.006228430942981504,0.07668421052631579,0.00019336842105263159,0.04736842105263158
1212,-2.835749999999997,200,0,0,1,0.0462046204620462,0.045,1.0,1.0,-0.00015261138963460613,0.0002818127637729049,0.006008105921559035,0.07668421052631579,0.00019336842105263159,0.04736842105263158
1213,-2.845812500000001,200,0,0,1,0.046166529266281946,0.045,1.0,1.0,-0.0005082210406079834,-0.00026014968984236476,0.005192982316497364,0.07668421052631579,0.00019336842105263159,0.04736842105263158
1214,-2.9770625000000006,200,0,0,1,0.04612850082372323,0.045,1.0,1.0,-0.001214235593613827,-0.00023822258877044078,0.00502577169520373,0.07668421052631579,0.00019336842105263159,0.04736842105263158
1215,20.501093750000003,126,1,0,1,0.04609053497942387,0.045,1.0,1.0,0.03155758256078704,0.005788134448521305,0.010929263321420876,0.07668421052631579,0.00019336842105263159,0.04736842105263158
1216,19.605,195,1,0,1,0.046052631578947366,0.045,1.0,1.0,0.013061720757194084,0.006379391174588818,0.011328908344934462,0.07668421052631579,0.00019336842105263159,0.04736842105263158
1217,-2.9099999999999993,200,0,0,1,0.04601479046836483,0.045,1.0,1.0,0.004032454843313194,0.006186539097281639,0.011137407638103468,0.07668421052631579,0.00019336842105263159,0.04736842105263158
1218,-0.3483749999999966,200,0,0,1,0.04597701149425287,0.045,1.0,1.0,0.0007646460931509452,0.005933461070802878,0.011395297581053456,0.07668421052631579,0.00019336842105263159,0.04736842105263158
1219,21.5290625,92,1,0,1,0.04593929450369155,0.045,1.0,1.0,0.03250860562385776,0.012510389584160293,0.017834221161392633,0.07668421052631579,0.00019336842105263159,0.04736842105263158
1220,-2.536250000000001,200,0,0,1,0.04590163934426229,0.045,1.0,1.0,0.010910500900723482,0.012574113246751948,0.018097743244608864,0.07668421052631579,0.00019336842105263159,0.04736842105263158
1221,20.404218750000002,151,1,0,1,0.04586404586404586,0.045,1.0,1.0,0.03559646350375389,0.012471687283366919,0.018133947452995926,0.07668421052631579,0.00019336842105263159,0.04736842105263158
1222,-0.19231250000000152,200,0,0,1,0.04582651391162029,0.04,1.0,1.0,0.012419421204694626,0.011871416677953675,0.01748324319976382,0.07668421052631579,0.00019336842105263159,0.04736842105263158
1223,19.7235625,166,1,0,1,0.04578904333605887,0.04,1.0,1.0,0.005009669962288451,0.011896195617737249,0.017520021158037708,0.07705263157894737,0.00019410526315789475,0.04210526315789474
1224,19.780500000000004,194,1,0,1,0.0457516339869281,0.035,1.0,1.0,0.003799654536517053,0.012491003622766584,0.01807433886313811,0.07705263157894737,0.00019410526315789475,0.04210526315789474
1225,19.9103125,188,1,0,1,0.045714285714285714,0.035,1.0,1.0,0.0005523510967649294,0.005704307792708278,0.011604046216234565,0.07742105263157895,0.0001948421052631579,0.0368421052631579
1226,-0.8033125000000014,200,0,0,1,0.04567699836867863,0.035,1.0,1.0,-0.00042919649611878377,0.0053730409687850625,0.010734748335322366,0.07742105263157895,0.0001948421052631579,0.0368421052631579
1227,-2.743343749999997,200,0,0,1,0.045639771801140996,0.035,1.0,1.0,-0.001342614400496235,-0.0005446201399900019,0.004903842827770859,0.07742105263157895,0.0001948421052631579,0.0368421052631579
1228,-0.38687500000000036,200,0,0,1,0.04560260586319218,0.035,1.0,1.0,-0.0007604052124553969,-0.0004757215571589768,0.005089409489650279,0.07742105263157895,0.0001948421052631579,0.0368421052631579
1229,20.00934375,190,1,0,1,0.045565500406834825,0.035,1.0,1.0,0.029570069871620655,0.005744746998418123,0.011017146945465356,0.07742105263157895,0.0001948421052631579,0.0368421052631579
1230,-0.7134375000000011,200,0,0,1,0.04552845528455285,0.035,1.0,1.0,0.009354002644900697,0.004882807846413925,0.010523315267404541,0.07742105263157895,0.0001948421052631579,0.0368421052631579
1231,-3.0730625000000007,200,0,0,1,0.045491470349309504,0.035,1.0,1.0,0.002167512530901333,0.004620343662332743,0.0107406765348278,0.07742105263157895,0.0001948421052631579,0.0368421052631579
1232,19.9485,198,1,0,1,0.045454545454545456,0.035,1.0,1.0,0.030355545243691898,0.010806351644685491,0.01656105990265496,0.07742105263157895,0.0001948421052631579,0.0368421052631579
1233,19.825875,184,1,0,1,0.0454176804541768,0.035,1.0,1.0,0.043597503281453426,0.017259641373297198,0.02331064511765726,0.07742105263157895,0.0001948421052631579,0.0368421052631579
1234,20.0015,185,1,0,1,0.04538087520259319,0.035,1.0,1.0,0.019439922476712584,0.017880799940088763,0.02397084314166568,0.07742105263157895,0.0001948421052631579,0.0368421052631579
1235,20.084843749999997,176,1,0,1,0.045344129554655874,0.035,1.0,1.0,0.00835277968434628,0.012475233782315626,0.018591537315165624,0.07742105263157895,0.0001948421052631579,0.0368421052631579
1236,-2.810000000000001,200,0,0,1,0.045307443365695796,0.035,1.0,1.0,0.0017716478736224776,0.012607848029350862,0.01833456191071309,0.07742105263157895,0.0001948421052631579,0.0368421052631579
1237,-0.544625,200,0,0,1,0.04527081649151172,0.035,1.0,1.0,0.0016584096896545251,0.01330725698173046,0.018680213712155818,0.07742105263157895,0.0001948421052631579,0.0368421052631579
1238,-0.7236875000000015,200,0,0,1,0.045234248788368334,0.035,1.0,1.0,-0.00018761384974610328,0.006505467248382047,0.012020770231960342,0.07742105263157895,0.0001948421052631579,0.0368421052631579
1239,-0.5711562500000011,200,0,0,1,0.04519774011299435,0.035,1.0,1.0,-0.0008084953220788147,-0.00013518734043464065,0.005282491186168045,0.07742105263157895,0.0001948421052631579,0.0368421052631579
1240,-2.7537499999999997,200,0,0,1,0.04516129032258064,0.035,1.0,1.0,-0.0012374011071919833,-0.0006878423120360821,0.004942312300903723,0.07742105263157895,0.0001948421052631579,0.0368421052631579
1241,-2.743781249999998,200,0,0,1,0.045124899274778404,0.035,1.0,1.0,-0.0015410755307029929,-0.0007257535851094872,0.005011437356704846,0.07742105263157895,0.0001948421052631579,0.0368421052631579
1242,-2.8861875000000006,200,0,0,1,0.04508856682769726,0.035,1.0,1.0,-0.0015902862646722696,-0.0015156159524340183,0.004889758362667635,0.07742105263157895,0.0001948421052631579,0.0368421052631579
1243,0.10387500000000031,200,0,0,1,0.04505229283990346,0.035,1.0,1.0,0.0006483497015321559,-0.0008777271218132227,0.0055631155360024425,0.07742105263157895,0.0001948421052631579,0.0368421052631579
1244,-0.34324999999999695,200,0,0,1,0.04501607717041801,0.035,1.0,1.0,-0.0003873392177223001,-0.000852094903937541,0.0054922610208159315,0.07742105263157895,0.0001948421052631579,0.0368421052631579
1245,21.22265625,98,1,0,1,0.04497991967871486,0.035,1.0,1.0,0.002455604918734441,-9.810596529860049e-05,0.005936685795080848,0.07742105263157895,0.0001948421052631579,0.0368421052631579
1246,-2.8239375,200,0,0,1,0.0449438202247191,0.035,1.0,1.0,0.0004507428143944084,0.00023050091962795706,0.0056170657855691385,0.07742105263157895,0.0001948421052631579,0.0368421052631579
1247,-0.4338125000000017,200,0,0,1,0.04490777866880513,0.035,1.0,1.0,-0.0005798665907829327,0.00033289689605589957,0.005738233357318677,0.07742105263157895,0.0001948421052631579,0.0368421052631579
1248,-0.6779999999999998,200,0,0,1,0.04487179487179487,0.035,1.0,1.0,0.0021390144957401996,0.0004238368383375928,0.005827919844654389,0.07742105263157895,0.0001948421052631579,0.0368421052631579
1249,-2.915968749999999,200,0,0,1,0.04483586869495596,0.035,1.0,1.0,0.0004994082075546029,0.0005520828006556257,0.0060409634417155755,0.07742105263157895,0.0001948421052631579,0.0368421052631579
1250,-0.39625000000000155,200,0,0,1,0.0448,0.035,1.0,1.0,-0.0001482271245575725,-1.5896079363301397e-05,0.005445429678307846,0.07742105263157895,0.0001948421052631579,0.0368421052631579
1251,-0.6781874999999998,200,0,0,1,0.04476418864908074,0.035,1.0,1.0,-0.0008175986229367883,-0.00015523502929136156,0.0054805675982497635,0.07742105263157895,0.0001948421052631579,0.0368421052631579
1252,-0.2688750000000012,200,0,0,1,0.04472843450479233,0.035,1.0,1.0,-0.0008408914800853664,-0.00016881165420636534,0.0052833468024618925,0.07742105263157895,0.0001948421052631579,0.0368421052631579
1253,-3.0358437499999957,200,0,0,1,0.0446927374301676,0.035,1.0,1.0,-0.0007239065181464802,-0.0007566213258542121,0.00476811741432175,0.07742105263157895,0.0001948421052631579,0.0368421052631579
1254,-2.9558124999999995,200,0,0,1,0.044657097288676235,0.035,1.0,1.0,-0.0010568377029941494,-0.0008212477345950902,0.004806972542311996,0.07742105263157895,0.0001948421052631579,0.0368421052631579
1255,-2.5026562500000002,200,0,0,1,0.04462151394422311,0.035,1.0,1.0,-4.0353527433263884e-05,-0.0006360418185213348,0.00486483906894864,0.07742105263157895,0.0001948421052631579,0.0368421052631579
1256,-2.658499999999991,200,0,0,1,0.044585987261146494,0.035,1.0,1.0,-0.0008139311759990614,-0.0006357552971312544,0.004778083437457099,0.07742105263157895,0.0001948421052631579,0.0368421052631579
1257,-0.6485625000000004,200,0,0,1,0.04455051710421639,0.035,1.0,1.0,-0.0014499046629242339,-0.0008028318596625468,0.005029432265422656,0.07742105263157895,0.0001948421052631579,0.0368421052631579
1258,-0.6829375000000013,200,0,0,1,0.04451510333863275,0.035,1.0,1.0,-0.0017925238296741053,-0.0011372898289555451,0.004782974991350784,0.07742105263157895,0.0001948421052631579,0.0368421052631579
1259,-2.644343749999995,200,0,0,1,0.04447974583002383,0.035,1.0,1.0,-0.0009383853255049697,-0.0010539719512307783,0.004308880054726615,0.07742105263157895,0.0001948421052631579,0.0368421052631579
1260,-0.8087499999999984,200,0,0,1,0.044444444444444446,0.035,1.0,1.0,0.0020944318378172027,-0.0007218958621378988,0.004811578817432746,0.07742105263157895,0.0001948421052631579,0.0368421052631579
1261,-0.6888125000000012,200,0,0,1,0.04440919904837431,0.035,1.0,1.0,-0.00039650169982173887,-0.0008322334697004408,0.004925069361692295,0.07742105263157895,0.0001948421052631579,0.0368421052631579
1262,-0.24106250000000126,200,0,0,1,0.044374009508716325,0.035,1.0,1.0,-0.0001524326571588737,-0.0005074389439541847,0.0048300175701733675,0.07742105263157895,0.0001948421052631579,0.0368421052631579
1263,-0.7334062500000004,200,0,0,1,0.04433887569279493,0.035,1.0,1.0,-0.0008042521265426178,-0.0003010628947522491,0.004738738303305581,0.07742105263157895,0.0001948421052631579,0.0368421052631579
1264,-0.47350000000000114,200,0,0,1,0.04430379746835443,0.035,1.0,1.0,-0.0012076606146250294,-0.0005271411899011582,0.005235978728393093,0.07742105263157895,0.0001948421052631579,0.0368421052631579
1265,20.8746875,138,1,0,1,0.04426877470355731,0.03,1.0,1.0,-0.001137390663252462,-0.0005294381389394403,0.005096548192668706,0.07742105263157895,0.0001948421052631579,0.0368421052631579
1266,-2.5536874999999988,200,0,0,1,0.044233807266982623,0.03,1.0,1.0,-0.0011655456561856848,-0.001009404919343069,0.004447508792160079,0.07778947368421053,0.00019557894736842106,0.031578947368421054
1267,-3.1762187500000008,200,0,0,1,0.04419889502762431,0.03,1.0,1.0,-0.0010599416335751095,-0.0010280166533775629,0.0044195019048638646,0.07778947368421053,0.00019557894736842106,0.031578947368421054
1268,0.1891249999999986,200,0,0,1,0.04416403785488959,0.03,1.0,1.0,-0.0005549272890455515,-0.000916923041222617,0.004546547579346224,0.07778947368421053,0.00019557894736842106,0.031578947368421054
1269,20.73740625,134,1,0,1,0.04412923561859732,0.03,1.0,1.0,-0.0010346442706020544,-0.0008414248111657798,0.004555501743685454,0.07778947368421053,0.00019557894736842106,0.031578947368421054
1270,-0.5887500000000008,200,0,0,1,0.04409448818897638,0.03,1.0,1.0,-0.0014896294280758793,-0.0009705707724206149,0.004536848888266832,0.07778947368421053,0.00019557894736842106,0.031578947368421054
1271,-1.0205625000000014,200,0,0,1,0.044059795436664044,0.03,1.0,1.0,-0.001699964138804958,-0.0011207119005266577,0.004599039294989779,0.07778947368421053,0.00019557894736842106,0.031578947368421054
1272,-0.45374999999999965,200,0,0,1,0.0440251572327044,0.03,1.0,1.0,-0.0010033457236767553,-0.0009529010921251028,0.004587505800416693,0.07778947368421053,0.00019557894736842106,0.031578947368421054
1273,-0.6043437500000014,200,0,0,1,0.04399057344854674,0.03,1.0,1.0,-0.0009339803169759368,-0.0011479319743812084,0.0047355232136324045,0.07778947368421053,0.00019557894736842106,0.031578947368421054
1274,-0.2888750000000014,200,0,0,1,0.04395604395604396,0.03,1.0,1.0,9.247773506538206e-05,-0.0008135170596360694,0.004192171866510762,0.07778947368421053,0.00019557894736842106,0.031578947368421054
1275,21.25546875,68,1,1,1,0.04470588235294118,0.035,1.0,1.0,0.002016085690418769,-0.00020139091156306678,0.004728424737899331,0.07778947368421053,0.00019557894736842106,0.031578947368421054
1276,-0.5446249999999994,200,0,0,1,0.04467084639498432,0.035,1.0,1.0,0.0003892867441045504,4.310357620124705e-05,0.004648626079288078,0.07742105263157895,0.0001948421052631579,0.0368421052631579
1277,21.38075,95,1,0,1,0.04463586530931871,0.035,1.0,1.0,0.0023443950111792637,0.0006200052344065625,0.005353814654721646,0.07742105263157895,0.0001948421052631579,0.0368421052631579
1278,20.99075,142,1,0,1,0.04460093896713615,0.035,1.0,1.0,0.0025675276243387127,0.0012533450662449467,0.005792802783165825,0.07742105263157895,0.0001948421052631579,0.0368421052631579
1279,20.6201875,129,1,0,1,0.044566067240031274,0.035,1.0,1.0,0.003950033219885539,0.0019604674654838164,0.006283702797925798,0.07742105263157895,0.0001948421052631579,0.0368421052631579
1280,-2.674999999999997,200,0,0,1,0.04453125,0.03,1.0,1.0,0.0013634507032368483,0.001974274653970497,0.0061708630537323185,0.07742105263157895,0.0001948421052631579,0.0368421052631579
1281,-0.6400625000000011,200,0,0,1,0.04449648711943794,0.03,1.0,1.0,-0.0004968164230351893,0.0010293520896229892,0.005879361348925158,0.07778947368421053,0.00019557894736842106,0.031578947368421054
1282,20.069625000000002,172,1,0,1,0.044461778471138844,0.025,1.0,1.0,0.002219399316069089,0.001605172346928157,0.006555184931843542,0.07778947368421053,0.00019557894736842106,0.031578947368421054
1283,20.049062499999998,191,1,0,1,0.044427123928293066,0.025,1.0,1.0,3.591675516934015e-05,0.0006995110863354057,0.006023998291464523,0.0781578947368421,0.00019631578947368423,0.026315789473684213
1284,-0.8451250000000001,200,0,0,1,0.04439252336448598,0.025,1.0,1.0,-0.0009687796212873792,6.257667555473745e-05,0.005792100304039195,0.0781578947368421,0.00019631578947368423,0.026315789473684213
1285,19.813906250000002,194,1,0,1,0.0443579766536965,0.025,1.0,1.0,0.02980054728202637,0.0057092120312154295,0.011206283962354064,0.0781578947368421,0.00019631578947368423,0.026315789473684213
1286,-3.1296250000000008,200,0,0,1,0.04432348367029549,0.025,1.0,1.0,0.010742030109192592,0.005802112546050921,0.011158427563263103,0.0781578947368421,0.00019631578947368423,0.026315789473684213
1287,-2.6056562500000005,200,0,0,1,0.04428904428904429,0.025,1.0,1.0,0.0035312057265671835,0.005883538410067559,0.011016574018634855,0.0781578947368421,0.00019631578947368423,0.026315789473684213
1288,-0.38150000000000045,200,0,0,1,0.04425465838509317,0.025,1.0,1.0,0.0003111341510006476,0.005326483191689477,0.010578438985394314,0.0781578947368421,0.00019631578947368423,0.026315789473684213
1289,-2.7947187500000004,200,0,0,1,0.04422032583397983,0.025,1.0,1.0,-0.0009729011602359154,0.005208725785603747,0.01055937775154598,0.0781578947368421,0.00019631578947368423,0.026315789473684213
1290,-2.8153124999999988,200,0,0,1,0.044186046511627906,0.025,1.0,1.0,-0.0001812405822330048,-0.0007747442296240479,0.004551375932293013,0.0781578947368421,0.00019631578947368423,0.026315789473684213
1291,-2.7399999999999993,200,0,0,1,0.044151820294345466,0.025,1.0,1.0,-0.0003648176844480535,-0.0008577147820033133,0.004810291065368801,0.0781578947368421,0.00019631578947368423,0.026315789473684213
1292,-0.3468750000000001,200,0,0,1,0.04411764705882353,0.025,1.0,1.0,-0.0006131808034234797,-0.0009228310538455844,0.0046216808622702955,0.0781578947368421,0.00019631578947368423,0.026315789473684213
1293,-0.18325000000000052,200,0,0,1,0.04408352668213457,0.02,1.0,1.0,0.0012650078694312966,-1.0900096327532082e-05,0.005223027536005247,0.0781578947368421,0.00019631578947368423,0.026315789473684213
1294,-0.4971875000000011,200,0,0,1,0.04404945904173107,0.02,1.0,1.0,-3.621982383477615e-05,0.0002095212553977035,0.005139592838531826,0.07852631578947368,0.00019705263157894737,0.02105263157894737
1295,-0.7854687500000003,200,0,0,1,0.044015444015444015,0.02,1.0,1.0,0.001204363816363863,0.0007084102054941468,0.005662023862649221,0.07852631578947368,0.00019705263157894737,0.02105263157894737
1296,20.977,115,1,0,1,0.04398148148148148,0.02,1.0,1.0,0.0036514163206670964,0.0013769429835374467,0.006294162136793602,0.07852631578947368,0.00019705263157894737,0.02105263157894737
1297,-0.11978125000000078,200,0,0,1,0.04394757131842714,0.02,1.0,1.0,0.0007130439329426592,0.0014081670389859938,0.006483786809316371,0.07852631578947368,0.00019705263157894737,0.02105263157894737
1298,-0.9044374999999997,200,0,0,1,0.04391371340523883,0.02,1.0,1.0,-0.0009031407887385688,0.0003693528571166098,0.0059174185912124816,0.07852631578947368,0.00019705263157894737,0.02105263157894737
1299,-0.6223750000000006,200,0,0,1,0.04387990762124711,0.02,1.0,1.0,0.0014897045647880602,0.0007608358599245548,0.0063422285113483665,0.07852631578947368,0.00019705263157894737,0.02105263157894737
1300,19.81625,184,1,0,1,0.04384615384615385,0.02,1.0,1.0,0.00025285310775047417,0.00014076039497740565,0.0055102060202043505,0.07852631578947368,0.00019705263157894737,0.02105263157894737
1301,20.4060625,145,1,0,1,0.043812451960030745,0.02,1.0,1.0,0.0005688663035314382,0.0004237833812367171,0.0053931808297056705,0.07852631578947368,0.00019705263157894737,0.02105263157894737
1302,-0.7113750000000015,200,0,0,1,0.04377880184331797,0.02,1.0,1.0,-0.0007391917044913072,-0.0004176409572828561,0.004534284589113668,0.07852631578947368,0.00019705263157894737,0.02105263157894737
1303,-0.6414375000000014,200,0,0,1,0.043745203376822715,0.02,1.0,1.0,0.0008960022996131405,-7.475282973609864e-05,0.005229836534475908,0.07852631578947368,0.00019705263157894737,0.02105263157894737
1304,-0.2845000000000006,200,0,0,1,0.04371165644171779,0.02,1.0,1.0,-0.00013892844232147656,0.0002380100698210299,0.0053663036799989645,0.07852631578947368,0.00019705263157894737,0.02105263157894737
1305,-0.36468750000000133,200,0,0,1,0.04367816091954023,0.02,1.0,1.0,0.0015368741748045577,0.00018916789093054832,0.0055618343537207696,0.07852631578947368,0.00019705263157894737,0.02105263157894737
1306,-2.958375,200,0,0,1,0.043644716692189896,0.02,1.0,1.0,-0.00022484839069495074,-0.0001473713607992977,0.005963623272022232,0.07852631578947368,0.00019705263157894737,0.02105263157894737
1307,-2.5075312499999995,200,0,0,1,0.04361132364192808,0.02,1.0,1.0,-0.0005194433748295268,-5.19607865717262e-05,0.006321715784957632,0.07852631578947368,0.00019705263157894737,0.02105263157894737
1308,-0.5835000000000008,200,0,0,1,0.04357798165137615,0.02,1.0,1.0,-0.0003031977054022332,-0.00013393722916953265,0.005494439885718748,0.07852631578947368,0.00019705263157894737,0.02105263157894737
1309,-3.0181875000000002,200,0,0,1,0.04354469060351413,0.02,1.0,1.0,-0.0010423608723625541,-0.0002768135087098926,0.005430314501514658,0.07852631578947368,0.00019705263157894737,0.02105263157894737
1310,-2.869999999999998,200,0,0,1,0.04351145038167939,0.02,1.0,1.0,-0.0018707291691421014,-0.0012494904783088715,0.004956752217607573,0.07852631578947368,0.00019705263157894737,0.02105263157894737
1311,-0.19371875000000105,200,0,0,1,0.043478260869565216,0.02,1.0,1.0,0.0008274164184901851,-0.0007049172301776708,0.00547928079823032,0.07852631578947368,0.00019705263157894737,0.02105263157894737
1312,-2.8499999999999996,200,0,0,1,0.04344512195121951,0.02,1.0,1.0,-0.00022247545704539787,-0.000687226815149188,0.005288979087024927,0.07852631578947368,0.00019705263157894737,0.02105263157894737
1313,-0.4941250000000011,200,0,0,1,0.04341203351104341,0.02,1.0,1.0,-0.0013117409185531205,-0.001062469653552398,0.005107219343772158,0.07852631578947368,0.00019705263157894737,0.02105263157894737
1314,-2.722125,200,0,0,1,0.04337899543378995,0.02,1.0,1.0,-0.0003218914346810581,-0.0008208427857607603,0.005082513093948364,0.07852631578947368,0.00019705263157894737,0.02105263157894737
1315,-2.90390625,200,0,0,1,0.04334600760456274,0.02,1.0,1.0,-0.0001386207073659989,-0.0003620160059072077,0.005066850414965302,0.07852631578947368,0.00019705263157894737,0.02105263157894737
1316,-0.7761250000000015,200,0,0,1,0.04331306990881459,0.02,1.0,1.0,-0.0008454789763516498,-0.0009178333883173764,0.004208472002763301,0.07852631578947368,0.00019705263157894737,0.02105263157894737
1317,-0.2730937500000019,200,0,0,1,0.04328018223234624,0.02,1.0,1.0,-0.0008846000285437603,-0.0009058011639863253,0.004304748160764575,0.07852631578947368,0.00019705263157894737,0.02105263157894737
1318,19.8290625,180,1,0,1,0.04324734446130501,0.02,1.0,1.0,0.029913681469871313,0.005505654199281707,0.010143993744393811,0.07852631578947368,0.00019705263157894737,0.02105263157894737
1319,-0.6224375000000012,200,0,0,1,0.043214556482183475,0.02,1.0,1.0,0.012509292864518367,0.005956445649499074,0.010895768739050253,0.07852631578947368,0.00019705263157894737,0.02105263157894737
1320,-0.25750000000000156,200,0,0,1,0.04318181818181818,0.02,1.0,1.0,0.0031605838891483975,0.0056685813383664935,0.011020081905880942,0.07852631578947368,0.00019705263157894737,0.02105263157894737
1321,20.76603125,115,1,0,1,0.04314912944738834,0.02,1.0,1.0,0.03153986547006878,0.011640331770991906,0.017160652682418003,0.07852631578947368,0.00019705263157894737,0.02105263157894737
1322,20.993187499999998,124,1,0,1,0.04311649016641452,0.02,1.0,1.0,0.016266339481932734,0.011650394891388714,0.016963125149719416,0.07852631578947368,0.00019705263157894737,0.02105263157894737
1323,-2.612687500000001,200,0,0,1,0.04308390022675737,0.02,1.0,1.0,0.005837643629284696,0.011712792677804828,0.01712128673493862,0.07852631578947368,0.00019705263157894737,0.02105263157894737
1324,-3.043625,200,0,0,1,0.04305135951661632,0.02,1.0,1.0,0.0015774567096225262,0.005497265845304355,0.01107723275036551,0.07852631578947368,0.00019705263157894737,0.02105263157894737
1325,-2.752812499999999,200,0,0,1,0.0430188679245283,0.02,1.0,1.0,-0.0003476269818854328,0.004821932774735614,0.010632242874475195,0.07852631578947368,0.00019705263157894737,0.02105263157894737
1326,-0.5657500000000014,200,0,0,1,0.042986425339366516,0.02,1.0,1.0,-0.0005858007324940876,0.0050166725034359845,0.010383035583188756,0.07852631578947368,0.00019705263157894737,0.02105263157894737
1327,-2.819999999999998,200,0,0,1,0.04295403165033911,0.02,1.0,1.0,-0.00020143583157468555,-0.0006967961858026684,0.0044861359572969375,0.07852631578947368,0.00019705263157894737,0.02105263157894737
1328,-0.9700000000000014,200,0,0,1,0.04292168674698795,0.02,1.0,1.0,-0.0011651533304159435,-0.0009609137314837426,0.004409554893849418,0.07852631578947368,0.00019705263157894737,0.02105263157894737
1329,19.91428125,192,1,0,1,0.04288939051918736,0.02,1.0,1.0,-0.000866968316967949,-0.0008359404026996345,0.0044891133054625245,0.07852631578947368,0.00019705263157894737,0.02105263157894737
1330,21.560624999999998,65,1,1,1,0.04360902255639098,0.025,1.0,1.0,-0.0005852942301906738,-0.0007394396970048547,0.0045479193450883035,0.07852631578947368,0.00019705263157894737,0.02105263157894737
1331,21.413843749999998,78,1,0,1,0.04357625845229151,0.02,1.0,1.0,0.0018471476344520386,-9.078656113706529e-05,0.0048468229172285646,0.0781578947368421,0.00019631578947368423,0.026315789473684213
1332,21.79025,56,1,1,1,0.044294294294294295,0.025,1.0,1.0,0.00384458528636576,0.0005357474337797612,0.005271489602746442,0.07852631578947368,0.00019705263157894737,0.02105263157894737
1333,-0.25659374999999957,200,0,0,1,0.04426106526631658,0.025,1.0,1.0,0.0010922458696267824,0.0005841799769550562,0.005228302590548992,0.0781578947368421,0.00019631578947368423,0.026315789473684213
1334,-2.97,200,0,0,1,0.04422788605697151,0.025,1.0,1.0,-0.0002603977897018062,0.00033778844005428256,0.005250788534292951,0.0781578947368421,0.00019631578947368423,0.026315789473684213
1335,-3.136562500000002,200,0,0,1,0.044194756554307116,0.025,1.0,1.0,-0.0005798917408516018,0.0003921662399079651,0.005216428954387084,0.0781578947368421,0.00019631578947368423,0.026315789473684213
1336,-2.4934999999999987,200,0,0,1,0.04416167664670659,0.025,1.0,1.0,-0.0008359073011175653,0.0003106863659340888,0.0053864871717523785,0.0781578947368421,0.00019631578947368423,0.026315789473684213
1337,-3.122874999999996,200,0,0,1,0.044128646222887064,0.025,1.0,1.0,-0.0008514273644978672,-0.0009711494622752071,0.004435326678678394,0.0781578947368421,0.00019631578947368423,0.026315789473684213
1338,-2.839999999999999,200,0,0,1,0.044095665171898356,0.025,1.0,1.0,-0.0008897531511147186,-0.0010173492445610464,0.004513465552125126,0.0781578947368421,0.00019631578947368423,0.026315789473684213
1339,20.208937499999998,156,1,0,1,0.044062733383121735,0.025,1.0,1.0,0.0008017238135884087,-0.00042193126911297443,0.005028554446529597,0.0781578947368421,0.00019631578947368423,0.026315789473684213
1340,-0.4074999999999971,200,0,0,1,0.04402985074626865,0.025,1.0,1.0,-0.0006850105622355054,-0.0004269753061234951,0.005269767132587731,0.0781578947368421,0.00019631578947368423,0.026315789473684213
1341,19.8385625,185,1,0,1,0.04399701715137957,0.025,1.0,1.0,-0.0009713922887744716,-0.0004876307037193328,0.004966238169232384,0.0781578947368421,0.00019631578947368423,0.026315789473684213
1342,20.5953125,130,1,0,1,0.043964232488822655,0.025,1.0,1.0,0.0008060583150978668,2.842477196827531e-05,0.005631983814295381,0.0781578947368421,0.00019631578947368423,0.026315789473684213
1343,-0.36484374999999725,200,0,0,1,0.04393149664929263,0.025,1.0,1.0,0.0001580617500891084,0.00010814411169849336,0.005761596125783398,0.0781578947368421,0.00019631578947368423,0.026315789473684213
1344,20.351,166,1,0,1,0.04389880952380952,0.025,1.0,1.0,-0.0008888047973355511,5.387166375294328e-05,0.0059396281973458824,0.0781578947368421,0.00019631578947368423,0.026315789473684213
1345,-0.8100000000000009,200,0,0,1,0.04386617100371747,0.025,1.0,1.0,0.0018287197356051876,0.00031177804712206127,0.005937160544097424,0.0781578947368421,0.00019631578947368423,0.026315789473684213
1346,-2.6382499999999975,200,0,0,1,0.043833580980683504,0.025,1.0,1.0,-0.00039652701631218823,0.00014085351605899632,0.005703133990755305,0.0781578947368421,0.00019631578947368423,0.026315789473684213
1347,-0.21965625000000133,200,0,0,1,0.04380103934669636,0.025,1.0,1.0,-0.0005018259100822783,-0.00027218930679373445,0.005261337176663801,0.0781578947368421,0.00019631578947368423,0.026315789473684213
1348,-2.70425,200,0,0,1,0.04376854599406528,0.025,1.0,1.0,-0.0006404667979818084,-0.00038080033333972094,0.00520260609081015,0.0781578947368421,0.00019631578947368423,0.026315789473684213
1349,-0.968531249999998,200,0,0,1,0.04373610081541883,0.025,1.0,1.0,-0.0012932148528630718,-0.0004356834797654301,0.004965556360082701,0.0781578947368421,0.00019631578947368423,0.026315789473684213
1350,-2.7900000000000005,200,0,0,1,0.0437037037037037,0.025,1.0,1.0,-0.0008075201266535593,-0.0011064901982899755,0.0042187699887435886,0.0781578947368421,0.00019631578947368423,0.026315789473684213
1351,-2.74721875,200,0,0,1,0.043671354552183565,0.025,1.0,1.0,-0.001111208782906498,-0.0009634693500120193,0.004291819321224466,0.0781578947368421,0.00019631578947368423,0.026315789473684213
1352,-0.4562500000000005,200,0,0,1,0.04363905325443787,0.025,1.0,1.0,-0.0006369220304646809,-0.0009203129473607987,0.004164883016375825,0.0781578947368421,0.00019631578947368423,0.026315789473684213
1353,-0.4991250000000013,200,0,0,1,0.04360679970436068,0.025,1.0,1.0,-7.692973435581563e-05,-0.0007651217542588711,0.004282007880508899,0.0781578947368421,0.00019631578947368423,0.026315789473684213
1354,-0.24581250000000113,200,0,0,1,0.04357459379615953,0.025,1.0,1.0,-0.0006356270013869376,-0.0007073369522113353,0.004058387150289491,0.0781578947368421,0.00019631578947368423,0.026315789473684213
1355,-2.909999999999999,200,0,0,1,0.043542435424354244,0.025,1.0,1.0,-0.0001543031582867773,-0.0005800486202351749,0.004030308128800243,0.0781578947368421,0.00019631578947368423,0.026315789473684213
1356,-0.6347500000000004,200,0,0,1,0.043510324483775814,0.025,1.0,1.0,0.00026505282635773863,-0.00034444473264738917,0.004411651640664786,0.0781578947368421,0.00019631578947368423,0.026315789473684213
1357,-0.3170312500000008,200,0,0,1,0.043478260869565216,0.025,1.0,1.0,0.0018178795333572927,0.0002243002038449049,0.0049217174891382455,0.0781578947368421,0.00019631578947368423,0.026315789473684213
1358,-2.5923124999999985,200,0,0,1,0.04344624447717231,0.025,1.0,1.0,2.5907578498930848e-05,0.0001293654590845108,0.004707765723578632,0.0781578947368421,0.00019631578947368423,0.026315789473684213
1359,20.340125,143,1,0,1,0.04341427520235467,0.025,1.0,1.0,-0.0009844410809785177,6.31094565615058e-05,0.0047668448220938445,0.0781578947368421,0.00019631578947368423,0.026315789473684213
1360,20.0675,157,1,0,1,0.04338235294117647,0.025,1.0,1.0,0.0005714279329791462,0.0005390003448119387,0.00547882786358241,0.0781578947368421,0.00019631578947368423,0.026315789473684213
1361,-0.615062500000001,200,0,0,1,0.04335047759000735,0.025,1.0,1.0,0.0011183137678826942,0.0010045439718523994,0.005993423253647052,0.0781578947368421,0.00019631578947368423,0.026315789473684213
1362,20.5470625,139,1,0,1,0.04331864904552129,0.025,1.0,1.0,0.0006922161040424116,0.0008891587072284892,0.005892894805292599,0.0781578947368421,0.00019631578947368423,0.026315789473684213
1363,-0.1931562500000015,200,0,0,1,0.043286867204695524,0.025,1.0,1.0,0.0020727278805644095,0.000913221204536967,0.005948035512235947,0.0781578947368421,0.00019631578947368423,0.026315789473684213
1364,20.25425,153,1,0,1,0.04325513196480939,0.02,1.0,1.0,0.0018976886617153078,0.0015247969907941296,0.0063678724094061185,0.0781578947368421,0.00019631578947368423,0.026315789473684213
1365,-2.630625,200,0,0,1,0.04322344322344322,0.02,1.0,1.0,0.00021031908723169248,0.0011522375920321793,0.005924120435724035,0.07852631578947368,0.00019705263157894737,0.02105263157894737
1366,-0.42381250000000137,200,0,0,1,0.04319180087847731,0.02,1.0,1.0,-0.00025926232020422556,0.0006201929232338443,0.005080752793117426,0.07852631578947368,0.00019705263157894737,0.02105263157894737
1367,21.71684375,37,1,1,1,0.043891733723482075,0.025,1.0,1.0,0.0024503272350078044,0.001230818191426806,0.005544648485374637,0.07852631578947368,0.00019705263157894737,0.02105263157894737
1368,-0.32649999999999896,200,0,0,1,0.043859649122807015,0.025,1.0,1.0,0.00013224055040416484,0.0009393871786305681,0.005573793796240352,0.0781578947368421,0.00019631578947368423,0.026315789473684213
1369,-3.1644374999999934,200,0,0,1,0.04382761139517896,0.025,1.0,1.0,-0.0009679573311119271,0.00013861050771083684,0.004981464803800918,0.0781578947368421,0.00019631578947368423,0.026315789473684213
1370,-2.8678124999999994,200,0,0,1,0.043795620437956206,0.025,1.0,1.0,-0.0012758244607895095,-0.000604660960030742,0.004689978735637851,0.0781578947368421,0.00019631578947368423,0.026315789473684213
1371,20.20078125,162,1,0,1,0.0437636761487965,0.025,1.0,1.0,0.02936155211044863,0.005553869125782512,0.01088890787458513,0.0781578947368421,0.00019631578947368423,0.026315789473684213
1372,-2.755749999999996,200,0,0,1,0.043731778425655975,0.025,1.0,1.0,0.010489260977354581,0.005606652988586575,0.011242082597222178,0.0781578947368421,0.00019631578947368423,0.026315789473684213
1373,20.9925625,102,1,0,1,0.043699927166788055,0.025,1.0,1.0,0.03648001925773693,0.011202001588884741,0.0168645408465527,0.0781578947368421,0.00019631578947368423,0.026315789473684213
1374,-3.1961875,200,0,0,1,0.043668122270742356,0.025,1.0,1.0,0.012440874015478175,0.011119349531363697,0.01659189299168065,0.0781578947368421,0.00019631578947368423,0.026315789473684213
1375,20.46625,152,1,0,1,0.04363636363636364,0.025,1.0,1.0,0.03761561787401196,0.017927899436093866,0.02298544680979103,0.0781578947368421,0.00019631578947368423,0.026315789473684213
1376,-2.972,200,0,0,1,0.0436046511627907,0.025,1.0,1.0,0.013341961310272541,0.018072452319669537,0.02270744778809603,0.0781578947368421,0.00019631578947368423,0.026315789473684213
1377,20.21378125,154,1,0,1,0.04357298474945534,0.025,1.0,1.0,0.03626200240270643,0.018055560907465407,0.022382543971878475,0.0781578947368421,0.00019631578947368423,0.026315789473684213
1378,20.091625,168,1,0,1,0.04354136429608128,0.025,1.0,1.0,0.015047110038237192,0.0179475090369815,0.02220209575316403,0.0781578947368421,0.00019631578947368423,0.026315789473684213
1379,-0.4585625000000002,200,0,0,1,0.043509789702683106,0.025,1.0,1.0,0.004457943499663729,0.011760802365955897,0.016487498547998258,0.0781578947368421,0.00019631578947368423,0.026315789473684213
1380,-0.3406250000000009,200,0,0,1,0.043478260869565216,0.025,1.0,1.0,0.00044766943152524304,0.011643879082170315,0.016897665526834315,0.0781578947368421,0.00019631578947368423,0.026315789473684213
1381,-0.08524999999999698,200,0,0,1,0.04344677769732078,0.025,1.0,1.0,-0.00023215878983729005,0.004874065496609546,0.010476371540338732,0.0781578947368421,0.00019631578947368423,0.026315789473684213
1382,21.89725,33,1,1,1,0.04413892908827786,0.03,1.0,1.0,0.030010746493445328,0.011039695366169326,0.016497896943590603,0.0781578947368421,0.00019631578947368423,0.026315789473684213
1383,-0.18753125000000082,200,0,0,1,0.044107013738250184,0.03,1.0,1.0,0.010521073803534174,0.004874269291292876,0.010694336899090558,0.07778947368421053,0.00019557894736842106,0.031578947368421054
1384,21.1905,90,1,0,1,0.04407514450867052,0.03,1.0,1.0,0.006672402691182442,0.005004490749677643,0.010717942772665993,0.07778947368421053,0.00019557894736842106,0.031578947368421054
1385,20.896875,108,1,0,1,0.04404332129963899,0.03,1.0,1.0,0.0032690897519073565,0.004821252388413995,0.010803911721799522,0.07778947368421053,0.00019557894736842106,0.031578947368421054
1386,-0.4415625000000002,200,0,0,1,0.04401154401154401,0.03,1.0,1.0,0.0022279762252496375,0.005654514137655497,0.011329527240246535,0.07778947368421053,0.00019557894736842106,0.031578947368421054
1387,20.81490625,138,1,0,1,0.04397981254506128,0.03,1.0,1.0,0.032485827510374765,0.012331269978545606,0.01783713619131595,0.07778947368421053,0.00019557894736842106,0.031578947368421054
1388,-0.8651250000000009,200,0,0,1,0.04394812680115274,0.03,1.0,1.0,0.013345249288336398,0.01296064069820568,0.01818646176205948,0.07778947368421053,0.00019557894736842106,0.031578947368421054
1389,-0.46203125000000167,200,0,0,1,0.043916486681065514,0.03,1.0,1.0,0.004349606150490539,0.0069640977170784026,0.01223172669741325,0.07778947368421053,0.00019557894736842106,0.031578947368421054
1390,-2.695312499999999,200,0,0,1,0.04388489208633094,0.03,1.0,1.0,0.000913319884122941,0.006880743189714849,0.012135433779098094,0.07778947368421053,0.00019557894736842106,0.031578947368421054
1391,-3.246125,200,0,0,1,0.04385334291876348,0.03,1.0,1.0,-0.00043392902773133096,0.006406643686583266,0.011526307193795219,0.07778947368421053,0.00019557894736842106,0.031578947368421054
1392,-2.6155,200,0,0,1,0.04382183908045977,0.03,1.0,1.0,-0.001253126477808248,-0.0004725447378586978,0.004890429118415341,0.07778947368421053,0.00019557894736842106,0.031578947368421054
1393,21.9088125,41,1,1,1,0.04450825556353195,0.035,1.0,1.0,-0.000961547140843572,-0.00039261973812244834,0.004897900002775714,0.07778947368421053,0.00019557894736842106,0.031578947368421054
1394,21.8229375,65,1,1,1,0.04519368723098996,0.04,1.0,1.0,-0.00105119783632785,-0.0004728118332568556,0.004783960418077186,0.07742105263157895,0.0001948421052631579,0.0368421052631579
1395,-2.75859375,200,0,0,1,0.04516129032258064,0.04,1.0,1.0,-0.0011536059203055163,-0.0011695887411478907,0.004117023510159925,0.07705263157894737,0.00019410526315789475,0.04210526315789474
1396,-2.6658749999999998,200,0,0,1,0.04512893982808023,0.04,1.0,1.0,-0.0015543668605731724,-0.0013142528370954096,0.004214929446112364,0.07705263157894737,0.00019410526315789475,0.04210526315789474
1397,-0.25059374999999995,200,0,0,1,0.04509663564781675,0.04,1.0,1.0,-0.0015050300039706815,-0.0014827681723982096,0.004314569349400699,0.07705263157894737,0.00019410526315789475,0.04210526315789474
1398,-0.7086874999999965,200,0,0,1,0.045064377682403435,0.04,1.0,1.0,-0.0012062358478683332,-0.001263472611317411,0.0039849910589400675,0.07705263157894737,0.00019410526315789475,0.04210526315789474
1399,-0.3010312500000012,200,0,0,1,0.04503216583273767,0.04,1.0,1.0,-0.0011932904037261982,-0.0012526648975908757,0.004158717984333635,0.07705263157894737,0.00019410526315789475,0.04210526315789474
1400,-3.0725000000000007,200,0,0,1,0.045,0.04,1.0,1.0,-0.0014307961710126483,-0.001298863146919757,0.004171297597233206,0.07705263157894737,0.00019410526315789475,0.04210526315789474
1401,20.736093750000002,118,1,0,1,0.044967880085653104,0.04,1.0,1.0,-0.0012436484898408623,-0.0012092393753118814,0.004171246530953795,0.07705263157894737,0.00019410526315789475,0.04210526315789474
1402,-0.4040625,200,0,0,1,0.0449358059914408,0.04,1.0,1.0,-0.0007945624363136916,-0.0009990699093323202,0.004310573317809031,0.07705263157894737,0.00019410526315789475,0.04210526315789474
1403,-2.7076874999999996,200,0,0,1,0.04490377761938703,0.04,1.0,1.0,-0.0015179439750489325,-0.0012484580860473216,0.004399968209210783,0.07705263157894737,0.00019410526315789475,0.04210526315789474
1404,-0.4243749999999993,200,0,0,1,0.04487179487179487,0.04,1.0,1.0,-0.0003955919378359713,-0.0007935154549777507,0.005075083430856466,0.07705263157894737,0.00019410526315789475,0.04210526315789474
1405,20.704375,112,1,0,1,0.044839857651245554,0.04,1.0,1.0,0.03176778727252021,0.005879019502084702,0.01191462678508833,0.07705263157894737,0.00019410526315789475,0.04210526315789474
1406,-0.901062500000001,200,0,0,1,0.04480796586059744,0.04,1.0,1.0,0.010519354119171584,0.005819500058016274,0.012007979276182596,0.07705263157894737,0.00019410526315789475,0.04210526315789474
1407,-1.0210312500000014,200,0,0,1,0.04477611940298507,0.035,1.0,1.0,0.0034122984313749486,0.005839407024497632,0.011947335202305112,0.07705263157894737,0.00019410526315789475,0.04210526315789474
1408,-3.053000000000001,200,0,0,1,0.044744318181818184,0.035,1.0,1.0,0.0003707163414621997,0.0058459194079623555,0.011788963226194028,0.07742105263157895,0.0001948421052631579,0.0368421052631579
1409,-0.7070937500000007,200,0,0,1,0.044712562100780694,0.035,1.0,1.0,-0.0007694335980106157,0.005396845986659173,0.010882025654020253,0.07742105263157895,0.0001948421052631579,0.0368421052631579
1410,-2.5871874999999975,200,0,0,1,0.04468085106382979,0.035,1.0,1.0,-0.00146914360070086,-0.0014343333970173262,0.004251487499161158,0.07742105263157895,0.0001948421052631579,0.0368421052631579
1411,-2.617281250000001,200,0,0,1,0.0446491849751949,0.035,1.0,1.0,-0.0005807238562051658,-0.0011255462290719151,0.003958034105133265,0.07742105263157895,0.0001948421052631579,0.0368421052631579
1412,-0.519125000000001,200,0,0,1,0.04461756373937677,0.035,1.0,1.0,0.001476936078966445,-0.0006085176963824779,0.004790662176674232,0.07742105263157895,0.0001948421052631579,0.0368421052631579
1413,-0.5974687499999987,200,0,0,1,0.044585987261146494,0.035,1.0,1.0,0.0002131491272517463,-0.0003984495948534459,0.004831981768133119,0.07742105263157895,0.0001948421052631579,0.0368421052631579
1414,-0.24431249999999902,200,0,0,1,0.04455445544554455,0.035,1.0,1.0,0.002102157627938655,0.0002373644358012825,0.005599698744947091,0.07742105263157895,0.0001948421052631579,0.0368421052631579
1415,20.507031249999997,158,1,0,1,0.04452296819787986,0.035,1.0,1.0,0.00047980820914728166,0.0005381091039162129,0.005648037363542244,0.07742105263157895,0.0001948421052631579,0.0368421052631579
1416,-2.850749999999998,200,0,0,1,0.04449152542372881,0.035,1.0,1.0,-0.0006313055444415349,0.00036697272444143894,0.005632094320841134,0.07742105263157895,0.0001948421052631579,0.0368421052631579
1417,-0.5864062500000009,200,0,0,1,0.04446012702893437,0.035,1.0,1.0,-0.0011760944728058153,-0.0005378404629882425,0.004950638047652319,0.07742105263157895,0.0001948421052631579,0.0368421052631579
1418,-3.0506875000000004,200,0,0,1,0.04442877291960508,0.035,1.0,1.0,-0.0010705832955388282,-0.0006707219234667718,0.004887518190778792,0.07742105263157895,0.0001948421052631579,0.0368421052631579
1419,-2.779343749999999,200,0,0,1,0.04439746300211417,0.035,1.0,1.0,-0.0016033706090613402,-0.0007946158139966428,0.004732190206181258,0.07742105263157895,0.0001948421052631579,0.0368421052631579
1420,19.75375,192,1,0,1,0.044366197183098595,0.035,1.0,1.0,-0.001175465688518802,-0.0014168096822686493,0.004211746705230325,0.07742105263157895,0.0001948421052631579,0.0368421052631579
1421,21.06415625,106,1,0,1,0.04433497536945813,0.035,1.0,1.0,-0.0010682368114622695,-0.0013759484612382948,0.004084857049863786,0.07742105263157895,0.0001948421052631579,0.0368421052631579
1422,-2.6377500000000005,200,0,0,1,0.04430379746835443,0.035,1.0,1.0,-0.0014864207279253678,-0.0013039986724033951,0.004160106865689159,0.07742105263157895,0.0001948421052631579,0.0368421052631579
1423,-0.9000000000000004,200,0,0,1,0.04427266338721012,0.035,1.0,1.0,-0.001687436257735324,-0.0013604489481076599,0.004426070392131805,0.07742105263157895,0.0001948421052631579,0.0368421052631579
1424,-2.8800000000000017,200,0,0,1,0.04424157303370786,0.035,1.0,1.0,-0.0017144323435312142,-0.0014878095374442637,0.004316801278386265,0.07742105263157895,0.0001948421052631579,0.0368421052631579
1425,-0.2967187500000017,200,0,0,1,0.04421052631578947,0.035,1.0,1.0,-0.0008655109025418093,-0.0012431891632732003,0.0041211572734173385,0.07742105263157895,0.0001948421052631579,0.0368421052631579
1426,-3.1208750000000007,200,0,0,1,0.04417952314165498,0.035,1.0,1.0,-0.00028068745146605725,-0.001167239278787747,0.003922197431558743,0.07742105263157895,0.0001948421052631579,0.0368421052631579
1427,-0.3667500000000017,200,0,0,1,0.04414856341976174,0.035,1.0,1.0,-0.0005925221505018829,-0.0009923968559596688,0.0038922717480454594,0.07742105263157895,0.0001948421052631579,0.0368421052631579
1428,-3.09075,200,0,0,1,0.04411764705882353,0.035,1.0,1.0,-0.0011968633676964014,-0.0009917820310220123,0.003710694114211947,0.07742105263157895,0.0001948421052631579,0.0368421052631579
1429,20.51103125,122,1,0,1,0.044086773967809655,0.035,1.0,1.0,0.029315029821459542,0.0051821080192457885,0.00965845804917626,0.07742105263157895,0.0001948421052631579,0.0368421052631579
1430,20.241562499999997,149,1,0,1,0.044055944055944055,0.035,1.0,1.0,0.045267381483862924,0.011930898295948282,0.016243938048603013,0.07742105263157895,0.0001948421052631579,0.0368421052631579
1431,-0.388312500000001,200,0,0,1,0.0440251572327044,0.035,1.0,1.0,0.018628861916821185,0.01239730635844171,0.0171375266588293,0.07742105263157895,0.0001948421052631579,0.0368421052631579
1432,19.751,181,1,0,1,0.04399441340782123,0.035,1.0,1.0,0.006068831671995282,0.011945794304832816,0.01727169317891821,0.07742105263157895,0.0001948421052631579,0.0368421052631579
1433,20.45153125,155,1,0,1,0.04396371249127704,0.035,1.0,1.0,0.03263019355658171,0.018012444474035876,0.02333386092982255,0.07742105263157895,0.0001948421052631579,0.0368421052631579
1434,-2.84,200,0,0,1,0.043933054393305436,0.035,1.0,1.0,0.010965050358238129,0.018110338049009442,0.023317727776244284,0.07742105263157895,0.0001948421052631579,0.0368421052631579
1435,21.93109375,47,1,1,1,0.0445993031358885,0.04,1.0,1.0,0.03910000206911268,0.024277509728446604,0.02927101821266115,0.07742105263157895,0.0001948421052631579,0.0368421052631579
1436,-2.9401249999999997,200,0,0,1,0.04456824512534819,0.04,1.0,1.0,0.013731841443082385,0.01757023820001632,0.022629460542462766,0.07705263157894737,0.00019410526315789475,0.04210526315789474
1437,19.82046875,176,1,0,1,0.04453723034098817,0.04,1.0,1.0,0.0056817143663510684,0.011742043509846553,0.016788737412774934,0.07705263157894737,0.00019410526315789475,0.04210526315789474
1438,21.280375,87,1,0,1,0.04450625869262865,0.04,1.0,1.0,0.034930231751785806,0.01759867257042788,0.022797991229454057,0.07705263157894737,0.00019410526315789475,0.04210526315789474
1439,-0.48981250000000165,200,0,0,1,0.04447533009034051,0.04,1.0,1.0,0.012077863957729331,0.01770845562312752,0.022829247195273638,0.07705263157894737,0.00019410526315789475,0.04210526315789474
1440,-3.1699999999999973,200,0,0,1,0.044444444444444446,0.04,1.0,1.0,0.003786031667872025,0.011627741646720096,0.01681989331287332,0.07705263157894737,0.00019410526315789475,0.04210526315789474
1441,20.679812499999997,131,1,0,1,0.04441360166551006,0.04,1.0,1.0,0.03196649762026128,0.0178050193390809,0.022960455272812395,0.07705263157894737,0.00019410526315789475,0.04210526315789474
1442,-3.1599375000000016,200,0,0,1,0.044382801664355064,0.04,1.0,1.0,0.010967084125346553,0.011737111034221016,0.01710439828026574,0.07705263157894737,0.00019410526315789475,0.04210526315789474
1443,20.16915625,175,1,0,1,0.04435204435204435,0.04,1.0,1.0,0.003985131531778519,0.011596085575991311,0.017012281139031984,0.07705263157894737,0.00019410526315789475,0.04210526315789474
1444,21.239124999999998,98,1,0,1,0.0443213296398892,0.04,1.0,1.0,0.0021553260726309186,0.0051224328429671,0.01035929577157367,0.07705263157894737,0.00019410526315789475,0.04210526315789474
1445,-3.039687499999999,200,0,0,1,0.044290657439446365,0.04,1.0,1.0,-0.00017601962901721854,0.005045062877914461,0.01018597676858917,0.07705263157894737,0.00019410526315789475,0.04210526315789474
1446,-0.44075000000000103,200,0,0,1,0.04426002766251729,0.04,1.0,1.0,-0.0003798401313428368,0.00513466035642341,0.010278065806931408,0.07705263157894737,0.00019410526315789475,0.04210526315789474
1447,-2.8897812500000004,200,0,0,1,0.0442294402211472,0.04,1.0,1.0,-0.0008008543792887653,-0.0010189835279234103,0.003893514531759138,0.07705263157894737,0.00019410526315789475,0.04210526315789474
1448,-2.6405000000000016,200,0,0,1,0.04419889502762431,0.04,1.0,1.0,-0.0016424009040041717,-0.0011722397638004622,0.004181201507664809,0.07705263157894737,0.00019410526315789475,0.04210526315789474
1449,-2.790562499999999,200,0,0,1,0.04416839199447895,0.04,1.0,1.0,-0.0008783028840812045,-0.0010890532580888248,0.004192097975850629,0.07705263157894737,0.00019410526315789475,0.04210526315789474
1450,20.8275,132,1,0,1,0.044137931034482755,0.04,1.0,1.0,0.0014515898486135899,-0.0003720568810822442,0.0047319880147697405,0.07705263157894737,0.00019410526315789475,0.04210526315789474
1451,20.1179375,167,1,0,1,0.04410751206064783,0.04,1.0,1.0,-5.187883501114906e-05,-0.00045808124321047215,0.0049833182744914665,0.07705263157894737,0.00019410526315789475,0.04210526315789474
1452,-2.7707499999999987,200,0,0,1,0.0440771349862259,0.04,1.0,1.0,-0.0007148275161403329,-0.0005795747773954644,0.0049709696831414475,0.07705263157894737,0.00019410526315789475,0.04210526315789474
1453,-0.7604062500000007,200,0,0,1,0.0440467997247075,0.04,1.0,1.0,-0.0008954695850225338,-0.00048759319994132964,0.004908178742858581,0.07705263157894737,0.00019410526315789475,0.04210526315789474
1454,-0.9504375000000005,200,0,0,1,0.04401650618982118,0.04,1.0,1.0,-0.0019218215909662538,-0.0007224611414130777,0.004808286119019613,0.07705263157894737,0.00019410526315789475,0.04210526315789474
1455,21.9190625,16,1,1,1,0.044673539518900345,0.045,1.0,1.0,-0.001718086341818292,-0.0007039256959687918,0.004804191924398765,0.07705263157894737,0.00019410526315789475,0.04210526315789474
1456,-2.7509999999999994,200,0,0,1,0.044642857142857144,0.045,1.0,1.0,-0.0015982515104256728,-0.0014634677425492556,0.0042766446156892925,0.07668421052631579,0.00019336842105263159,0.04736842105263158
1457,20.6468125,128,1,0,1,0.04461221688400824,0.045,1.0,1.0,-0.0009200036163976237,-0.0014344425918534397,0.004160054717212916,0.07668421052631579,0.00019336842105263159,0.04736842105263158
1458,-0.2639375000000008,200,0,0,1,0.04458161865569273,0.045,1.0,1.0,0.0010248392084042557,-0.0006939983705524356,0.004940473589347676,0.07668421052631579,0.00019336842105263159,0.04736842105263158
1459,-2.67178125,200,0,0,1,0.04455106237148732,0.045,1.0,1.0,-0.00013943044604659222,-0.0006751794805750251,0.004933235294185579,0.07668421052631579,0.00019336842105263159,0.04736842105263158
1460,-2.551249999999999,200,0,0,1,0.04452054794520548,0.045,1.0,1.0,-0.00023121057979781567,-0.00019264986389316618,0.004904196668649092,0.07668421052631579,0.00019336842105263159,0.04736842105263158
1461,-0.3539375000000006,200,0,0,1,0.044490075290896644,0.045,1.0,1.0,-0.0007668161706782206,-0.00010622594365850092,0.005199271887075156,0.07668421052631579,0.00019336842105263159,0.04736842105263158
1462,-0.3241249999999951,200,0,0,1,0.04445964432284542,0.045,1.0,1.0,-0.00046230879016436453,-3.735556197352707e-05,0.005295885754982009,0.07668421052631579,0.00019336842105263159,0.04736842105263158
1463,21.50640625,65,1,1,1,0.045112781954887216,0.05,1.0,1.0,-0.00036320941214302286,0.00012240349384956062,0.005176904635736719,0.07668421052631579,0.00019336842105263159,0.04736842105263158
1464,-3.028500000000001,200,0,0,1,0.045081967213114756,0.05,1.0,1.0,-0.00048250679429231704,-0.0006365179093554616,0.004461367142386734,0.07631578947368421,0.00019263157894736842,0.052631578947368425
1465,21.86765625,27,1,1,1,0.04573378839590444,0.055,1.0,1.0,-0.0003353747637357925,-0.0005829756879247725,0.004449294878635555,0.07631578947368421,0.00019263157894736842,0.052631578947368425
1466,-0.6716250000000009,200,0,0,1,0.045702592087312414,0.055,1.0,1.0,-0.00108968738998716,-0.0007824043105356395,0.00423936516745016,0.07594736842105264,0.00019189473684210528,0.05789473684210526
1467,-2.87084375,200,0,0,1,0.04567143830947512,0.055,1.0,1.0,-0.0007078124331881501,-0.0006718045899178832,0.00402965416549705,0.07594736842105264,0.00019189473684210528,0.05789473684210526
1468,20.876500000000004,101,1,0,1,0.04564032697547684,0.055,1.0,1.0,-0.001060876268070247,-0.0007859987274277955,0.0038178176276851446,0.07594736842105264,0.00019189473684210528,0.05789473684210526
1469,-0.8309062500000014,200,0,0,1,0.045609257998638526,0.055,1.0,1.0,-0.0013526913121319523,-0.001012776319636032,0.003559158445103094,0.07594736842105264,0.00019189473684210528,0.05789473684210526
1470,19.44625,196,1,0,1,0.04557823129251701,0.055,1.0,1.0,-0.0007597896931860681,-0.0008615861737634986,0.003429469233145937,0.07594736842105264,0.00019189473684210528,0.05789473684210526
1471,21.082250000000002,111,1,0,1,0.045547246770904146,0.055,1.0,1.0,0.02943877707760959,0.005016985173104331,0.009519652483286336,0.07594736842105264,0.00019189473684210528,0.05789473684210526
1472,20.131,182,1,0,1,0.04551630434782609,0.055,1.0,1.0,0.011390562692228337,0.005104154889238998,0.009438725996064021,0.07594736842105264,0.00019189473684210528,0.05789473684210526
1473,-0.6130937500000009,200,0,0,1,0.04548540393754243,0.055,1.0,1.0,0.003202972368931957,0.004896392781985923,0.00943019633530639,0.07594736842105264,0.00019189473684210528,0.05789473684210526
1474,20.463625,144,1,0,1,0.045454545454545456,0.055,1.0,1.0,0.0010213422094801552,0.004932256202213466,0.009462161737959832,0.07594736842105264,0.00019189473684210528,0.05789473684210526
1475,21.07015625,118,1,0,1,0.04542372881355932,0.05,1.0,1.0,0.03068129704473152,0.011205292236292734,0.015609283736208453,0.07594736842105264,0.00019189473684210528,0.05789473684210526
1476,-2.858874999999999,200,0,0,1,0.04539295392953929,0.05,1.0,1.0,0.010619314439337864,0.01130821074708365,0.01570787858660333,0.07631578947368421,0.00019263157894736842,0.052631578947368425
1477,-0.6246250000000002,200,0,0,1,0.04536222071767095,0.05,1.0,1.0,0.004722377600231337,0.00566828386427369,0.010410929515375755,0.07631578947368421,0.00019263157894736842,0.052631578947368425
1478,-3.344062500000001,200,0,0,1,0.04533152909336942,0.05,1.0,1.0,0.00045053825649402226,0.005301692943292437,0.010563715278665769,0.07631578947368421,0.00019263157894736842,0.052631578947368425
1479,-0.9212187500000014,200,0,0,1,0.045300878972278566,0.05,1.0,1.0,-0.0007899818625457028,0.005381012621306582,0.010682713006885024,0.07631578947368421,0.00019263157894736842,0.052631578947368425
1480,20.89125,111,1,0,1,0.04527027027027027,0.05,1.0,1.0,0.0014694862746811306,0.006033957090432523,0.01131669953468372,0.07631578947368421,0.00019263157894736842,0.052631578947368425
1481,-0.6425625000000004,200,0,0,1,0.04523970290344362,0.05,1.0,1.0,-0.0004204702762418403,-0.0003145668513898272,0.005197954052157001,0.07631578947368421,0.00019263157894736842,0.052631578947368425
1482,-0.5852500000000007,200,0,0,1,0.04520917678812416,0.05,1.0,1.0,-0.0012532104653545395,-0.0009101046455616597,0.004508652697462821,0.07631578947368421,0.00019263157894736842,0.052631578947368425
1483,19.654625,188,1,0,1,0.045178691840863115,0.05,1.0,1.0,0.029433012609730337,0.005394541331334039,0.010424799081170931,0.07631578947368421,0.00019263157894736842,0.052631578947368425
1484,20.600375,131,1,0,1,0.04514824797843666,0.05,1.0,1.0,0.014448008144776772,0.005457374137360603,0.010392807752359658,0.07631578947368421,0.00019263157894736842,0.052631578947368425
1485,20.04296875,167,1,0,1,0.04511784511784512,0.05,1.0,1.0,0.005541298313587234,0.005461688725743443,0.010440629685763269,0.07631578947368421,0.00019263157894736842,0.052631578947368425
1486,-0.07150000000000094,200,0,0,1,0.04508748317631225,0.05,1.0,1.0,0.0010957424483901156,0.004717578776413575,0.010008856330765412,0.07631578947368421,0.00019263157894736842,0.052631578947368425
1487,-2.911468749999998,200,0,0,1,0.04505716207128446,0.05,1.0,1.0,-5.314807835429487e-05,0.004888383019482717,0.009941425455035641,0.07631578947368421,0.00019263157894736842,0.052631578947368425
1488,-0.6129999999999978,200,0,0,1,0.04502688172043011,0.05,1.0,1.0,0.002986714091419823,0.005785867307102308,0.010461741511011495,0.07631578947368421,0.00019263157894736842,0.052631578947368425
1489,20.4346875,169,1,0,1,0.04499664204163868,0.05,1.0,1.0,0.0029983825468131286,0.00045282068685628473,0.005201732680434361,0.07631578947368421,0.00019263157894736842,0.052631578947368425
1490,-2.8584374999999995,200,0,0,1,0.04496644295302014,0.05,1.0,1.0,0.0009324850020306138,0.000690002590417862,0.005182442529592663,0.07631578947368421,0.00019263157894736842,0.052631578947368425
1491,21.58725,73,1,1,1,0.04560697518443997,0.055,1.0,1.0,0.03070383498388928,0.006813061351655051,0.011190486572450026,0.07631578947368421,0.00019263157894736842,0.052631578947368425
1492,-0.7016250000000003,200,0,0,1,0.045576407506702415,0.055,1.0,1.0,0.009959094208030326,0.0066270543970167635,0.011247401135507972,0.07594736842105264,0.00019189473684210528,0.05789473684210526
1493,-0.44662500000000016,200,0,0,1,0.04554588077695914,0.055,1.0,1.0,0.003002533642044351,0.006683559584664181,0.011353896542685106,0.07594736842105264,0.00019189473684210528,0.05789473684210526
1494,-2.7999999999999954,200,0,0,1,0.04551539491298527,0.055,1.0,1.0,0.000140380424207564,0.005692023059003987,0.010644996372633614,0.07594736842105264,0.00019189473684210528,0.05789473684210526
1495,20.244843749999998,143,1,0,1,0.04548494983277592,0.055,1.0,1.0,0.029269346187902962,0.010867976739420556,0.016072980083408767,0.07594736842105264,0.00019189473684210528,0.05789473684210526
1496,22.0995,28,1,1,1,0.046122994652406414,0.06,1.0,1.0,0.0255418939806636,0.010889440460014157,0.01604418011510279,0.07594736842105264,0.00019189473684210528,0.05789473684210526
1497,-3.3228749999999936,200,0,0,1,0.04609218436873747,0.06,1.0,1.0,0.008210486951380852,0.010641845012200064,0.015978440077160486,0.07557894736842105,0.0001911578947368421,0.06315789473684211
1498,-2.8699999999999997,200,0,0,1,0.04606141522029372,0.06,1.0,1.0,0.0020385475617838854,0.00467312241892796,0.009872842789976858,0.07557894736842105,0.0001911578947368421,0.06315789473684211
1499,-0.0002812500000005467,200,0,0,1,0.046030687124749836,0.06,1.0,1.0,0.0024817698231770066,0.0053738756434759125,0.010324452631059102,0.07557894736842105,0.0001911578947368421,0.06315789473684211
1500,-0.4112500000000014,200,0,0,1,0.046,0.06,1.0,1.0,0.0029728333114787645,0.006061522958800197,0.010778768649324776,0.07557894736842105,0.0001911578947368421,0.06315789473684211
1501,-2.837625000000001,200,0,0,1,0.04596935376415723,0.06,1.0,1.0,0.0009628432994698911,0.0002025640912761446,0.00484821633915999,0.07557894736842105,0.0001911578947368421,0.06315789473684211
1502,20.3341875,134,1,0,1,0.045938748335552594,0.06,1.0,1.0,-0.0001213148190748014,0.0002593931249284651,0.004792750054883072,0.07557894736842105,0.0001911578947368421,0.06315789473684211
1503,-0.9319687500000018,200,0,0,1,0.04590818363273453,0.06,1.0,1.0,-0.001077922526538766,0.000269592179072788,0.005074857662344584,0.07557894736842105,0.0001911578947368421,0.06315789473684211
1504,-0.7719999999999996,200,0,0,1,0.045877659574468085,0.06,1.0,1.0,-0.000969381716029586,-0.0004000863278342877,0.0046232652779726775,0.07557894736842105,0.0001911578947368421,0.06315789473684211
1505,-0.5981250000000007,200,0,0,1,0.04584717607973422,0.06,1.0,1.0,0.00013798363455035329,0.00012972415154217741,0.005534607620822499,0.07557894736842105,0.0001911578947368421,0.06315789473684211
1506,-0.28443750000000156,200,0,0,1,0.045816733067729085,0.06,1.0,1.0,-0.000704841788179148,-0.0006451233916450292,0.005018823283491656,0.07557894736842105,0.0001911578947368421,0.06315789473684211
1507,-2.596281249999999,200,0,0,1,0.0457863304578633,0.06,1.0,1.0,-0.000986545725691721,-0.0006444096132181585,0.0049138439372181895,0.07557894736842105,0.0001911578947368421,0.06315789473684211
1508,-0.6921250000000009,200,0,0,1,0.045755968169761276,0.06,1.0,1.0,-0.0010565937430113892,-0.0005843099427875132,0.004808062939206138,0.07557894736842105,0.0001911578947368421,0.06315789473684211
1509,-0.4807812500000017,200,0,0,1,0.04572564612326044,0.06,1.0,1.0,0.0001509981894245743,-4.140124167315662e-05,0.00531190706952475,0.07557894736842105,0.0001911578947368421,0.06315789473684211
1510,21.6190625,52,1,1,1,0.046357615894039736,0.065,1.0,1.0,0.002529623157707301,-4.2826796881854536e-05,0.005163444630801678,0.07557894736842105,0.0001911578947368421,0.06315789473684211
1511,21.82225,56,1,1,1,0.04698874917273329,0.07,1.0,1.0,0.0019342655508435866,4.1760874446481465e-05,0.005031239043455571,0.07521052631578948,0.00019042105263157897,0.06842105263157895
1512,20.1465,164,1,0,1,0.046957671957671955,0.07,1.0,1.0,0.03252212189841679,0.006891262835357338,0.011831294290721417,0.07484210526315789,0.0001896842105263158,0.0736842105263158
1513,-3.1177187499999994,200,0,0,1,0.046926635822868476,0.07,1.0,1.0,0.011325945788990864,0.006903729923302308,0.011795165846357121,0.07484210526315789,0.0001896842105263158,0.0736842105263158
1514,-2.9353749999999996,200,0,0,1,0.04689564068692206,0.07,1.0,1.0,0.0032665286214637952,0.006933807487366721,0.011670813135569915,0.07484210526315789,0.0001896842105263158,0.0736842105263158
1515,-0.62703125,200,0,0,1,0.04686468646864687,0.07,1.0,1.0,0.0005539773429784961,0.006384673640830442,0.011075782888801768,0.07484210526315789,0.0001896842105263158,0.0736842105263158
1516,-2.847624999999999,200,0,0,1,0.04683377308707124,0.07,1.0,1.0,-0.00023881593937141808,0.0058857815330848095,0.010615497657097876,0.07484210526315789,0.0001896842105263158,0.0736842105263158
1517,-0.5520312500000003,200,0,0,1,0.04680290046143705,0.07,1.0,1.0,-0.0001417627642001599,-0.0007841315281111747,0.003814743721159175,0.07484210526315789,0.0001896842105263158,0.0736842105263158
1518,-0.7024375000000015,200,0,0,1,0.046772068511198944,0.07,1.0,1.0,-0.0012305727543479958,-0.0009924242331180722,0.003916911313543096,0.07484210526315789,0.0001896842105263158,0.0736842105263158
1519,-0.3823437500000004,200,0,0,1,0.0467412771560237,0.07,1.0,1.0,-0.0009967334996041294,-0.0009266205325257033,0.004037636552704498,0.07484210526315789,0.0001896842105263158,0.0736842105263158
1520,-0.5825000000000011,200,0,0,1,0.04671052631578947,0.07,1.0,1.0,-0.0010869120915056455,-0.000978413017001003,0.004031352050136775,0.07484210526315789,0.0001896842105263158,0.0736842105263158
1521,-2.7325312500000005,200,0,0,1,0.04667981591058514,0.07,1.0,1.0,-0.0011969120008365397,-0.0010395116986474022,0.003950047830701806,0.07484210526315789,0.0001896842105263158,0.0736842105263158
1522,-2.5702499999999997,200,0,0,1,0.04664914586070959,0.07,1.0,1.0,-0.0013277507106293687,-0.0012955837569897995,0.0038045869149500506,0.07484210526315789,0.0001896842105263158,0.0736842105263158
1523,-2.869999999999996,200,0,0,1,0.046618516086671044,0.07,1.0,1.0,-0.0004495220257339979,-0.0009606687448685989,0.003959099994623102,0.07484210526315789,0.0001896842105263158,0.0736842105263158
1524,-2.4631250000000007,200,0,0,1,0.046587926509186355,0.07,1.0,1.0,-0.0009650069575515884,-0.000981179979047738,0.004135325015173294,0.07484210526315789,0.0001896842105263158,0.0736842105263158
1525,-2.6706250000000007,200,0,0,1,0.04655737704918033,0.07,1.0,1.0,-0.0008529496511244274,-0.000991182958590798,0.004030070701730438,0.07484210526315789,0.0001896842105263158,0.0736842105263158
1526,-0.36881249999999843,200,0,0,1,0.04652686762778506,0.07,1.0,1.0,-0.0011146111909968216,-0.0009529888071119785,0.004174329836852848,0.07484210526315789,0.0001896842105263158,0.0736842105263158
1527,-0.6481562500000013,200,0,0,1,0.04649639816633923,0.07,1.0,1.0,-8.991368272809981e-05,-0.00040693382965400815,0.004879190889652819,0.07484210526315789,0.0001896842105263158,0.0736842105263158
1528,-2.835500000000001,200,0,0,1,0.046465968586387435,0.07,1.0,1.0,-0.0007744411036748783,-0.0006280952759552748,0.004718618020648137,0.07484210526315789,0.0001896842105263158,0.0736842105263158
1529,20.736093750000002,118,1,0,1,0.04643557880967953,0.07,1.0,1.0,-0.0002799951452845304,-0.0005107313019689173,0.004655704011907801,0.07484210526315789,0.0001896842105263158,0.0736842105263158
1530,-0.6012500000000012,200,0,0,1,0.046405228758169936,0.065,1.0,1.0,0.00032330419030559095,6.169529398903251e-05,0.005295278337318451,0.07484210526315789,0.0001896842105263158,0.0736842105263158
1531,-2.7256874999999994,200,0,0,1,0.046374918354016983,0.065,1.0,1.0,-0.0007660525184835003,-0.00022511952463537456,0.005221328559331596,0.07521052631578948,0.00019042105263157897,0.06842105263157895
1532,-0.41725000000000034,200,0,0,1,0.04634464751958225,0.06,1.0,1.0,-0.001048985932686874,-0.0006751427080016583,0.004396338109625504,0.07521052631578948,0.00019042105263157897,0.06842105263157895
1533,19.839656249999997,194,1,0,1,0.046314416177429873,0.06,1.0,1.0,-0.0010334435789098255,-0.0005893256210256368,0.004489943989785388,0.07557894736842105,0.0001911578947368421,0.06315789473684211
1534,-0.43468750000000084,200,0,0,1,0.046284224250325946,0.06,1.0,1.0,-0.0011855675137304364,-0.0008014409085735679,0.004438264190219343,0.07557894736842105,0.0001911578947368421,0.06315789473684211
1535,-2.9240624999999962,200,0,0,1,0.04625407166123779,0.06,1.0,1.0,-0.00117818903655022,-0.0012339058397337795,0.003735568202100694,0.07557894736842105,0.0001911578947368421,0.06315789473684211
1536,-0.6290000000000012,200,0,0,1,0.046223958333333336,0.06,1.0,1.0,0.000320753366369516,-0.0006792101918254048,0.0044476250691805035,0.07557894736842105,0.0001911578947368421,0.06315789473684211
1537,-2.8230312499999997,200,0,0,1,0.04619388418998048,0.06,1.0,1.0,-0.0006486718087674082,-0.000610046582762152,0.004746741062495857,0.07557894736842105,0.0001911578947368421,0.06315789473684211
1538,19.6946875,192,1,0,1,0.046163849154746424,0.06,1.0,1.0,-0.0015673737544855343,-0.0008263268864247948,0.004750764446565882,0.07557894736842105,0.0001911578947368421,0.06315789473684211
1539,-3.0500000000000003,200,0,0,1,0.04613385315139701,0.06,1.0,1.0,-0.001816864659757303,-0.0009418516871519387,0.00464020285429433,0.07557894736842105,0.0001911578947368421,0.06315789473684211
1540,-2.93,200,0,0,1,0.046103896103896105,0.06,1.0,1.0,-0.0015603086076992352,-0.0010655136657878757,0.004701505924575031,0.07557894736842105,0.0001911578947368421,0.06315789473684211
1541,-2.746312499999999,200,0,0,1,0.046073977936404935,0.06,1.0,1.0,-0.0007638034072537381,-0.0013599211983382701,0.004010666506364942,0.07557894736842105,0.0001911578947368421,0.06315789473684211
1542,-0.4991250000000013,200,0,0,1,0.046044098573281456,0.06,1.0,1.0,-0.0004606465006499598,-0.0011680539881344884,0.0038446409904863686,0.07557894736842105,0.0001911578947368421,0.06315789473684211
1543,20.750687499999998,116,1,0,1,0.04601425793907971,0.06,1.0,1.0,0.0014950404812201358,-0.000411296367412433,0.004284014733275399,0.07557894736842105,0.0001911578947368421,0.06315789473684211
1544,-0.362750000000001,200,0,0,1,0.04598445595854922,0.06,1.0,1.0,0.0015430434555443126,0.00011638034298084676,0.004939852118724957,0.07557894736842105,0.0001911578947368421,0.06315789473684211
1545,-2.6398437499999994,200,0,0,1,0.045954692556634306,0.06,1.0,1.0,-0.0004360711070987827,0.00021452655363827944,0.0048584516020491715,0.07557894736842105,0.0001911578947368421,0.06315789473684211
1546,-2.9933749999999995,200,0,0,1,0.04592496765847348,0.06,1.0,1.0,-0.0012577063717956396,4.001328512094915e-05,0.004980403736466542,0.07557894736842105,0.0001911578947368421,0.06315789473684211
1547,-2.85,200,0,0,1,0.04589528118939883,0.06,1.0,1.0,-0.0010145434811185702,-9.650592296384275e-05,0.005215224722167477,0.07557894736842105,0.0001911578947368421,0.06315789473684211
1548,19.8765,173,1,0,1,0.0458656330749354,0.06,1.0,1.0,-0.00034454914378131854,-0.0004580373289063573,0.00492896490637213,0.07557894736842105,0.0001911578947368421,0.06315789473684211
1549,19.78275,191,1,0,1,0.045836023240800515,0.06,1.0,1.0,-0.0003903505731167262,-0.0007831341773271561,0.004336358677595854,0.07557894736842105,0.0001911578947368421,0.06315789473684211
1550,-2.89,200,0,0,1,0.045806451612903226,0.06,1.0,1.0,-0.00033598856370552167,-0.0007258936667349189,0.004323678841581568,0.07557894736842105,0.0001911578947368421,0.06315789473684211
1551,-2.6338750000000015,200,0,0,1,0.04577691811734365,0.06,1.0,1.0,-0.0003527425048276499,-0.0005216541006229818,0.004456968577113003,0.07557894736842105,0.0001911578947368421,0.06315789473684211
1552,-3.2495000000000003,200,0,0,1,0.04574742268041237,0.06,1.0,1.0,-0.0011319348696673776,-0.0005246326962951571,0.004121387999737635,0.07557894736842105,0.0001911578947368421,0.06315789473684211
1553,-0.6905937500000006,200,0,0,1,0.04571796522858983,0.06,1.0,1.0,-0.0010537703718200872,-0.0007510586935095489,0.0036364638837985694,0.07557894736842105,0.0001911578947368421,0.06315789473684211
1554,21.6521875,52,1,1,1,0.04633204633204633,0.065,1.0,1.0,0.031874910958777966,0.005860677461605519,0.010222262382972986,0.07557894736842105,0.0001911578947368421,0.06315789473684211
1555,20.90203125,105,1,0,1,0.04630225080385852,0.065,1.0,1.0,0.018503513310156764,0.005793576906900853,0.010335656367707998,0.07521052631578948,0.00019042105263157897,0.06842105263157895
1556,-2.823625,200,0,0,1,0.04627249357326478,0.065,1.0,1.0,0.006187543371856262,0.005848505955189466,0.010328350849449634,0.07521052631578948,0.00019042105263157897,0.06842105263157895
1557,19.405375,200,1,0,1,0.046242774566473986,0.065,1.0,1.0,0.03212634994841349,0.01182002529501915,0.01588958168774843,0.07521052631578948,0.00019042105263157897,0.06842105263157895
1558,-0.6873750000000015,200,0,0,1,0.04621309370988447,0.065,1.0,1.0,0.010770279118529045,0.011644048100919463,0.01629719940328505,0.07521052631578948,0.00019042105263157897,0.06842105263157895
1559,-0.8900000000000009,200,0,0,1,0.046183450930083386,0.065,1.0,1.0,0.002337239120309185,0.011402025330928154,0.016557896915706805,0.07521052631578948,0.00019042105263157897,0.06842105263157895
1560,-2.8462499999999986,200,0,0,1,0.046153846153846156,0.065,1.0,1.0,0.00014075823952024207,0.00469518491497729,0.010008182012825273,0.07521052631578948,0.00019042105263157897,0.06842105263157895
1561,-0.6213437500000003,200,0,0,1,0.04612427930813581,0.065,1.0,1.0,5.0133525165059784e-05,0.004782369255670347,0.010299294043681585,0.07521052631578948,0.00019042105263157897,0.06842105263157895
1562,-0.635250000000001,200,0,0,1,0.046094750320102434,0.065,1.0,1.0,-0.00020935221738721416,-0.001252550107310526,0.004322134491871111,0.07521052631578948,0.00019042105263157897,0.06842105263157895
1563,19.79078125,181,1,0,1,0.046065259117082535,0.065,1.0,1.0,0.02882024926840568,0.004671797001734376,0.010236021397635341,0.07521052631578948,0.00019042105263157897,0.06842105263157895
1564,-2.8616250000000005,200,0,0,1,0.04603580562659847,0.065,1.0,1.0,0.010333950674250645,0.005106887455796823,0.010002802804345266,0.07521052631578948,0.00019042105263157897,0.06842105263157895
1565,-2.819999999999999,200,0,0,1,0.04600638977635783,0.065,1.0,1.0,0.0029623697296460106,0.005164792432449758,0.010251473524607717,0.07521052631578948,0.00019042105263157897,0.06842105263157895
1566,-3.106062500000001,200,0,0,1,0.04597701149425287,0.065,1.0,1.0,0.0006287341971983326,0.0050884310607798395,0.01012462282879278,0.07521052631578948,0.00019042105263157897,0.06842105263157895
1567,-2.9600000000000013,200,0,0,1,0.04594767070835992,0.06,1.0,1.0,-0.0006612448022770836,0.004869292345363646,0.010310647209640592,0.07521052631578948,0.00019042105263157897,0.06842105263157895
1568,-0.5060000000000007,200,0,0,1,0.04591836734693878,0.06,1.0,1.0,-0.0008926803216928167,-0.0009697109267581255,0.004667730448069051,0.07557894736842105,0.0001911578947368421,0.06315789473684211
1569,21.87790625,27,1,1,1,0.04652644996813257,0.065,1.0,1.0,0.029366262174450222,0.005035047741374001,0.01069911690452136,0.07557894736842105,0.0001911578947368421,0.06315789473684211
1570,-0.7621875000000015,200,0,0,1,0.0464968152866242,0.065,1.0,1.0,0.013004088459893166,0.005652172774542123,0.01132830580091104,0.07521052631578948,0.00019042105263157897,0.06842105263157895
1571,-0.7359062499999995,200,0,0,1,0.046467218332272436,0.065,1.0,1.0,0.004903020233095198,0.0062170551298186185,0.01169859157409519,0.07521052631578948,0.00019042105263157897,0.06842105263157895
1572,-0.33475000000000094,200,0,0,1,0.04643765903307888,0.065,1.0,1.0,0.0011263681656103908,0.0062280110528226944,0.011458058208459989,0.07521052631578948,0.00019042105263157897,0.06842105263157895
1573,20.5916875,116,1,0,1,0.046408137317228225,0.065,1.0,1.0,0.0027781115490497286,0.0069919568633195015,0.012004521541530266,0.07521052631578948,0.00019042105263157897,0.06842105263157895
1574,-2.8641875000000003,200,0,0,1,0.04637865311308768,0.065,1.0,1.0,0.000275505408822906,0.00711471109976992,0.01182342350576073,0.07521052631578948,0.00019042105263157897,0.06842105263157895
1575,19.923125,163,1,0,1,0.04634920634920635,0.065,1.0,1.0,-0.000981756833295794,0.0008562866647262126,0.0056186610620934515,0.07521052631578948,0.00019042105263157897,0.06842105263157895
1576,-0.6485000000000011,200,0,0,1,0.04631979695431472,0.065,1.0,1.0,-0.0010535215005173933,-0.0005509181243833155,0.004634569818386808,0.07521052631578948,0.00019042105263157897,0.06842105263157895
1577,-2.7599999999999993,200,0,0,1,0.046290424857324035,0.065,1.0,1.0,-0.0009852317878141928,-0.00045492700207978485,0.004676517729181796,0.07521052631578948,0.00019042105263157897,0.06842105263157895
1578,-0.6729375000000014,200,0,0,1,0.046261089987325726,0.065,1.0,1.0,-0.0006899144359454361,-0.0009092313738074154,0.004159450278850272,0.07521052631578948,0.00019042105263157897,0.06842105263157895
1579,-0.537375000000001,200,0,0,1,0.04623179227359088,0.065,1.0,1.0,-0.0012844019955351312,-0.0012620461084879935,0.003993699386250228,0.07521052631578948,0.00019042105263157897,0.06842105263157895
1580,-3.051249999999998,200,0,0,1,0.046202531645569624,0.065,1.0,1.0,-0.0009531369833031189,-0.00105474443314597,0.0038885404174216092,0.07521052631578948,0.00019042105263157897,0.06842105263157895
1581,20.8735625,114,1,0,1,0.046173308032890575,0.065,1.0,1.0,0.029634264884331466,0.005171690911753103,0.009657954383874312,0.07521052631578948,0.00019042105263157897,0.06842105263157895
1582,-2.7744375000000012,200,0,0,1,0.0461441213653603,0.06,1.0,1.0,0.0099906041678115,0.005056801633909345,0.00953613287396729,0.07521052631578948,0.00019042105263157897,0.06842105263157895
1583,-2.9810624999999993,200,0,0,1,0.04611497157296273,0.06,1.0,1.0,0.0031533430821689672,0.004984509037807584,0.009730040160939098,0.07557894736842105,0.0001911578947368421,0.06315789473684211
1584,21.7075,49,1,1,1,0.04671717171717172,0.065,1.0,1.0,0.002179479589878311,0.004945978367235511,0.009683594869915395,0.07557894736842105,0.0001911578947368421,0.06315789473684211
1585,-2.8700000000000006,200,0,0,1,0.04668769716088328,0.065,1.0,1.0,-9.358516942651026e-05,0.004950899315532297,0.009720016934443266,0.07521052631578948,0.00019042105263157897,0.06842105263157895
1586,20.102625,166,1,0,1,0.04665825977301387,0.065,1.0,1.0,-0.00029966482878155244,0.005076816282235086,0.009768661272712052,0.07521052631578948,0.00019042105263157897,0.06842105263157895
1587,19.642437500000003,194,1,0,1,0.04662885948330183,0.065,1.0,1.0,-0.0009879175143413345,-0.0011958932534325867,0.0039866522506345065,0.07521052631578948,0.00019042105263157897,0.06842105263157895
1588,-0.7700000000000015,200,0,0,1,0.04659949622166247,0.065,1.0,1.0,-0.0007992215673304382,-0.0010916170126292854,0.004134058634052053,0.07521052631578948,0.00019042105263157897,0.06842105263157895
1589,-2.93,200,0,0,1,0.04657016991818754,0.065,1.0,1.0,-0.001259565691797833,-0.0012094325490761549,0.004064560252474621,0.07521052631578948,0.00019042105263157897,0.06842105263157895
1590,20.56375,159,1,0,1,0.04654088050314465,0.065,1.0,1.0,-0.0012509917267315824,-0.0011372966726776212,0.003921173698967322,0.07521052631578948,0.00019042105263157897,0.06842105263157895
1591,20.302249999999997,167,1,0,1,0.046511627906976744,0.065,1.0,1.0,0.0018151923025721698,-0.00048013947904109957,0.004730328980833292,0.07521052631578948,0.00019042105263157897,0.06842105263157895
1592,-0.6742500000000013,200,0,0,1,0.04648241206030151,0.065,1.0,1.0,-0.0003441918359851393,-0.0006373651011381299,0.004998099055374041,0.07521052631578948,0.00019042105263157897,0.06842105263157895
1593,21.29609375,80,1,0,1,0.04645323289391086,0.06,1.0,1.0,0.0018335231638454705,8.913950761780143e-05,0.005350802509579807,0.07521052631578948,0.00019042105263157897,0.06842105263157895
1594,-3.0451874999999995,200,0,0,1,0.04642409033877039,0.055,1.0,1.0,0.0002537343157617434,7.74938145186752e-05,0.005278818184742704,0.07557894736842105,0.0001911578947368421,0.06315789473684211
1595,-3.200624999999999,200,0,0,1,0.04639498432601881,0.055,1.0,1.0,-0.0004277498284764853,0.0002152456841431558,0.005601390501949936,0.07594736842105264,0.00019189473684210528,0.05789473684210526
1596,21.645625,52,1,1,1,0.046992481203007516,0.06,1.0,1.0,-0.00029158463295005885,0.0003311672790441662,0.00557379136630334,0.07594736842105264,0.00019189473684210528,0.05789473684210526
1597,-0.7349062500000012,200,0,0,1,0.046963055729492796,0.06,1.0,1.0,0.0019446868543751552,0.0007163731672335417,0.006284794538514688,0.07557894736842105,0.0001911578947368421,0.06315789473684211
1598,-0.5946875000000014,200,0,0,1,0.04693366708385482,0.06,1.0,1.0,0.002870252657329112,0.0009217961309477687,0.005837160085793585,0.07557894736842105,0.0001911578947368421,0.06315789473684211
1599,-0.8700000000000012,200,0,0,1,0.04690431519699812,0.06,1.0,1.0,0.00047506021314233844,0.00029012884362600744,0.005224460706813261,0.07557894736842105,0.0001911578947368421,0.06315789473684211
1600,-0.7650000000000015,200,0,0,1,0.046875,0.06,1.0,1.0,0.0026244461612295383,0.0008329246293287724,0.005899682432180271,0.07557894736842105,0.0001911578947368421,0.06315789473684211
1601,-2.7350312500000014,200,0,0,1,0.046845721424109935,0.06,1.0,1.0,-4.648899057507358e-05,0.0007261589150875807,0.0056391606759279966,0.07557894736842105,0.0001911578947368421,0.06315789473684211
1602,-2.8950624999999977,200,0,0,1,0.04681647940074907,0.06,1.0,1.0,-0.0006241334192901302,0.00020450173690915108,0.0048626880086958405,0.07557894736842105,0.0001911578947368421,0.06315789473684211
1603,-0.2605624999999999,200,0,0,1,0.046787273861509666,0.06,1.0,1.0,-0.0012874699608386164,-0.0006364601566456259,0.004302684088703245,0.07557894736842105,0.0001911578947368421,0.06315789473684211
1604,-2.7902500000000012,200,0,0,1,0.046758104738154616,0.06,1.0,1.0,-0.0009935582453319857,-0.0006286085159517825,0.004194944020826369,0.07557894736842105,0.0001911578947368421,0.06315789473684211
1605,-2.775156250000001,200,0,0,1,0.04672897196261682,0.06,1.0,1.0,-0.0008989096944366326,-0.001229466388002038,0.0035068989992141724,0.07557894736842105,0.0001911578947368421,0.06315789473684211
1606,-0.5159375000000006,200,0,0,1,0.046699875466998754,0.06,1.0,1.0,0.00032413750801093736,-0.0005606743297539652,0.004018630324397236,0.07557894736842105,0.0001911578947368421,0.06315789473684211
1607,-0.6804375000000008,200,0,0,1,0.04667081518357187,0.06,1.0,1.0,-0.00022993927380350607,-0.0003978648947086185,0.004235216981498525,0.07557894736842105,0.0001911578947368421,0.06315789473684211
1608,-3.1294999999999993,200,0,0,1,0.04664179104477612,0.06,1.0,1.0,-0.0008424293252504544,-0.00030678025586530565,0.004177031077910215,0.07557894736842105,0.0001911578947368421,0.06315789473684211
1609,-2.765281250000001,200,0,0,1,0.04661280298321939,0.06,1.0,1.0,-0.0011282877565611873,-0.00039534675632603466,0.004377664445200935,0.07557894736842105,0.0001911578947368421,0.06315789473684211
1610,21.322812499999998,80,1,0,1,0.046583850931677016,0.06,1.0,1.0,-0.0011850768581297875,-0.0004738751763943583,0.00429275521193631,0.07557894736842105,0.0001911578947368421,0.06315789473684211
1611,-2.7406875,200,0,0,1,0.04655493482309125,0.06,1.0,1.0,-0.0008587743931277037,-0.0010958196602296084,0.003794760933844373,0.07557894736842105,0.0001911578947368421,0.06315789473684211
1612,-0.511500000000001,200,0,0,1,0.04652605459057072,0.06,1.0,1.0,-0.000997793229649691,-0.0010795865927357227,0.0037402856771368534,0.07557894736842105,0.0001911578947368421,0.06315789473684211
1613,-0.3624375000000014,200,0,0,1,0.04649721016738995,0.06,1.0,1.0,0.0012715584043626706,-0.00027479638927616176,0.004207134269410744,0.07557894736842105,0.0001911578947368421,0.06315789473684211
1614,20.2019375,165,1,0,1,0.046468401486988845,0.06,1.0,1.0,0.03019142509219342,0.005738450479693711,0.010591036546044052,0.07557894736842105,0.0001911578947368421,0.06315789473684211
1615,21.9471875,35,1,1,1,0.047058823529411764,0.065,1.0,1.0,0.02797303259937338,0.0063759646520484235,0.011310161535395309,0.07557894736842105,0.0001911578947368421,0.06315789473684211
1616,-0.09950000000000153,200,0,0,1,0.04702970297029703,0.065,1.0,1.0,0.009174036908813769,0.00637859377777204,0.011246688524726779,0.07521052631578948,0.00019042105263157897,0.06842105263157895
1617,-0.48318750000000066,200,0,0,1,0.04700061842918986,0.065,1.0,1.0,0.0028544406596342784,0.006449026353657246,0.01118936849758029,0.07521052631578948,0.00019042105263157897,0.06842105263157895
1618,-1.0233125000000007,200,0,0,1,0.04697156983930779,0.065,1.0,1.0,0.00035912149081329084,0.006359542338643223,0.011411365258973093,0.07521052631578948,0.00019042105263157897,0.06842105263157895
1619,21.2264375,88,1,0,1,0.04694255713403336,0.065,1.0,1.0,0.0022392250043348594,0.0062833940139971674,0.01135702207358554,0.07521052631578948,0.00019042105263157897,0.06842105263157895
1620,-0.781250000000001,200,0,0,1,0.04691358024691358,0.065,1.0,1.0,0.0006608524015752558,0.006298018916742876,0.01132612921553664,0.07521052631578948,0.00019042105263157897,0.06842105263157895
1621,21.324749999999998,91,1,0,1,0.04688463911165947,0.065,1.0,1.0,0.03257656501298082,0.006323579292045906,0.0112244223121088,0.07521052631578948,0.00019042105263157897,0.06842105263157895
1622,-0.6970625000000017,200,0,0,1,0.0468557336621455,0.065,1.0,1.0,0.013363332800257529,0.007163871692027896,0.011810723275411874,0.07521052631578948,0.00019042105263157897,0.06842105263157895
1623,21.42996875,71,1,1,1,0.0474430067775724,0.07,1.0,1.0,0.0116614353857271,0.00775560919707641,0.012426164076197892,0.07521052631578948,0.00019042105263157897,0.06842105263157895
1624,20.204,162,1,0,1,0.04741379310344827,0.07,1.0,1.0,0.007024955202504813,0.008453404371393844,0.013171894763829187,0.07484210526315789,0.0001896842105263158,0.0736842105263158
1625,20.63796875,152,1,0,1,0.047384615384615386,0.07,1.0,1.0,0.003134247123268579,0.008606648944027255,0.012952174841600935,0.07484210526315789,0.0001896842105263158,0.0736842105263158
1626,20.220937499999998,151,1,0,1,0.047355473554735544,0.07,1.0,1.0,0.003561099915897863,0.008566114710352849,0.013021510343241971,0.07484210526315789,0.0001896842105263158,0.0736842105263158
1627,-2.845843749999999,200,0,0,1,0.04732636754763368,0.07,1.0,1.0,0.000492040083096712,0.007708830252464395,0.012329428625002038,0.07484210526315789,0.0001896842105263158,0.0736842105263158
1628,22.038875,37,1,1,1,0.04791154791154791,0.075,1.0,1.0,0.00023088775305833998,0.007713256538787391,0.0122455728649511,0.07484210526315789,0.0001896842105263158,0.0736842105263158
1629,-2.8699999999999997,200,0,0,1,0.04788213627992634,0.075,1.0,1.0,-0.0004868332445620078,0.0008974728297325783,0.00560820595518453,0.07447368421052632,0.00018894736842105266,0.07894736842105263
1630,-3.132187500000002,200,0,0,1,0.04785276073619632,0.075,1.0,1.0,-0.0006271586176532518,-0.00028637196408817545,0.004325690813304391,0.07447368421052632,0.00018894736842105266,0.07894736842105263
1631,-2.691937499999995,200,0,0,1,0.04782342121397915,0.075,1.0,1.0,-0.0009069549238425596,-0.0004572792674880475,0.004511957498965785,0.07447368421052632,0.00018894736842105266,0.07894736842105263
1632,-2.815999999999999,200,0,0,1,0.04779411764705882,0.075,1.0,1.0,-0.0011701920521743775,-0.0010825602405238896,0.004176360300974921,0.07447368421052632,0.00018894736842105266,0.07894736842105263
1633,-2.7320625000000005,200,0,0,1,0.047764849969381504,0.075,1.0,1.0,-0.0008251743126824824,-0.0009769073012284935,0.0043617572928778825,0.07447368421052632,0.00018894736842105266,0.07894736842105263
1634,21.1975625,98,1,0,1,0.04773561811505508,0.075,1.0,1.0,0.029244009169395974,0.005119190103141591,0.01052646413561888,0.07447368421052632,0.00018894736842105266,0.07894736842105263
1635,20.763437500000002,117,1,0,1,0.047706422018348627,0.07,1.0,1.0,0.018347667086001187,0.005716070972848684,0.011110877330880613,0.07447368421052632,0.00018894736842105266,0.07894736842105263
1636,-0.31900000000000106,200,0,0,1,0.04767726161369193,0.07,1.0,1.0,0.006171736785328272,0.005625517241423949,0.011354157436871902,0.07484210526315789,0.0001896842105263158,0.0736842105263158
1637,20.5530625,136,1,0,1,0.047648136835675016,0.07,1.0,1.0,0.03465896001614777,0.01237459266395308,0.01776697743847035,0.07484210526315789,0.0001896842105263158,0.0736842105263158
1638,-0.7761874999999997,200,0,0,1,0.047619047619047616,0.07,1.0,1.0,0.01216171419119077,0.012390497256768867,0.017481357275741176,0.07484210526315789,0.0001896842105263158,0.0736842105263158
1639,-2.780000000000001,200,0,0,1,0.04758999389871873,0.07,1.0,1.0,0.0028019683540469824,0.011910722051979974,0.017646453766850756,0.07484210526315789,0.0001896842105263158,0.0736842105263158
1640,21.17875,82,1,0,1,0.0475609756097561,0.07,1.0,1.0,0.0013338159227781895,0.011815943809226155,0.017576517241075635,0.07484210526315789,0.0001896842105263158,0.0736842105263158
1641,21.5423125,65,1,1,1,0.04814137720901889,0.075,1.0,1.0,0.000291060642510985,0.005733413583133369,0.01160731892986223,0.07484210526315789,0.0001896842105263158,0.0736842105263158
1642,-0.2578750000000012,200,0,0,1,0.04811205846528624,0.075,1.0,1.0,-0.00048649805064567025,0.005193658282980323,0.010892009921371936,0.07447368421052632,0.00018894736842105266,0.07894736842105263
1643,-0.420750000000001,200,0,0,1,0.04808277541083384,0.075,1.0,1.0,-0.0012614472383555878,0.004371992863714695,0.010161035005003214,0.07447368421052632,0.00018894736842105266,0.07894736842105263
1644,-0.39824999999999944,200,0,0,1,0.04805352798053528,0.075,1.0,1.0,-0.0009697911002424526,-0.0013972948302980513,0.004282054956769571,0.07447368421052632,0.00018894736842105266,0.07894736842105263
1645,-0.5756250000000012,200,0,0,1,0.04802431610942249,0.075,1.0,1.0,-1.8752852652541264e-05,-0.0008490188454743474,0.004716747693484649,0.07447368421052632,0.00018894736842105266,0.07894736842105263
1646,-2.6421875000000004,200,0,0,1,0.0479951397326853,0.075,1.0,1.0,-0.00028514603111704786,-0.0005790496047120542,0.004606998936040327,0.07447368421052632,0.00018894736842105266,0.07894736842105263
1647,-0.39234375000000005,200,0,0,1,0.04796599878567092,0.075,1.0,1.0,-0.0014328192923775617,-0.0007709510813001543,0.004828265743562952,0.07447368421052632,0.00018894736842105266,0.07894736842105263
1648,-0.7594999999999982,200,0,0,1,0.047936893203883495,0.075,1.0,1.0,0.0015468083312523177,3.6279922351241112e-06,0.005579933995380998,0.07447368421052632,0.00018894736842105266,0.07894736842105263
1649,-2.77653125,200,0,0,1,0.04790782292298363,0.075,1.0,1.0,-0.0005974510256810582,-0.00021267515234649182,0.005536712603177875,0.07447368421052632,0.00018894736842105266,0.07894736842105263
1650,20.5503125,117,1,0,1,0.04787878787878788,0.075,1.0,1.0,-0.001571494580347385,-0.0009114714697934687,0.0052173669654876,0.07447368421052632,0.00018894736842105266,0.07894736842105263
1651,20.097250000000003,169,1,0,1,0.04784978800726832,0.075,1.0,1.0,-0.0008042563931326784,-0.0006210446529730689,0.005264873994485242,0.07447368421052632,0.00018894736842105266,0.07894736842105263
1652,-0.42312500000000086,200,0,0,1,0.04782082324455206,0.075,1.0,1.0,-0.001112696306112542,-0.0007146615693054628,0.004973948974598898,0.07447368421052632,0.00018894736842105266,0.07894736842105263
1653,20.92340625,115,1,0,1,0.04779189352692075,0.075,1.0,1.0,-0.00026227775226781764,-0.0003872369283053558,0.004888708559068618,0.07447368421052632,0.00018894736842105266,0.07894736842105263
1654,-0.5867499999999995,200,0,0,1,0.047762998790810154,0.075,1.0,1.0,-0.00041898045332697937,-0.0008777637616440188,0.004301244758971734,0.07447368421052632,0.00018894736842105266,0.07894736842105263
1655,-2.7467187500000008,200,0,0,1,0.04773413897280967,0.07,1.0,1.0,-0.001082660656341642,-0.0008156008971564006,0.004478841288917465,0.07447368421052632,0.00018894736842105266,0.07894736842105263
1656,-2.8667500000000006,200,0,0,1,0.04770531400966183,0.07,1.0,1.0,-0.0013005389758107388,-0.0007639297244604677,0.004343035787111148,0.07484210526315789,0.0001896842105263158,0.0736842105263158
1657,-2.8367812499999965,200,0,0,1,0.04767652383826192,0.07,1.0,1.0,-0.0012900402552334825,-0.0008707335938233882,0.004437355443602428,0.07484210526315789,0.0001896842105263158,0.0736842105263158
1658,-2.8668125000000004,200,0,0,1,0.04764776839565742,0.07,1.0,1.0,-0.001289010265588722,-0.0010971252121962608,0.004306495225057006,0.07484210526315789,0.0001896842105263158,0.0736842105263158
1659,-0.5273750000000006,200,0,0,1,0.047619047619047616,0.07,1.0,1.0,0.0014543993470488635,-0.0005666653660591691,0.0048384314582217485,0.07484210526315789,0.0001896842105263158,0.0736842105263158
1660,-0.5737499999999962,200,0,0,1,0.04759036144578313,0.07,1.0,1.0,0.0008983384221457688,4.7443799674510956e-05,0.005187812605407089,0.07484210526315789,0.0001896842105263158,0.0736842105263158
1661,-2.65071875,200,0,0,1,0.047561709813365445,0.07,1.0,1.0,0.0003520536521797283,0.0003538220401387662,0.00510693135089241,0.07484210526315789,0.0001896842105263158,0.0736842105263158
1662,-2.7369375000000002,200,0,0,1,0.04753309265944645,0.07,1.0,1.0,-0.0006924707731376216,0.00032474780781194566,0.005183051839936525,0.07484210526315789,0.0001896842105263158,0.0736842105263158
1663,-0.6509062499999996,200,0,0,1,0.047504509921828024,0.065,1.0,1.0,0.0012589617516004204,0.0009318780614994466,0.005865315244998783,0.07484210526315789,0.0001896842105263158,0.0736842105263158
1664,21.105,87,1,0,1,0.047475961538461536,0.065,1.0,1.0,0.0006506365336566075,0.0008285717617254704,0.005854089133674279,0.07521052631578948,0.00019042105263157897,0.06842105263157895
1665,-0.28218749999999887,200,0,0,1,0.04744744744744745,0.06,1.0,1.0,4.819927360009003e-05,-0.00022352230385877192,0.004825664614560083,0.07521052631578948,0.00019042105263157897,0.06842105263157895
1666,-2.472374999999999,200,0,0,1,0.047418967587034816,0.06,1.0,1.0,-0.0009049504765663172,-0.00025205716956406833,0.004786059489473701,0.07557894736842105,0.0001911578947368421,0.06315789473684211
1667,-0.46837499999999954,200,0,0,1,0.047390521895620874,0.06,1.0,1.0,-0.0008815655248976266,-0.0002771872408920899,0.004686119775637053,0.07557894736842105,0.0001911578947368421,0.06315789473684211
1668,20.644375,117,1,0,1,0.047362110311750596,0.06,1.0,1.0,0.001190162775738107,0.00039913546072784813,0.0053624518850119785,0.07557894736842105,0.0001911578947368421,0.06315789473684211
1669,-2.817156249999999,200,0,0,1,0.04733373277411624,0.06,1.0,1.0,-0.000328244532875805,-0.00020850060309749097,0.0047746502530062575,0.07557894736842105,0.0001911578947368421,0.06315789473684211
1670,21.6525,69,1,1,1,0.04790419161676647,0.065,1.0,1.0,-3.347800133003794e-05,-6.381573330145329e-05,0.004665907390066422,0.07557894736842105,0.0001911578947368421,0.06315789473684211
1671,-0.7872187500000013,200,0,0,1,0.047875523638539794,0.065,1.0,1.0,0.001655137425709919,0.0006209694558056071,0.005278858719044365,0.07521052631578948,0.00019042105263157897,0.06842105263157895
1672,-2.569000000000001,200,0,0,1,0.04784688995215311,0.065,1.0,1.0,0.00012223133390192598,0.0007035922188078985,0.005162891374318861,0.07521052631578948,0.00019042105263157897,0.06842105263157895
1673,19.80359375,177,1,0,1,0.04781829049611477,0.065,1.0,1.0,0.029691295056655704,0.006711358634289354,0.011176354846451431,0.07521052631578948,0.00019042105263157897,0.06842105263157895
1674,20.214187499999998,169,1,0,1,0.04778972520908005,0.065,1.0,1.0,0.012088496365323434,0.005989577179541811,0.010508772572269664,0.07521052631578948,0.00019042105263157897,0.06842105263157895
1675,-0.4140625000000017,200,0,0,1,0.04776119402985075,0.065,1.0,1.0,0.0034023283610666193,0.005815913925413042,0.010467574058100582,0.07521052631578948,0.00019042105263157897,0.06842105263157895
1676,-1.0152499999999995,200,0,0,1,0.0477326968973747,0.065,1.0,1.0,0.00043151310227986124,0.0049288207667414095,0.009774787966394798,0.07521052631578948,0.00019042105263157897,0.06842105263157895
1677,-0.7322187500000015,200,0,0,1,0.04770423375074538,0.065,1.0,1.0,-0.001169872716084047,0.004596565508109052,0.009730495640367735,0.07521052631578948,0.00019042105263157897,0.06842105263157895
1678,20.1328125,153,1,0,1,0.04767580452920143,0.065,1.0,1.0,0.029193003435843946,0.01054530772297585,0.015586614266983816,0.07521052631578948,0.00019042105263157897,0.06842105263157895
1679,-0.6874687499999997,200,0,0,1,0.047647409172126266,0.065,1.0,1.0,0.011620350216156445,0.005162914572385489,0.010349311251673498,0.07521052631578948,0.00019042105263157897,0.06842105263157895
1680,19.674999999999997,194,1,0,1,0.047619047619047616,0.065,1.0,1.0,0.0038335605423614875,0.005385483412872418,0.010292606290211552,0.07521052631578948,0.00019042105263157897,0.06842105263157895
1681,19.924812499999998,175,1,0,1,0.04759071980963712,0.065,1.0,1.0,0.0011386024091846036,0.005390727072124719,0.010313839780646959,0.07521052631578948,0.00019042105263157897,0.06842105263157895
1682,21.164625,90,1,0,1,0.04756242568370987,0.065,1.0,1.0,0.00011507538872972767,0.005420742730653729,0.010395508681380306,0.07521052631578948,0.00019042105263157897,0.06842105263157895
1683,-0.4779687500000017,200,0,0,1,0.047534165181224004,0.065,1.0,1.0,-0.00044696946822327387,0.0056163289586547765,0.010372744872933253,0.07521052631578948,0.00019042105263157897,0.06842105263157895
1684,-0.6428750000000009,200,0,0,1,0.047505938242280284,0.065,1.0,1.0,-0.000662557391601155,-0.000449078734498471,0.004411416101735085,0.07521052631578948,0.00019042105263157897,0.06842105263157895
1685,-2.582968750000001,200,0,0,1,0.04747774480712166,0.065,1.0,1.0,-0.0005041504155185077,-0.0009424255795311183,0.003931973931146786,0.07521052631578948,0.00019042105263157897,0.06842105263157895
1686,-2.9276875000000016,200,0,0,1,0.04744958481613286,0.065,1.0,1.0,-0.0006511048956774789,-0.0007563392019364983,0.004082603799412027,0.07521052631578948,0.00019042105263157897,0.06842105263157895
1687,-0.6008750000000008,200,0,0,1,0.04742145820983995,0.065,1.0,1.0,0.0013717042878704244,-0.0001307469722814858,0.004744607992935926,0.07521052631578948,0.00019042105263157897,0.06842105263157895
1688,20.58025,148,1,0,1,0.04739336492890995,0.065,1.0,1.0,0.0005075207288342189,-2.9189545195549728e-05,0.004795042586978525,0.07521052631578948,0.00019042105263157897,0.06842105263157895
1689,-0.24446875000000162,200,0,0,1,0.047365304914150384,0.065,1.0,1.0,-0.0002670780403980073,-2.3348191054537893e-05,0.0050539020367432385,0.07521052631578948,0.00019042105263157897,0.06842105263157895
1690,-0.5112500000000008,200,0,0,1,0.047337278106508875,0.065,1.0,1.0,-0.0006878662258107449,-4.7429708763957026e-05,0.00443376949802041,0.07521052631578948,0.00019042105263157897,0.06842105263157895
1691,-0.621375000000001,200,0,0,1,0.04730928444707274,0.06,1.0,1.0,6.8286696468872515e-06,5.980116128921509e-05,0.004503670448437333,0.07521052631578948,0.00019042105263157897,0.06842105263157895
1692,-3.2527500000000003,200,0,0,1,0.04728132387706856,0.06,1.0,1.0,-0.0010797661457707466,-0.0006230229218490422,0.004092047831509262,0.07557894736842105,0.0001911578947368421,0.06315789473684211
1693,21.22675,97,1,0,1,0.04725339633786178,0.06,1.0,1.0,-0.0011726732587905653,-0.0007593699407589156,0.004085956636554328,0.07557894736842105,0.0001911578947368421,0.06315789473684211
1694,20.562375,131,1,0,1,0.047225501770956316,0.06,1.0,1.0,0.0015501215900206857,-0.00017750877703656443,0.004733054819953395,0.07557894736842105,0.0001911578947368421,0.06315789473684211
1695,-2.9600000000000013,200,0,0,1,0.0471976401179941,0.06,1.0,1.0,-0.0005481494546293953,-0.0004560466832772363,0.004737193374865455,0.07557894736842105,0.0001911578947368421,0.06315789473684211
1696,-0.8699999999999999,200,0,0,1,0.04716981132075472,0.055,1.0,1.0,-0.0011552860548636927,-0.0006425668904848863,0.0050016840309544935,0.07557894736842105,0.0001911578947368421,0.06315789473684211
1697,-0.8900000000000016,200,0,0,1,0.04714201532115498,0.055,1.0,1.0,-0.0013696577377091716,-0.000891446402791189,0.005182336688012584,0.07594736842105264,0.00019189473684210528,0.05789473684210526
1698,-3.093875000000001,200,0,0,1,0.04711425206124853,0.055,1.0,1.0,-0.0009683122403354744,-0.0006465011849068105,0.004910209637135267,0.07594736842105264,0.00019189473684210528,0.05789473684210526
1699,20.9438125,79,1,0,1,0.047086521483225424,0.055,1.0,1.0,0.029138202736799974,0.005369250347837805,0.01088543371250853,0.07594736842105264,0.00019189473684210528,0.05789473684210526
1700,-0.5743750000000012,200,0,0,1,0.047058823529411764,0.055,1.0,1.0,0.01288651436705506,0.005287123871734366,0.010996309706708417,0.07594736842105264,0.00019189473684210528,0.05789473684210526
1701,-0.9363125000000019,200,0,0,1,0.047031158142269255,0.055,1.0,1.0,0.003856615020048212,0.005419610519427806,0.011012797405011952,0.07594736842105264,0.00019189473684210528,0.05789473684210526
1702,-3.0936249999999994,200,0,0,1,0.04700352526439483,0.055,1.0,1.0,0.0011190872861888868,0.005629802581621334,0.010498433151049539,0.07594736842105264,0.00019189473684210528,0.05789473684210526
1703,-3.470687500000001,200,0,0,1,0.046975924838520255,0.055,1.0,1.0,-0.000763156490337593,0.005385631022974849,0.01034654121287167,0.07594736842105264,0.00019189473684210528,0.05789473684210526
1704,-0.6047500000000013,200,0,0,1,0.046948356807511735,0.055,1.0,1.0,-0.0010763237603548354,-0.000598196800565347,0.004307537641143427,0.07594736842105264,0.00019189473684210528,0.05789473684210526
1705,-2.9699999999999984,200,0,0,1,0.0469208211143695,0.055,1.0,1.0,-0.0009078346737946668,-0.0011589387853164226,0.0036399533797521143,0.07594736842105264,0.00019189473684210528,0.05789473684210526
1706,-0.6549375000000026,200,0,0,1,0.04689331770222743,0.055,1.0,1.0,-0.001171674525233294,-0.0011259397568646819,0.0036725560075137765,0.07594736842105264,0.00019189473684210528,0.05789473684210526
1707,-2.82834375,200,0,0,1,0.04686584651435267,0.055,1.0,1.0,-0.00032594987511815065,-0.0009861614706460386,0.0038982391639146956,0.07594736842105264,0.00019189473684210528,0.05789473684210526
1708,20.38975,148,1,0,1,0.0468384074941452,0.055,1.0,1.0,-0.0005344610475289879,-0.0008431858683470636,0.0039200187886599454,0.07594736842105264,0.00019189473684210528,0.05789473684210526
1709,-2.8184062500000002,200,0,0,1,0.046811000585137506,0.055,1.0,1.0,-0.0008798131326756993,-0.0008402442284859717,0.004022540504578501,0.07594736842105264,0.00019189473684210528,0.05789473684210526
1710,-2.4821875000000015,200,0,0,1,0.04678362573099415,0.05,1.0,1.0,-8.960564431596059e-05,-0.0005614488278515636,0.003969515100587159,0.07594736842105264,0.00019189473684210528,0.05789473684210526
1711,-3.051531249999999,200,0,0,1,0.046756282875511396,0.045,1.0,1.0,-0.0005981056546110449,-0.0005001239746343345,0.003919843078358099,0.07631578947368421,0.00019263157894736842,0.052631578947368425
1712,-0.5724999999999996,200,0,0,1,0.04672897196261682,0.045,1.0,1.0,-0.0014284638890775668,-0.0008013665501493961,0.003946035697357729,0.07668421052631579,0.00019336842105263159,0.04736842105263158
1713,-2.8614687500000016,200,0,0,1,0.046701692936368944,0.045,1.0,1.0,0.000198418306519249,-0.0006058382814517245,0.0041448272684356195,0.07668421052631579,0.00019336842105263159,0.04736842105263158
1714,-0.3799375000000013,200,0,0,1,0.046674445740956826,0.045,1.0,1.0,0.0020577882657378927,0.00019131159514654427,0.004856349338660948,0.07668421052631579,0.00019336842105263159,0.04736842105263158
1715,20.25265625,162,1,0,1,0.04664723032069971,0.045,1.0,1.0,0.002093856090853121,0.0007464133829926141,0.0051975675414432775,0.07668421052631579,0.00019336842105263159,0.04736842105263158
1716,20.134125,152,1,0,1,0.046620046620046623,0.045,1.0,1.0,0.0034995723510417953,0.0013031109017902053,0.0056051783962757324,0.07668421052631579,0.00019336842105263159,0.04736842105263158
1717,19.62940625,198,1,0,1,0.046592894583576,0.045,1.0,1.0,0.0006045305633092649,0.0014062354625784792,0.005608250268793199,0.07668421052631579,0.00019336842105263159,0.04736842105263158
1718,-0.7573749999999987,200,0,0,1,0.046565774155995346,0.045,1.0,1.0,-2.0875537757252034e-05,0.001509516874619294,0.005734648392826784,0.07668421052631579,0.00019336842105263159,0.04736842105263158
1719,20.44896875,139,1,0,1,0.04653868528214078,0.045,1.0,1.0,-0.0004264531739438384,0.0011823770671035164,0.005343990935885813,0.07668421052631579,0.00019336842105263159,0.04736842105263158
1720,-2.7587500000000005,200,0,0,1,0.046511627906976744,0.045,1.0,1.0,-0.0014921242705893906,-0.00036399967747274787,0.004380183264263905,0.07668421052631579,0.00019336842105263159,0.04736842105263158
1721,20.38609375,145,1,0,1,0.046484601975595584,0.045,1.0,1.0,0.029010248482922576,0.00566656556702219,0.010643573513487353,0.07668421052631579,0.00019336842105263159,0.04736842105263158
1722,21.627125,57,1,1,1,0.047038327526132406,0.05,1.0,1.0,0.05461048546953835,0.012282042717095465,0.017331716370303184,0.07668421052631579,0.00019336842105263159,0.04736842105263158
1723,-3.04115625,200,0,0,1,0.047011027278003485,0.05,1.0,1.0,0.020133602505444475,0.011729155073873699,0.016602589138783513,0.07631578947368421,0.00019263157894736842,0.052631578947368425
1724,-0.7054999999999996,200,0,0,1,0.04698375870069606,0.05,1.0,1.0,0.007346886925003834,0.012190414420561865,0.01716134524415247,0.07631578947368421,0.00019263157894736842,0.052631578947368425
1725,-2.675625000000001,200,0,0,1,0.04695652173913043,0.05,1.0,1.0,0.0018457664666972791,0.012054610630962997,0.017451461266260595,0.07631578947368421,0.00019263157894736842,0.052631578947368425
1726,-0.8057500000000013,200,0,0,1,0.04692931633835458,0.05,1.0,1.0,0.00014634760636834585,0.012303626399021595,0.017316090120468287,0.07631578947368421,0.00019263157894736842,0.052631578947368425
1727,-0.4717499999999998,200,0,0,1,0.046902142443543716,0.05,1.0,1.0,-0.0005989381086285726,-0.00039311256166547535,0.004510821756906807,0.07631578947368421,0.00019263157894736842,0.052631578947368425
1728,-2.698,200,0,0,1,0.046875,0.05,1.0,1.0,-0.0012999324228311234,-0.0007147567684296518,0.004796653544763103,0.07631578947368421,0.00019263157894736842,0.052631578947368425
1729,-0.6880625000000019,200,0,0,1,0.04684788895315211,0.05,1.0,1.0,-0.0011892739865372573,-0.0011496133641339839,0.004256443728227168,0.07631578947368421,0.00019263157894736842,0.052631578947368425
1730,-0.6671875000000016,200,0,0,1,0.04682080924855491,0.05,1.0,1.0,8.196611292977261e-05,-0.0006399599786382169,0.004580737213371321,0.07631578947368421,0.00019263157894736842,0.052631578947368425
1731,-2.8618124999999988,200,0,0,1,0.04679376083188908,0.05,1.0,1.0,-0.0012212621869609008,-0.0008178168609738349,0.004651042580604553,0.07631578947368421,0.00019263157894736842,0.052631578947368425
1732,-2.8091249999999994,200,0,0,1,0.04676674364896074,0.05,1.0,1.0,-0.0007628317265987417,-0.0007374389411415904,0.004740652499487624,0.07631578947368421,0.00019263157894736842,0.052631578947368425
1733,-2.698312499999999,200,0,0,1,0.0467397576457011,0.05,1.0,1.0,-0.0008552575863986712,-0.0005928311634343117,0.004540479051647708,0.07631578947368421,0.00019263157894736842,0.052631578947368425
1734,21.444875,71,1,1,1,0.04728950403690888,0.055,1.0,1.0,0.0017203641821610324,8.602408645674586e-05,0.00521704648481682,0.07631578947368421,0.00019263157894736842,0.052631578947368425
1735,20.943906249999998,95,1,0,1,0.04726224783861672,0.055,1.0,1.0,0.0007069479129147658,5.6470153387635946e-05,0.005089941071812064,0.07594736842105264,0.00019189473684210528,0.05789473684210526
1736,20.1645,157,1,0,1,0.04723502304147465,0.055,1.0,1.0,-0.00039648074938935276,-0.0004953548237681389,0.0045355632286518816,0.07594736842105264,0.00019189473684210528,0.05789473684210526
1737,20.9371875,128,1,0,1,0.04720782959124928,0.055,1.0,1.0,-0.0005199949950765745,-0.0003971210676245391,0.00468447665637359,0.07594736842105264,0.00019189473684210528,0.05789473684210526
1738,-0.2845000000000013,200,0,0,1,0.047180667433831994,0.055,1.0,1.0,0.0010236597350189558,0.0002652742746286094,0.00513654072675854,0.07594736842105264,0.00019189473684210528,0.05789473684210526
1739,19.875249999999998,192,1,0,1,0.047153536515238646,0.055,1.0,1.0,-0.0002341251719503085,0.00023976810206659138,0.0051960715905297545,0.07594736842105264,0.00019189473684210528,0.05789473684210526
1740,-0.46625000000000066,200,0,0,1,0.047126436781609195,0.055,1.0,1.0,-0.000721648596426632,-0.00034009117586538193,0.004390879722312092,0.07594736842105264,0.00019189473684210528,0.05789473684210526
1741,20.042375,156,1,0,1,0.04709936817920735,0.055,1.0,1.0,-0.0014843532704988903,-0.000533437063684687,0.004526214316720143,0.07594736842105264,0.00019189473684210528,0.05789473684210526
1742,-0.7688750000000012,200,0,0,1,0.04707233065442021,0.055,1.0,1.0,-0.0007307265509996952,-0.0003861640063114464,0.004445267663337291,0.07594736842105264,0.00019189473684210528,0.05789473684210526
1743,-0.4357500000000011,200,0,0,1,0.04704532415375789,0.055,1.0,1.0,-0.0006530909681543321,-0.0008911966769956052,0.003679014089982957,0.07594736842105264,0.00019189473684210528,0.05789473684210526
1744,-2.547999999999998,200,0,0,1,0.047018348623853214,0.055,1.0,1.0,-0.0006367934372964141,-0.0009344380924012511,0.003436817276990041,0.07594736842105264,0.00019189473684210528,0.05789473684210526
1745,-2.880000000000001,200,0,0,1,0.04699140401146132,0.055,1.0,1.0,-0.0008773196986747762,-0.0008073648477438837,0.003601750049972907,0.07594736842105264,0.00019189473684210528,0.05789473684210526
1746,-0.33737500000000104,200,0,0,1,0.046964490263459335,0.055,1.0,1.0,-0.0003810090718931351,-0.0004970080500934273,0.0035343698097858576,0.07594736842105264,0.00019189473684210528,0.05789473684210526
1747,-0.5991874999999953,200,0,0,1,0.04693760732684602,0.055,1.0,1.0,-0.0007103372003464679,-0.0005847328961826861,0.003880777655635029,0.07594736842105264,0.00019189473684210528,0.05789473684210526
1748,19.991875,162,1,0,1,0.04691075514874142,0.055,1.0,1.0,0.029414461192562857,0.0053784029001835735,0.010046841760864482,0.07594736842105264,0.00019189473684210528,0.05789473684210526
1749,-0.5393125000000007,200,0,0,1,0.046883933676386505,0.055,1.0,1.0,0.010746500445366217,0.005514966941904276,0.010060638502705842,0.07594736842105264,0.00019189473684210528,0.05789473684210526
1750,-2.6593749999999967,200,0,0,1,0.046857142857142854,0.055,1.0,1.0,0.003454916467679049,0.005493815371766687,0.010075240882113576,0.07594736842105264,0.00019189473684210528,0.05789473684210526
1751,19.621687499999997,184,1,0,1,0.04683038263849229,0.055,1.0,1.0,0.03085941505511357,0.011369731701212004,0.01601388778607361,0.07594736842105264,0.00019189473684210528,0.05789473684210526
1752,-0.6997500000000014,200,0,0,1,0.04680365296803653,0.055,1.0,1.0,0.011950026258775477,0.011951198600232601,0.01642437964864075,0.07594736842105264,0.00019189473684210528,0.05789473684210526
1753,-2.970218749999994,200,0,0,1,0.04677695379349686,0.055,1.0,1.0,0.0035001901117833966,0.01188825426180847,0.01645709661091678,0.07594736842105264,0.00019189473684210528,0.05789473684210526
1754,-0.6192500000000009,200,0,0,1,0.046750285062713795,0.05,1.0,1.0,0.0008213342791423033,0.005683084815740585,0.010664342558011413,0.07594736842105264,0.00019189473684210528,0.05789473684210526
1755,-2.9000000000000017,200,0,0,1,0.046723646723646726,0.05,1.0,1.0,-0.00047283877719491075,0.005664740925654769,0.01061611501313746,0.07631578947368421,0.00019263157894736842,0.052631578947368425
1756,21.360875,79,1,0,1,0.04669703872437358,0.05,1.0,1.0,-0.0004591822839785315,0.005629102359060198,0.010558463839348406,0.07631578947368421,0.00019263157894736842,0.052631578947368425
1757,-0.6296250000000007,200,0,0,1,0.0466704610130905,0.05,1.0,1.0,-0.0006607840064150669,-0.0010327956723049283,0.004189280244521797,0.07631578947368421,0.00019263157894736842,0.052631578947368425
1758,-0.7299375000000017,200,0,0,1,0.04664391353811149,0.05,1.0,1.0,0.0015711462048994978,-0.00024938800395466387,0.004812666595214978,0.07631578947368421,0.00019263157894736842,0.052631578947368425
1759,20.080187499999997,159,1,0,1,0.046617396247868106,0.05,1.0,1.0,0.00019338329630924533,-0.0003093753366265446,0.004869222007924691,0.07631578947368421,0.00019263157894736842,0.052631578947368425
1760,-3.2,200,0,0,1,0.04659090909090909,0.05,1.0,1.0,-0.0005787507506399329,-0.00030928655667230486,0.004921401697676629,0.07631578947368421,0.00019263157894736842,0.052631578947368425
1761,20.17971875,170,1,0,1,0.04656445201590006,0.05,1.0,1.0,-0.0002788028691398735,-0.00010339006315916777,0.004709892575629055,0.07631578947368421,0.00019263157894736842,0.052631578947368425
1762,-2.8300624999999977,200,0,0,1,0.046538024971623154,0.05,1.0,1.0,-0.0008676293709152245,-0.0001516584272030741,0.00463177895755507,0.07631578947368421,0.00019263157894736842,0.052631578947368425
1763,-0.8600000000000007,200,0,0,1,0.046511627906976744,0.05,1.0,1.0,-0.0011582961790488034,-0.0009006086946465075,0.003671440421137959,0.07631578947368421,0.00019263157894736842,0.052631578947368425
1764,20.92925,103,1,0,1,0.046485260770975055,0.05,1.0,1.0,0.03179182391306013,0.005654452338814736,0.010334957418963312,0.07631578947368421,0.00019263157894736842,0.052631578947368425
1765,-2.81015625,200,0,0,1,0.04645892351274788,0.05,1.0,1.0,0.011544575537622977,0.005878071532584727,0.010172822345979512,0.07631578947368421,0.00019263157894736842,0.052631578947368425
1766,-0.47093750000000073,200,0,0,1,0.0464326160815402,0.05,1.0,1.0,0.0036752460568755013,0.0059402641290798785,0.010018001166172326,0.07631578947368421,0.00019263157894736842,0.052631578947368425
1767,-2.7804375,200,0,0,1,0.04640633842671194,0.05,1.0,1.0,0.0010006240085895855,0.0058076820503920315,0.01026582189463079,0.07631578947368421,0.00019263157894736842,0.052631578947368425
1768,-0.7907500000000017,200,0,0,1,0.04638009049773756,0.05,1.0,1.0,0.00025078987994108773,0.006341171487234533,0.011033682306297123,0.07631578947368421,0.00019263157894736842,0.052631578947368425
1769,-0.7108437500000009,200,0,0,1,0.046353872244205764,0.045,1.0,1.0,-0.0006564750358363427,-0.0002950467807240784,0.004424495099578053,0.07631578947368421,0.00019263157894736842,0.052631578947368425
1770,-0.6309375000000016,200,0,0,1,0.04632768361581921,0.045,1.0,1.0,-0.00038337627719372587,-0.00031265100208111105,0.004467637312831357,0.07668421052631579,0.00019336842105263159,0.04736842105263158
1771,-2.8500000000000005,200,0,0,1,0.04630152456239413,0.045,1.0,1.0,-0.0007452611505268278,-0.00037301187287084757,0.004566290703369304,0.07668421052631579,0.00019336842105263159,0.04736842105263158
1772,21.8685,30,1,1,1,0.04683972911963882,0.05,1.0,1.0,0.02929384358437693,0.005585513789439574,0.010550912555074319,0.07668421052631579,0.00019336842105263159,0.04736842105263158
1773,19.2691875,199,1,0,1,0.046813310772701636,0.05,1.0,1.0,0.01175585528637011,0.005459507431602105,0.010417401641840116,0.07631578947368421,0.00019263157894736842,0.052631578947368425
1774,-3.000437500000002,200,0,0,1,0.0467869222096956,0.05,1.0,1.0,0.003464671378389222,0.005562263095751405,0.01046994502004236,0.07631578947368421,0.00019263157894736842,0.052631578947368425
1775,-0.5128125000000012,200,0,0,1,0.04676056338028169,0.05,1.0,1.0,0.0009080639087271274,0.005630077002570033,0.010341156273148954,0.07631578947368421,0.00019263157894736842,0.052631578947368425
1776,19.6965,195,1,0,1,0.046734234234234236,0.05,1.0,1.0,-0.0001233588321132588,0.00557622665213421,0.010229591820854693,0.07631578947368421,0.00019263157894736842,0.052631578947368425
1777,-3.0189374999999985,200,0,0,1,0.04670793472144063,0.05,1.0,1.0,-0.0009633370552287615,0.005463966888608411,0.010503993610618635,0.07631578947368421,0.00019263157894736842,0.052631578947368425
1778,21.012124999999997,140,1,0,1,0.046681664791901015,0.05,1.0,1.0,0.029466828845944763,0.005057152798399329,0.009936990251764656,0.07631578947368421,0.00019263157894736842,0.052631578947368425
1779,-2.958812499999997,200,0,0,1,0.04665542439572794,0.05,1.0,1.0,0.009831420539215265,0.00504180929181166,0.010000045607564971,0.07631578947368421,0.00019263157894736842,0.052631578947368425
1780,-2.8799999999999994,200,0,0,1,0.04662921348314607,0.05,1.0,1.0,0.002655757996533051,0.004842680388595909,0.01010334058245644,0.07631578947368421,0.00019263157894736842,0.052631578947368425
1781,19.33803125,194,1,0,1,0.04660303200449186,0.05,1.0,1.0,-2.8896485238582868e-05,0.004717276851180941,0.010336340960580856,0.07631578947368421,0.00019263157894736842,0.052631578947368425
1782,19.4579375,182,1,0,1,0.04657687991021325,0.05,1.0,1.0,0.0006538561367000094,0.005222378046019003,0.010784733339445665,0.07631578947368421,0.00019263157894736842,0.052631578947368425
1783,-3.217125,200,0,0,1,0.04655075715086932,0.05,1.0,1.0,-0.00029783126362505866,0.005180359823163599,0.010491872957441957,0.07631578947368421,0.00019263157894736842,0.052631578947368425
1784,20.117,159,1,0,1,0.04652466367713005,0.045,1.0,1.0,0.030026810418704544,0.005439971710788086,0.010445848141564056,0.07631578947368421,0.00019263157894736842,0.052631578947368425
1785,-3.147656249999996,200,0,0,1,0.04649859943977591,0.045,1.0,1.0,0.010724635294560463,0.005659120035357773,0.01064906599279493,0.07668421052631579,0.00019336842105263159,0.04736842105263158
1786,-0.880812500000002,200,0,0,1,0.04647256438969765,0.045,1.0,1.0,0.002958319559846097,0.0056673256533686074,0.010512284751748667,0.07668421052631579,0.00019336842105263159,0.04736842105263158
1787,-3.2466250000000016,200,0,0,1,0.046446558477895916,0.045,1.0,1.0,-0.0001818007595945316,0.005089925419539213,0.00992390763014555,0.07668421052631579,0.00019336842105263159,0.04736842105263158
1788,-0.9991249999999997,200,0,0,1,0.046420581655480984,0.045,1.0,1.0,-0.0010498612998396958,0.004939523589564487,0.009968232886167242,0.07668421052631579,0.00019336842105263159,0.04736842105263158
1789,-2.820906249999999,200,0,0,1,0.046394633873672445,0.045,1.0,1.0,-0.0012627806913014052,-0.0013132921350188552,0.003947180441115051,0.07668421052631579,0.00019336842105263159,0.04736842105263158
1790,-2.8209375000000017,200,0,0,1,0.04636871508379888,0.045,1.0,1.0,-0.001101208663689193,-0.0014449715588707476,0.003801781839923933,0.07668421052631579,0.00019336842105263159,0.04736842105263158
1791,-3.0270937499999984,200,0,0,1,0.0463428252372976,0.045,1.0,1.0,-0.0011871645974464357,-0.0014239924922585488,0.004008238347247243,0.07668421052631579,0.00019336842105263159,0.04736842105263158
1792,20.500999999999998,139,1,0,1,0.04631696428571429,0.045,1.0,1.0,0.030568194033563995,0.005135422347579152,0.010748300734441727,0.07668421052631579,0.00019336842105263159,0.04736842105263158
1793,-2.7510312499999996,200,0,0,1,0.046291132180702736,0.045,1.0,1.0,0.01006929607358261,0.005198777810903266,0.01070805927994661,0.07668421052631579,0.00019336842105263159,0.04736842105263158
1794,-2.8221249999999993,200,0,0,1,0.04626532887402453,0.045,1.0,1.0,0.0029422346113344845,0.005260727408807724,0.010673212156165391,0.07668421052631579,0.00019336842105263159,0.04736842105263158
1795,20.8234375,114,1,0,1,0.046239554317548746,0.045,1.0,1.0,0.0014677091186644526,0.005425352012040093,0.010566367187304422,0.07668421052631579,0.00019336842105263159,0.04736842105263158
1796,-3.195500000000002,200,0,0,1,0.04621380846325167,0.04,1.0,1.0,0.00014177937213580126,0.005475520164938644,0.010614389394177123,0.07668421052631579,0.00019336842105263159,0.04736842105263158
1797,-0.8900000000000017,200,0,0,1,0.04618809126321647,0.04,1.0,1.0,-0.00023404246316001973,0.004943777222186327,0.010230019419454037,0.07705263157894737,0.00019410526315789475,0.04210526315789474
1798,-0.741187500000001,200,0,0,1,0.046162402669632924,0.04,1.0,1.0,-0.0006560288813839373,-0.0009806612075772137,0.0041014072119724,0.07705263157894737,0.00019410526315789475,0.04210526315789474
1799,-2.6248750000000007,200,0,0,1,0.04613674263479711,0.04,1.0,1.0,-0.0003348656241498342,-0.0006753042640630155,0.0042439136051107195,0.07705263157894737,0.00019410526315789475,0.04210526315789474
1800,-2.947499999999998,200,0,0,1,0.04611111111111111,0.04,1.0,1.0,4.045758935982459e-05,-0.00046666012564674017,0.0041700382730923595,0.07705263157894737,0.00019410526315789475,0.04210526315789474
1801,20.694625,151,1,0,1,0.04608550805108273,0.04,1.0,1.0,-4.798425710651199e-05,-0.0003421821128576994,0.004116007436998188,0.07705263157894737,0.00019410526315789475,0.04210526315789474
1802,-3.0073749999999992,200,0,0,1,0.04605993340732519,0.04,1.0,1.0,-6.31683368552819e-05,-0.0002124074271414429,0.004046491459244862,0.07705263157894737,0.00019410526315789475,0.04210526315789474
1803,-0.8513437500000015,200,0,0,1,0.04603438713255685,0.04,1.0,1.0,-0.00040598397267094125,-0.00027304710866883397,0.0040375841301865875,0.07705263157894737,0.00019410526315789475,0.04210526315789474
1804,-2.9972499999999993,200,0,0,1,0.046008869179600884,0.04,1.0,1.0,-0.0001993214628241045,-0.00023522280179895461,0.004269637717166916,0.07705263157894737,0.00019410526315789475,0.04210526315789474
1805,-3.224375000000001,200,0,0,1,0.04598337950138504,0.04,1.0,1.0,0.00029752552861237185,-0.0001291755383135751,0.004268664220464416,0.07705263157894737,0.00019410526315789475,0.04210526315789474
1806,19.749937499999998,193,1,0,1,0.04595791805094131,0.04,1.0,1.0,-0.0005927085733037985,-0.00039096218941267577,0.0043041182964807375,0.07705263157894737,0.00019410526315789475,0.04210526315789474
1807,-2.5458750000000006,200,0,0,1,0.045932484781405644,0.04,1.0,1.0,-0.0010892022051763612,-0.0005342128834454343,0.004316025240230374,0.07705263157894737,0.00019410526315789475,0.04210526315789474
1808,-2.833000000000001,200,0,0,1,0.0459070796460177,0.04,1.0,1.0,-0.0007200935522320208,-0.0006110975873889401,0.004203114243340678,0.07705263157894737,0.00019410526315789475,0.04210526315789474
1809,-2.9784687499999998,200,0,0,1,0.04588170259812051,0.04,1.0,1.0,-0.0006632156327465889,-0.000700024097925052,0.00393403391330503,0.07705263157894737,0.00019410526315789475,0.04210526315789474
1810,-0.6146875000000009,200,0,0,1,0.04585635359116022,0.04,1.0,1.0,0.0008339552517910452,-0.00010239559866022319,0.004432874149526469,0.07705263157894737,0.00019410526315789475,0.04210526315789474
1811,20.4204375,145,1,0,1,0.04583103257868581,0.04,1.0,1.0,0.030439289426688207,0.005878812099224888,0.010351399443694391,0.07705263157894737,0.00019410526315789475,0.04210526315789474
1812,-2.8816250000000005,200,0,0,1,0.045805739514348784,0.04,1.0,1.0,0.010861585125736541,0.006127833554404788,0.010074210181948729,0.07705263157894737,0.00019410526315789475,0.04210526315789474
1813,-0.7916562500000011,200,0,0,1,0.045780474351902925,0.04,1.0,1.0,0.0055613897593751235,0.006803836375707761,0.010644512807717547,0.07705263157894737,0.00019410526315789475,0.04210526315789474
1814,-2.7616875000000016,200,0,0,1,0.04575523704520397,0.04,1.0,1.0,0.0017538697647697793,0.006908747846842743,0.010788659218116663,0.07705263157894737,0.00019410526315789475,0.04210526315789474
1815,19.793125,164,1,0,1,0.045730027548209366,0.035,1.0,1.0,0.00015607749271151828,0.006108439424249809,0.01038680868485244,0.07705263157894737,0.00019410526315789475,0.04210526315789474
1816,-2.7035000000000005,200,0,0,1,0.045704845814977975,0.035,1.0,1.0,8.135279127273107e-05,0.0063348031649948094,0.010498964849801269,0.07742105263157895,0.0001948421052631579,0.0368421052631579
1817,19.644656249999997,184,1,0,1,0.04567969179966978,0.035,1.0,1.0,-0.00044240164076334845,0.0001073426446528174,0.004476705777400639,0.07742105263157895,0.0001948421052631579,0.0368421052631579
1818,-0.3045000000000021,200,0,0,1,0.04565456545654566,0.035,1.0,1.0,-0.0011024466870083812,-0.0006092253960086965,0.0036924827396287584,0.07742105263157895,0.0001948421052631579,0.0368421052631579
1819,-2.833687500000001,200,0,0,1,0.04562946673996701,0.035,1.0,1.0,-0.0012072567599114169,-0.0008694390059099533,0.003778751798032317,0.07742105263157895,0.0001948421052631579,0.0368421052631579
1820,-2.880000000000001,200,0,0,1,0.0456043956043956,0.035,1.0,1.0,-0.001345830027221809,-0.0009783594076288864,0.0038623639129800724,0.07742105263157895,0.0001948421052631579,0.0368421052631579
1821,19.824749999999998,191,1,0,1,0.04557935200439319,0.035,1.0,1.0,0.0019384760766025081,-0.00044828939344733953,0.004449482184834778,0.07742105263157895,0.0001948421052631579,0.0368421052631579
1822,-0.7419375000000014,200,0,0,1,0.045554335894621295,0.035,1.0,1.0,0.0014202764842423876,0.0001712263172958046,0.005171005295356736,0.07742105263157895,0.0001948421052631579,0.0368421052631579
1823,-0.13968750000000116,200,0,0,1,0.04552934722984092,0.03,1.0,1.0,7.342380357342512e-05,0.0002431110115721822,0.00544078326690942,0.07742105263157895,0.0001948421052631579,0.0368421052631579
1824,-3.22,200,0,0,1,0.04550438596491228,0.03,1.0,1.0,-0.0009000169859451595,0.0002168072392232716,0.00524566246708855,0.07778947368421053,0.00019557894736842106,0.031578947368421054
1825,21.61984375,53,1,1,1,0.046027397260273974,0.035,1.0,1.0,-0.0008727156469172104,0.00035444796131923795,0.005232451885472983,0.07778947368421053,0.00019557894736842106,0.031578947368421054
1826,21.71525,80,1,0,1,0.04600219058050383,0.035,1.0,1.0,0.0018807268534870563,0.0010739305061288177,0.005793416689615697,0.07742105263157895,0.0001948421052631579,0.0368421052631579
1827,-3.0858124999999994,200,0,0,1,0.04597701149425287,0.035,1.0,1.0,-0.0004385812106914368,0.0009410778295714409,0.0058492169908713545,0.07742105263157895,0.0001948421052631579,0.0368421052631579
1828,-0.2291250000000016,200,0,0,1,0.045951859956236324,0.03,1.0,1.0,-0.0007599106072855885,-0.0004571991309057921,0.004643249655840918,0.07742105263157895,0.0001948421052631579,0.0368421052631579
1829,20.34921875,139,1,0,1,0.045926735921268454,0.03,1.0,1.0,-0.0010562342665948667,-0.0005565274645341561,0.0046826358557445925,0.07778947368421053,0.00019557894736842106,0.031578947368421054
1830,-2.6187500000000004,200,0,0,1,0.04590163934426229,0.03,1.0,1.0,-0.0004193638003693584,-0.0003296177223091945,0.004559108443907462,0.07778947368421053,0.00019557894736842106,0.031578947368421054
1831,20.925593749999997,128,1,0,1,0.045876570180229385,0.03,1.0,1.0,0.002558035584645238,0.000598395009408705,0.005122193996910937,0.07778947368421053,0.00019557894736842106,0.031578947368421054
1832,-0.8600000000000014,200,0,0,1,0.04585152838427948,0.03,1.0,1.0,0.002224151499562215,0.0005772391186328605,0.005111350828665309,0.07778947368421053,0.00019557894736842106,0.031578947368421054
1833,-0.42140625000000037,200,0,0,1,0.04582651391162029,0.03,1.0,1.0,0.0001933779063487307,0.0006526625655824318,0.005046871131635271,0.07778947368421053,0.00019557894736842106,0.031578947368421054
1834,-0.7746250000000022,200,0,0,1,0.04580152671755725,0.03,1.0,1.0,0.0008662062564451073,0.0012563349993433804,0.005639130018884316,0.07778947368421053,0.00019557894736842106,0.031578947368421054
1835,-2.8576562500000002,200,0,0,1,0.04577656675749319,0.03,1.0,1.0,9.776908972252562e-05,0.0013696227169129997,0.005691589444642886,0.07778947368421053,0.00019557894736842106,0.031578947368421054
1836,-0.6771249999999998,200,0,0,1,0.0457516339869281,0.03,1.0,1.0,0.002544332208165078,0.0010019320640712976,0.005483684809878469,0.07778947368421053,0.00019557894736842106,0.031578947368421054
1837,21.09278125,80,1,0,1,0.0457267283614589,0.03,1.0,1.0,0.001336997495709921,0.0009928610443603247,0.005473767156945542,0.07778947368421053,0.00019557894736842106,0.031578947368421054
1838,-0.41706250000000045,200,0,0,1,0.04570184983677911,0.03,1.0,1.0,0.0007406444020515036,0.0006080479428637773,0.0047951349138747905,0.07778947368421053,0.00019557894736842106,0.031578947368421054
1839,-3.0100000000000007,200,0,0,1,0.04567699836867863,0.03,1.0,1.0,-0.0009184318033204065,-0.000244275810662657,0.004538964843843132,0.07778947368421053,0.00019557894736842106,0.031578947368421054
1840,-2.5974999999999966,200,0,0,1,0.04565217391304348,0.03,1.0,1.0,-0.0015209115239688668,-0.000331292396876961,0.00460400438727811,0.07778947368421053,0.00019557894736842106,0.031578947368421054
1841,-0.6550625000000017,200,0,0,1,0.045627376425855515,0.025,1.0,1.0,-0.0008915280167069107,-0.00032858425145968796,0.004624767908360809,0.07778947368421053,0.00019557894736842106,0.031578947368421054
1842,21.0671875,95,1,0,1,0.04560260586319218,0.025,1.0,1.0,0.029748977335346188,0.005773059725994244,0.01102358697890304,0.0781578947368421,0.00019631578947368423,0.026315789473684213
1843,-2.542968749999997,200,0,0,1,0.04557786218122626,0.025,1.0,1.0,0.010317059315296214,0.005186612324323505,0.010492132973391563,0.0781578947368421,0.00019631578947368423,0.026315789473684213
1844,19.856875,173,1,0,1,0.0455531453362256,0.025,1.0,1.0,0.0031869619556886475,0.004736367505509406,0.010604377697687597,0.0781578947368421,0.00019631578947368423,0.026315789473684213
1845,-0.458593750000001,200,0,0,1,0.04552845528455285,0.025,1.0,1.0,0.0002850359209278949,0.0048538790948223325,0.010089351491304115,0.0781578947368421,0.00019631578947368423,0.026315789473684213
1846,-2.8573124999999973,200,0,0,1,0.04550379198266522,0.025,1.0,1.0,-0.0013019408482022783,0.004761118577094749,0.01021127817663364,0.0781578947368421,0.00019631578947368423,0.026315789473684213
1847,-0.7100000000000009,200,0,0,1,0.04547915538711424,0.025,1.0,1.0,-0.001057430749594572,0.004690116296522319,0.010113382411189377,0.0781578947368421,0.00019631578947368423,0.026315789473684213
1848,-2.7855000000000003,200,0,0,1,0.045454545454545456,0.025,1.0,1.0,-0.0011523844827336831,-0.0014505369702819736,0.0039767248334828765,0.0781578947368421,0.00019631578947368423,0.026315789473684213
1849,20.5121875,160,1,0,1,0.04542996214169821,0.025,1.0,1.0,0.0014664038086854782,-0.0006379155390895903,0.004308226177934557,0.0781578947368421,0.00019631578947368423,0.026315789473684213
1850,-0.15093750000000172,200,0,0,1,0.04540540540540541,0.025,1.0,1.0,0.0023102522199983247,2.424127794802189e-05,0.005281603159382939,0.0781578947368421,0.00019631578947368423,0.026315789473684213
1851,-3.030000000000001,200,0,0,1,0.04538087520259319,0.025,1.0,1.0,-9.7930451727444e-05,0.00014565892121754586,0.005106857929611579,0.0781578947368421,0.00019631578947368423,0.026315789473684213
1852,-0.6386249999999999,200,0,0,1,0.04535637149028078,0.025,1.0,1.0,0.0020041007206020047,0.0008063308297423646,0.0056503321566851806,0.0781578947368421,0.00019631578947368423,0.026315789473684213
1853,-0.4874374999999996,200,0,0,1,0.04533189422558014,0.025,1.0,1.0,0.0007900348001128163,0.0011431846044724807,0.005753988979035057,0.0781578947368421,0.00019631578947368423,0.026315789473684213
1854,-0.678812500000001,200,0,0,1,0.045307443365695796,0.025,1.0,1.0,-0.0002683558975843298,0.0005595984664978459,0.005187489097821526,0.0781578947368421,0.00019631578947368423,0.026315789473684213
1855,21.7221875,49,1,1,1,0.04582210242587601,0.03,1.0,1.0,-0.0002817001977847641,0.0006652297546388582,0.005198460221174173,0.0781578947368421,0.00019631578947368423,0.026315789473684213
1856,-0.33800000000000097,200,0,0,1,0.045797413793103446,0.03,1.0,1.0,0.0021895686701196857,0.0007396259828237817,0.005340226173517294,0.07778947368421053,0.00019557894736842106,0.031578947368421054
1857,-0.46515625000000094,200,0,0,1,0.04577275175013463,0.03,1.0,1.0,0.00028037919611660313,0.0007485322518041357,0.005247587921679951,0.07778947368421053,0.00019557894736842106,0.031578947368421054
1858,-0.6861250000000013,200,0,0,1,0.045748116254036596,0.03,1.0,1.0,-0.0008039265141796464,-3.510331502184272e-05,0.004470843551214784,0.07778947368421053,0.00019557894736842106,0.031578947368421054
1859,20.77525,126,1,0,1,0.0457235072619688,0.03,1.0,1.0,0.031030617523540832,0.006425840395735577,0.011404710140777752,0.07778947368421053,0.00019557894736842106,0.031578947368421054
1860,-2.7393749999999994,200,0,0,1,0.0456989247311828,0.03,1.0,1.0,0.010753293532744138,0.006386739881942049,0.011219330869382248,0.07778947368421053,0.00019557894736842106,0.031578947368421054
1861,-0.7531562500000004,200,0,0,1,0.04567436861902203,0.03,1.0,1.0,0.0026397012589082823,0.00606605324242264,0.011067032295279205,0.07778947368421053,0.00019557894736842106,0.031578947368421054
1862,20.7776875,113,1,0,1,0.04564983888292159,0.03,1.0,1.0,0.03156724890621699,0.011475210039177909,0.01627162443823181,0.07778947368421053,0.00019557894736842106,0.031578947368421054
1863,-2.910000000000001,200,0,0,1,0.045625335480407946,0.03,1.0,1.0,0.01047656592397525,0.011344759460305795,0.016466755964094772,0.07778947368421053,0.00019557894736842106,0.031578947368421054
1864,19.506999999999998,196,1,0,1,0.04560085836909871,0.03,1.0,1.0,0.03400388827254129,0.016982552511850373,0.021875454984372482,0.07778947368421053,0.00019557894736842106,0.031578947368421054
1865,-0.7732812500000006,200,0,0,1,0.045576407506702415,0.03,1.0,1.0,0.011958466736257792,0.010962461555143818,0.015418737139785662,0.07778947368421053,0.00019557894736842106,0.031578947368421054
1866,-0.5965625000000017,200,0,0,1,0.04555198285101822,0.03,1.0,1.0,0.0033465520858788965,0.011085733376676217,0.015565411863615736,0.07778947368421053,0.00019557894736842106,0.031578947368421054
1867,-0.9600000000000014,200,0,0,1,0.04552758435993572,0.03,1.0,1.0,0.002064366760975547,0.011774711444741116,0.016176443297648804,0.07778947368421053,0.00019557894736842106,0.031578947368421054
1868,19.7865,168,1,0,1,0.045503211991434686,0.03,1.0,1.0,0.00022301270159973537,0.0057593673926312474,0.00993582688155584,0.07778947368421053,0.00019557894736842106,0.031578947368421054
1869,-2.819999999999993,200,0,0,1,0.0454788657035848,0.03,1.0,1.0,-0.0011377420140191571,0.005512890264857561,0.010063175891991705,0.07778947368421053,0.00019557894736842106,0.031578947368421054
1870,-0.7968750000000007,200,0,0,1,0.045454545454545456,0.025,1.0,1.0,0.001632611273500732,-5.5137798422947525e-05,0.004805162184173241,0.07778947368421053,0.00019557894736842106,0.031578947368421054
1871,-0.5938750000000005,200,0,0,1,0.045430251202565476,0.025,1.0,1.0,-3.399392808173065e-05,6.213825894519687e-06,0.004735508051933721,0.0781578947368421,0.00019631578947368423,0.026315789473684213
1872,-3.215999999999991,200,0,0,1,0.045405982905982904,0.025,1.0,1.0,-0.00039496461265680374,-0.0005645333530846983,0.004277693439507857,0.0781578947368421,0.00019631578947368423,0.026315789473684213
1873,-0.9664687500000003,200,0,0,1,0.04538174052322477,0.025,1.0,1.0,-0.000865563088696327,-0.0005374952850397676,0.004439225593348965,0.0781578947368421,0.00019631578947368423,0.026315789473684213
1874,-2.9300000000000006,200,0,0,1,0.04535752401280683,0.025,1.0,1.0,-0.0008264971525801868,-0.00041843040974345056,0.004305739174946211,0.0781578947368421,0.00019631578947368423,0.026315789473684213
1875,-2.7871874999999973,200,0,0,1,0.04533333333333334,0.025,1.0,1.0,-0.0003359995693328231,-0.0007564928176579997,0.003719080941635184,0.0781578947368421,0.00019631578947368423,0.026315789473684213
1876,-3.0100000000000002,200,0,0,1,0.0453091684434968,0.025,1.0,1.0,-0.0009239827402785716,-0.0008108828988624737,0.003965922280098312,0.0781578947368421,0.00019631578947368423,0.026315789473684213
1877,-2.498281250000001,200,0,0,1,0.045285029302077784,0.025,1.0,1.0,-0.0006044372185866624,-0.0008078016684157774,0.0039096732184989375,0.0781578947368421,0.00019631578947368423,0.026315789473684213
1878,-2.7536874999999963,200,0,0,1,0.045260915867944625,0.025,1.0,1.0,-0.0008700740693181696,-0.000898456415743567,0.003961655414314009,0.0781578947368421,0.00019631578947368423,0.026315789473684213
1879,21.0976875,91,1,0,1,0.04523682810005322,0.025,1.0,1.0,-0.0002424218386001745,-0.0006768703178968281,0.004007956774672494,0.0781578947368421,0.00019631578947368423,0.026315789473684213
1880,-2.9000000000000004,200,0,0,1,0.04521276595744681,0.025,1.0,1.0,-0.0011695902035516038,-0.0009920634359586985,0.00427097539161332,0.0781578947368421,0.00019631578947368423,0.026315789473684213
1881,-0.5026875000000018,200,0,0,1,0.045188729399255716,0.025,1.0,1.0,0.00020033891731326028,-0.0005592354950495064,0.005193487488199026,0.0781578947368421,0.00019631578947368423,0.026315789473684213
1882,-0.8438124999999995,200,0,0,1,0.04516471838469713,0.025,1.0,1.0,-0.00026933516269517997,-0.00037571578519418836,0.005008433744776994,0.0781578947368421,0.00019631578947368423,0.026315789473684213
1883,22.03309375,34,1,1,1,0.04567180031864047,0.03,1.0,1.0,0.030336275818497665,0.005786445049569011,0.01106427757628262,0.0781578947368421,0.00019631578947368423,0.026315789473684213
1884,20.850624999999997,107,1,0,1,0.045647558386411886,0.03,1.0,1.0,0.016946529254561145,0.005663562806556001,0.01118287557340227,0.07778947368421053,0.00019557894736842106,0.031578947368421054
1885,-0.38734374999999915,200,0,0,1,0.04562334217506631,0.03,1.0,1.0,0.00844162206655318,0.006489304441260174,0.011770621311618015,0.07778947368421053,0.00019557894736842106,0.031578947368421054
1886,21.9281875,22,1,1,1,0.04612937433722163,0.035,1.0,1.0,0.010780669076531912,0.007150772001361474,0.012326459616655483,0.07778947368421053,0.00019557894736842106,0.031578947368421054
1887,19.948249999999998,180,1,0,1,0.046104928457869634,0.035,1.0,1.0,0.03406107599822125,0.0132788115022704,0.018368754158727824,0.07742105263157895,0.0001948421052631579,0.0368421052631579
1888,-0.6980000000000004,200,0,0,1,0.04608050847457627,0.035,1.0,1.0,0.011947644671458603,0.012688309858553112,0.01726752459909767,0.07742105263157895,0.0001948421052631579,0.0368421052631579
1889,-0.6220937500000013,200,0,0,1,0.04605611434621493,0.035,1.0,1.0,0.004156330557865041,0.012817535668844356,0.017175090903183445,0.07742105263157895,0.0001948421052631579,0.0368421052631579
1890,-0.7362500000000016,200,0,0,1,0.046031746031746035,0.035,1.0,1.0,0.001101761233547008,0.00679590384545736,0.01090872126375325,0.07742105263157895,0.0001948421052631579,0.0368421052631579
1891,-3.0418125000000003,200,0,0,1,0.046007403490216814,0.035,1.0,1.0,-0.0008384379623876725,0.005727810999611393,0.010343933725496754,0.07742105263157895,0.0001948421052631579,0.0368421052631579
1892,20.95875,132,1,0,1,0.0459830866807611,0.035,1.0,1.0,-0.0007752802566541085,0.005053698647767306,0.009741755733266473,0.07742105263157895,0.0001948421052631579,0.0368421052631579
1893,-0.4707812500000011,200,0,0,1,0.04595879556259905,0.035,1.0,1.0,-0.0005973501373786686,-0.0008635172350332141,0.0035107519840821624,0.07742105263157895,0.0001948421052631579,0.0368421052631579
1894,-2.9158125,200,0,0,1,0.04593453009503696,0.035,1.0,1.0,-0.0005561333644006864,-0.0008197825604584068,0.003549022571882233,0.07742105263157895,0.0001948421052631579,0.0368421052631579
1895,-2.9815625000000012,200,0,0,1,0.04591029023746702,0.035,1.0,1.0,-0.0006727391203582823,-0.0008922747487667949,0.0036806756185833365,0.07742105263157895,0.0001948421052631579,0.0368421052631579
1896,21.317249999999998,59,1,1,1,0.046413502109704644,0.04,1.0,1.0,0.029442945873018024,0.005134412233484909,0.00968791667674668,0.07742105263157895,0.0001948421052631579,0.0368421052631579
1897,19.992874999999998,154,1,0,1,0.04638903531892462,0.04,1.0,1.0,0.013295323335644177,0.0052899340665899216,0.00956841047341004,0.07705263157894737,0.00019410526315789475,0.04210526315789474
1898,-2.9599999999999977,200,0,0,1,0.04636459430979979,0.04,1.0,1.0,0.004150852003025579,0.005295556406956166,0.009343070675153286,0.07705263157894737,0.00019410526315789475,0.04210526315789474
1899,-2.951312500000001,200,0,0,1,0.04634017904160084,0.04,1.0,1.0,0.0006645635042540872,0.005172617694595829,0.00970837246044539,0.07705263157894737,0.00019410526315789475,0.04210526315789474
1900,20.66125,113,1,0,1,0.04631578947368421,0.04,1.0,1.0,0.002601562644321164,0.00588432186585851,0.010300656581996009,0.07705263157894737,0.00019410526315789475,0.04210526315789474
1901,-2.8244062499999973,200,0,0,1,0.046291425565491845,0.04,1.0,1.0,0.00044881452332479725,0.005735615810146555,0.010132122738519683,0.07705263157894737,0.00019410526315789475,0.04210526315789474
1902,-0.6933125000000007,200,0,0,1,0.046267087276550996,0.04,1.0,1.0,-0.0007019619992496897,-0.0003827231654431671,0.004164555245777592,0.07705263157894737,0.00019410526315789475,0.04210526315789474
1903,-0.3512812500000011,200,0,0,1,0.046242774566473986,0.04,1.0,1.0,0.0018506656777089626,0.00017124120029620826,0.004788494621636346,0.07705263157894737,0.00019410526315789475,0.04210526315789474
1904,-0.9454999999999978,200,0,0,1,0.046218487394957986,0.04,1.0,1.0,-8.508370529392146e-05,0.00018270949251018466,0.005057805080199615,0.07705263157894737,0.00019410526315789475,0.04210526315789474
1905,-0.7281250000000015,200,0,0,1,0.046194225721784776,0.04,1.0,1.0,0.0009478718404145618,0.00011118936096318066,0.004926405816106125,0.07705263157894737,0.00019410526315789475,0.04210526315789474
1906,-2.8754374999999994,200,0,0,1,0.046169989506820566,0.04,1.0,1.0,-0.0003124753231052438,5.114876595325768e-05,0.005074338448001071,0.07705263157894737,0.00019410526315789475,0.04210526315789474
1907,-0.3567499999999981,200,0,0,1,0.04614577871001573,0.04,1.0,1.0,-0.0006058323552513529,0.00023840404045768083,0.005212933202041313,0.07705263157894737,0.00019410526315789475,0.04210526315789474
1908,19.556125,187,1,0,1,0.04612159329140461,0.04,1.0,1.0,0.02936380319372204,0.005665921141859144,0.01062338859261945,0.07705263157894737,0.00019410526315789475,0.04210526315789474
1909,21.00740625,99,1,0,1,0.04609743321110529,0.04,1.0,1.0,0.0175958933802452,0.005771377361379564,0.01030390905123204,0.07705263157894737,0.00019410526315789475,0.04210526315789474
1910,20.601875,125,1,0,1,0.04607329842931937,0.04,1.0,1.0,0.012396203875930803,0.006510858218418434,0.010893570095999167,0.07705263157894737,0.00019410526315789475,0.04210526315789474
1911,-0.6447187500000015,200,0,0,1,0.046049188906331764,0.04,1.0,1.0,0.005908435574494791,0.006451522349612787,0.011250653504161164,0.07705263157894737,0.00019410526315789475,0.04210526315789474
1912,-2.8200000000000003,200,0,0,1,0.04602510460251046,0.04,1.0,1.0,0.0018253613829240524,0.0065368990297429265,0.011183199787512421,0.07705263157894737,0.00019410526315789475,0.04210526315789474
1913,-3.2056562499999974,200,0,0,1,0.04600104547830632,0.04,1.0,1.0,-0.00031350823550270083,0.0064585671355016526,0.010920689129270612,0.07705263157894737,0.00019410526315789475,0.04210526315789474
1914,-2.8200000000000016,200,0,0,1,0.04597701149425287,0.04,1.0,1.0,-0.0006862530772146906,0.0004678643890656531,0.005142773441039025,0.07705263157894737,0.00019410526315789475,0.04210526315789474
1915,-0.45421875000000067,200,0,0,1,0.045953002610966055,0.04,1.0,1.0,-0.0004768518354730724,-0.00023433986282907427,0.00455625628051348,0.07705263157894737,0.00019410526315789475,0.04210526315789474
1916,-2.7448749999999995,200,0,0,1,0.04592901878914405,0.04,1.0,1.0,-0.0009439931098559729,-0.0008441452831029892,0.003671023522969335,0.07705263157894737,0.00019410526315789475,0.04210526315789474
1917,-0.3141562499999991,200,0,0,1,0.04590505998956703,0.04,1.0,1.0,0.001758289301210805,-0.00038056585448794066,0.00424420675332658,0.07705263157894737,0.00019410526315789475,0.04210526315789474
1918,-0.8098750000000015,200,0,0,1,0.045881126173096975,0.04,1.0,1.0,0.0002968051785218298,-0.00023667536373250187,0.004400681216968224,0.07705263157894737,0.00019410526315789475,0.04210526315789474
1919,21.830125,32,1,1,1,0.04637832204273059,0.045,1.0,1.0,0.0034456311545986457,0.00039961580885574223,0.005028028179425746,0.07705263157894737,0.00019410526315789475,0.04210526315789474
1920,-0.7699999999999988,200,0,0,1,0.04635416666666667,0.045,1.0,1.0,0.0004391038030521788,0.0003083316313568503,0.0050703087260480974,0.07668421052631579,0.00019336842105263159,0.04736842105263158
1921,-2.6300624999999997,200,0,0,1,0.0463300364393545,0.045,1.0,1.0,-0.0006684148146331142,7.361806859262287e-05,0.0051486126712989065,0.07668421052631579,0.00019336842105263159,0.04736842105263158
1922,-0.5303750000000007,200,0,0,1,0.04630593132154006,0.04,1.0,1.0,0.0009642429303528445,0.000835664068814367,0.005634011442307383,0.07668421052631579,0.00019336842105263159,0.04736842105263158
1923,-3.0198124999999996,200,0,0,1,0.04628185127405096,0.04,1.0,1.0,-0.000828201297798584,0.00013159157428890467,0.005135347652249038,0.07705263157894737,0.00019410526315789475,0.04210526315789474
1924,-0.6753750000000018,200,0,0,1,0.04625779625779626,0.04,1.0,1.0,0.0016705236360763074,7.396601466462016e-05,0.0049847511225380005,0.07705263157894737,0.00019410526315789475,0.04210526315789474
1925,-3.2196875000000005,200,0,0,1,0.04623376623376623,0.04,1.0,1.0,-0.0002973315452723197,7.592361769638956e-05,0.0048352093121502545,0.07705263157894737,0.00019410526315789475,0.04210526315789474
1926,-0.4959375000000005,200,0,0,1,0.046209761163032194,0.04,1.0,1.0,0.0009562213305573269,0.0005920341103337705,0.005341335233766586,0.07705263157894737,0.00019410526315789475,0.04210526315789474
1927,-0.46609375000000164,200,0,0,1,0.04618578100674624,0.04,1.0,1.0,-0.00042530872477856025,-0.00011964892363175749,0.004838540108408779,0.07705263157894737,0.00019410526315789475,0.04210526315789474
1928,-0.919500000000001,200,0,0,1,0.04616182572614108,0.04,1.0,1.0,0.0014039424454267255,0.0006445743234362453,0.005245775448391214,0.07705263157894737,0.00019410526315789475,0.04210526315789474
1929,-2.8794374999999985,200,0,0,1,0.04613789528252981,0.04,1.0,1.0,-0.00010299615916732624,-6.670864392071963e-05,0.004714591489173472,0.07705263157894737,0.00019410526315789475,0.04210526315789474
1930,-3.0540625000000006,200,0,0,1,0.0461139896373057,0.04,1.0,1.0,-0.0014874535661176121,-0.00021910751168616115,0.0047518508315552025,0.07705263157894737,0.00019410526315789475,0.04210526315789474
1931,-0.6713750000000012,200,0,0,1,0.046090108751942,0.04,1.0,1.0,-0.00163545309914831,-0.0008238645134260878,0.00409176156797912,0.07705263157894737,0.00019410526315789475,0.04210526315789474
1932,-2.8999999999999977,200,0,0,1,0.04606625258799172,0.04,1.0,1.0,-0.0008693730350120637,-0.0006415637118043379,0.004088598974165507,0.07705263157894737,0.00019410526315789475,0.04210526315789474
1933,20.39378125,133,1,0,1,0.04604242110708743,0.04,1.0,1.0,0.0007916084800510449,-0.0006396936798701063,0.004148273202241398,0.07705263157894737,0.00019410526315789475,0.04210526315789474
1934,-2.7063125000000015,200,0,0,1,0.046018614270941054,0.035,1.0,1.0,-0.0007925412892342569,-0.0007532991877524182,0.0042347143235383555,0.07705263157894737,0.00019410526315789475,0.04210526315789474
1935,-0.7264062499999999,200,0,0,1,0.04599483204134367,0.035,1.0,1.0,-0.0013275096635262677,-0.0008089907356770709,0.00449782787647564,0.07742105263157895,0.0001948421052631579,0.0368421052631579
1936,-2.7255000000000007,200,0,0,1,0.04597107438016529,0.035,1.0,1.0,-0.0016177772583066507,-0.0007969803899759427,0.004576233885833062,0.07742105263157895,0.0001948421052631579,0.0368421052631579
1937,-0.8900000000000007,200,0,0,1,0.04594734124935467,0.035,1.0,1.0,-0.0013725302128123173,-0.0008291843817569316,0.004683803843799978,0.07742105263157895,0.0001948421052631579,0.0368421052631579
1938,-2.6411250000000015,200,0,0,1,0.04592363261093911,0.035,1.0,1.0,-0.000891383790806159,-0.001405058506410569,0.00403763038245961,0.07742105263157895,0.0001948421052631579,0.0368421052631579
1939,-2.9000000000000012,200,0,0,1,0.04589994842702424,0.035,1.0,1.0,-0.0005315606045943712,-0.0011533136346843094,0.00411750884517096,0.07742105263157895,0.0001948421052631579,0.0368421052631579
1940,-0.7456250000000011,200,0,0,1,0.04587628865979381,0.035,1.0,1.0,0.0009853133147665577,-0.0005152536574751139,0.004914115974679589,0.07742105263157895,0.0001948421052631579,0.0368421052631579
1941,-2.5469687500000004,200,0,0,1,0.04585265327150953,0.035,1.0,1.0,-0.00031706907361536056,-0.00032892176927998664,0.00483110522525385,0.07742105263157895,0.0001948421052631579,0.0368421052631579
1942,-0.6570625000000018,200,0,0,1,0.04582904222451081,0.035,1.0,1.0,0.000980274786577116,0.00040990690281614663,0.005393107383046299,0.07742105263157895,0.0001948421052631579,0.0368421052631579
1943,-0.2757500000000011,200,0,0,1,0.04580545548121462,0.035,1.0,1.0,-0.00025702556260060285,0.0003285369037184864,0.005362408125540241,0.07742105263157895,0.0001948421052631579,0.0368421052631579
1944,-2.8099999999999987,200,0,0,1,0.045781893004115226,0.035,1.0,1.0,-0.0006445455311921183,0.0002956571592949331,0.005133082582149655,0.07742105263157895,0.0001948421052631579,0.0368421052631579
1945,-1.0200000000000018,200,0,0,1,0.04575835475578406,0.035,1.0,1.0,-0.0004247730279319882,-0.00013916202390100806,0.004157281366293318,0.07742105263157895,0.0001948421052631579,0.0368421052631579
1946,-0.633250000000001,200,0,0,1,0.045734840698869475,0.035,1.0,1.0,-0.0008841052549954736,-0.00020385417470242828,0.0041606047722743825,0.07742105263157895,0.0001948421052631579,0.0368421052631579
1947,20.23909375,149,1,0,1,0.04571135079609656,0.035,1.0,1.0,0.0012613661938790154,-0.00027414362516719847,0.004314662942080758,0.07742105263157895,0.0001948421052631579,0.0368421052631579
1948,-0.713500000000002,200,0,0,1,0.04568788501026694,0.035,1.0,1.0,-1.841140694646361e-05,-0.00028008019702974705,0.004215293294633739,0.07742105263157895,0.0001948421052631579,0.0368421052631579
1949,-0.6518125000000007,200,0,0,1,0.045664443304258596,0.035,1.0,1.0,-0.00045165944100989313,-0.000253739099833183,0.004139887561206706,0.07742105263157895,0.0001948421052631579,0.0368421052631579
1950,-0.553750000000001,200,0,0,1,0.045641025641025644,0.035,1.0,1.0,-0.0005016879977287554,-5.659322370775044e-05,0.004172156379325316,0.07742105263157895,0.0001948421052631579,0.0368421052631579
1951,-1.064031250000002,200,0,0,1,0.04561763198359815,0.035,1.0,1.0,-0.0009944331848967954,-0.00013482624222524464,0.0041626627787482,0.07742105263157895,0.0001948421052631579,0.0368421052631579
1952,21.544,60,1,1,1,0.04610655737704918,0.04,1.0,1.0,-0.00046737866492040797,-4.4228132348507646e-05,0.004115766377653926,0.07742105263157895,0.0001948421052631579,0.0368421052631579
1953,-2.7899999999999987,200,0,0,1,0.04608294930875576,0.04,1.0,1.0,-0.0007930700899110997,-0.0006625171876803506,0.003395075647131307,0.07705263157894737,0.00019410526315789475,0.04210526315789474
1954,-2.9439375000000005,200,0,0,1,0.04605936540429888,0.04,1.0,1.0,-0.0009972916822466357,-0.0007611009868851397,0.003654557850532001,0.07705263157894737,0.00019410526315789475,0.04210526315789474
1955,-0.27265625000000054,200,0,0,1,0.04603580562659847,0.04,1.0,1.0,-0.0005718801157355641,-0.0007156319828063715,0.003760016084619565,0.07705263157894737,0.00019410526315789475,0.04210526315789474
1956,-0.7822500000000019,200,0,0,1,0.046012269938650305,0.04,1.0,1.0,0.001786830713329624,-0.00012741686080698856,0.004483529531367821,0.07705263157894737,0.00019410526315789475,0.04210526315789474
1957,-2.8699999999999988,200,0,0,1,0.045988758303525806,0.04,1.0,1.0,0.0009256906271690774,0.0001237777603964787,0.00473808839006233,0.07705263157894737,0.00019410526315789475,0.04210526315789474
1958,19.790499999999998,190,1,0,1,0.045965270684371805,0.04,1.0,1.0,-1.7057702173214004e-06,0.00021392907528206706,0.004659164038021118,0.07705263157894737,0.00019410526315789475,0.04210526315789474
1959,-2.41109375,200,0,0,1,0.045941807044410414,0.04,1.0,1.0,-0.0005099795186290753,0.00024248857097700237,0.004436087382491678,0.07705263157894737,0.00019410526315789475,0.04210526315789474
1960,20.4375,121,1,0,1,0.04591836734693878,0.04,1.0,1.0,0.029971360483524542,0.00633858756441623,0.010333613288588821,0.07705263157894737,0.00019410526315789475,0.04210526315789474
1961,21.3471875,92,1,0,1,0.04589495155532891,0.04,1.0,1.0,0.018439422144611636,0.0062695043085841465,0.010297307936591097,0.07705263157894737,0.00019410526315789475,0.04210526315789474
1962,20.8858125,115,1,0,1,0.045871559633027525,0.04,1.0,1.0,0.041154096975019025,0.012522134144091979,0.016426977595081552,0.07705263157894737,0.00019410526315789475,0.04210526315789474
1963,21.054624999999998,89,1,0,1,0.04584819154355578,0.04,1.0,1.0,0.026026495510488544,0.011866939712781459,0.01571428958652541,0.07705263157894737,0.00019410526315789475,0.04210526315789474
1964,-0.9400000000000013,200,0,0,1,0.045824847250509164,0.04,1.0,1.0,0.008972441102616132,0.01154743021633476,0.015446582826785743,0.07705263157894737,0.00019410526315789475,0.04210526315789474
1965,-2.6656249999999977,200,0,0,1,0.04580152671755725,0.04,1.0,1.0,0.003018048987547522,0.011577021244680508,0.01562956473627128,0.07705263157894737,0.00019410526315789475,0.04210526315789474
1966,-0.5221875000000012,200,0,0,1,0.04577822990844354,0.04,1.0,1.0,0.0025656625468719733,0.012235940956277773,0.016295892431633548,0.07705263157894737,0.00019410526315789475,0.04210526315789474
1967,-2.957062500000001,200,0,0,1,0.045754956786985254,0.04,1.0,1.0,-3.307073478723902e-05,0.005976537597947754,0.010320282327360474,0.07705263157894737,0.00019410526315789475,0.04210526315789474
1968,-2.6794999999999973,200,0,0,1,0.04573170731707317,0.04,1.0,1.0,-0.00016536497058099303,-0.00012841859948821367,0.004165926129790023,0.07705263157894737,0.00019410526315789475,0.04210526315789474
1969,21.150812499999997,89,1,0,1,0.0457084814626714,0.04,1.0,1.0,0.02978013698242169,0.005996765110176057,0.010310394660104066,0.07705263157894737,0.00019410526315789475,0.04210526315789474
1970,-2.6265625000000012,200,0,0,1,0.04568527918781726,0.04,1.0,1.0,0.009930208413849268,0.00573685735790059,0.010269967139232904,0.07705263157894737,0.00019410526315789475,0.04210526315789474
1971,20.330437500000002,143,1,0,1,0.045662100456621,0.04,1.0,1.0,0.036424716863278944,0.012328004102921113,0.016858864967012777,0.07705263157894737,0.00019410526315789475,0.04210526315789474
1972,-0.7766250000000017,200,0,0,1,0.04563894523326572,0.035,1.0,1.0,0.01508827362316698,0.012155094234272837,0.017132193900644778,0.07705263157894737,0.00019410526315789475,0.04210526315789474
1973,21.7700625,42,1,1,1,0.046122655854029394,0.04,1.0,1.0,0.012541882002766428,0.012294398725498468,0.017069708665367216,0.07742105263157895,0.0001948421052631579,0.0368421052631579
1974,-0.6433750000000014,200,0,0,1,0.04609929078014184,0.04,1.0,1.0,0.003979072996209933,0.012336214872077107,0.01718365357257426,0.07705263157894737,0.00019410526315789475,0.04210526315789474
1975,19.959531249999998,189,1,0,1,0.04607594936708861,0.04,1.0,1.0,0.032828107573048985,0.018962720368755983,0.02379084720578976,0.07705263157894737,0.00019410526315789475,0.04210526315789474
1976,-2.846499999999999,200,0,0,1,0.046052631578947366,0.04,1.0,1.0,0.011756631667321417,0.013086268044775352,0.017625943580875172,0.07705263157894737,0.00019410526315789475,0.04210526315789474
1977,-2.640343749999996,200,0,0,1,0.04602933737986849,0.04,1.0,1.0,0.0037996654138925836,0.006556638080626726,0.010882074670866132,0.07705263157894737,0.00019410526315789475,0.04210526315789474
1978,20.31275,134,1,0,1,0.04600606673407482,0.04,1.0,1.0,0.003963079620606121,0.00673559445491992,0.010574556306237355,0.07705263157894737,0.00019410526315789475,0.04210526315789474
1979,-2.6836875,200,0,0,1,0.04598281960586155,0.04,1.0,1.0,0.00013782688556332893,0.0063097756286151704,0.01074483866384253,0.07705263157894737,0.00019410526315789475,0.04210526315789474
1980,19.899375,159,1,0,1,0.04595959595959596,0.04,1.0,1.0,-0.0012868252887408703,0.005459905538475141,0.010160925155738368,0.07705263157894737,0.00019410526315789475,0.04210526315789474
1981,21.27165625,85,1,0,1,0.045936395759717315,0.04,1.0,1.0,-0.0008789621873239605,0.005614665338071063,0.010094654536573216,0.07705263157894737,0.00019410526315789475,0.04210526315789474
1982,-2.8561249999999996,200,0,0,1,0.04591321897073663,0.04,1.0,1.0,-0.0009226529395964676,-0.0005186693011783064,0.004200550827663392,0.07705263157894737,0.00019410526315789475,0.04210526315789474
1983,-0.6309062500000001,200,0,0,1,0.04589006555723651,0.04,1.0,1.0,0.0018847824268543303,8.669702801853418e-06,0.004830870808567852,0.07705263157894737,0.00019410526315789475,0.04210526315789474
1984,21.160999999999998,93,1,0,1,0.04586693548387097,0.04,1.0,1.0,0.031006436167806708,0.005379797374189366,0.010284372331865597,0.07705263157894737,0.00019410526315789475,0.04210526315789474
1985,20.849687499999998,114,1,0,1,0.04584382871536524,0.04,1.0,1.0,0.017218127097556244,0.005323524502397049,0.010329819431819487,0.07705263157894737,0.00019410526315789475,0.04210526315789474
1986,-0.4523749999999993,200,0,0,1,0.04582074521651561,0.04,1.0,1.0,0.008048196653222161,0.006075721405970398,0.010750118444731924,0.07705263157894737,0.00019410526315789475,0.04210526315789474
1987,20.62871875,109,1,0,1,0.04579768495218923,0.04,1.0,1.0,0.03592676681976545,0.01280341273295926,0.01725902681640582,0.07705263157894737,0.00019410526315789475,0.04210526315789474
1988,-0.6156250000000015,200,0,0,1,0.045774647887323945,0.04,1.0,1.0,0.012496220643011606,0.012608728398627136,0.01723230076074833,0.07705263157894737,0.00019410526315789475,0.04210526315789474
1989,19.89128125,195,1,0,1,0.0457516339869281,0.04,1.0,1.0,0.003999365648540053,0.0126866710393806,0.01710041144239949,0.07705263157894737,0.00019410526315789475,0.04210526315789474
1990,-2.9528125000000003,200,0,0,1,0.0457286432160804,0.04,1.0,1.0,0.000790674496156693,0.006048243415076286,0.010547816482838243,0.07705263157894737,0.00019410526315789475,0.04210526315789474
1991,-0.6344375000000017,200,0,0,1,0.045705675539929685,0.04,1.0,1.0,0.001137599842303972,0.006696154036093503,0.01114072437165305,0.07705263157894737,0.00019410526315789475,0.04210526315789474
1992,-2.896249999999999,200,0,0,1,0.04568273092369478,0.04,1.0,1.0,-0.0006035483789661528,0.005521764517994598,0.009756069122580811,0.07705263157894737,0.00019410526315789475,0.04210526315789474
1993,-3.1154374999999996,200,0,0,1,0.04565980933266432,0.04,1.0,1.0,-0.0011299309974680761,-0.0005541193503886461,0.0038194868471473457,0.07705263157894737,0.00019410526315789475,0.04210526315789474
1994,-0.563875000000002,200,0,0,1,0.04563691073219659,0.04,1.0,1.0,-0.0011651320750829816,-0.0005731609780341387,0.00377317113801837,0.07705263157894737,0.00019410526315789475,0.04210526315789474
1995,20.3665625,156,1,0,1,0.0456140350877193,0.04,1.0,1.0,-0.0011454357165104874,-0.000652732678456232,0.003643300127936527,0.07705263157894737,0.00019410526315789475,0.04210526315789474
1996,20.4605,129,1,0,1,0.045591182364729456,0.04,1.0,1.0,-0.0013140112331688344,-0.0012637987576890736,0.0029926589590031655,0.07705263157894737,0.00019410526315789475,0.04210526315789474
1997,-3.0277812499999914,200,0,0,1,0.04556835252879319,0.04,1.0,1.0,-0.0009286263783065122,-0.0013056697284337133,0.0033003183023538442,0.07705263157894737,0.00019410526315789475,0.04210526315789474
1998,-0.4295000000000014,200,0,0,1,0.045545545545545546,0.04,1.0,1.0,0.00025347371598651605,-0.0005454441627953202,0.0036786517074797304,0.07705263157894737,0.00019410526315789475,0.04210526315789474
1999,21.5951875,55,1,1,1,0.04602301150575288,0.045,1.0,1.0,0.03324790103084182,0.006209701022598892,0.010203326584305615,0.07705263157894737,0.00019410526315789475,0.04210526315789474
2000,-0.7824999999999969,200,0,0,1,0.046,0.045,1.0,1.0,0.01405261658973805,0.006812909072265029,0.010826973063871264,0.07668421052631579,0.00019336842105263159,0.04736842105263158
2001,-2.902468750000001,200,0,0,1,0.04597701149425287,0.045,1.0,1.0,0.005020366654913234,0.0069572674890514465,0.010751307225087657,0.07668421052631579,0.00019336842105263159,0.04736842105263158
2002,-2.732437500000001,200,0,0,1,0.04595404595404595,0.045,1.0,1.0,0.001078405210744565,0.007007850719382987,0.010799805037910119,0.07668421052631579,0.00019336842105263159,0.04736842105263158
2003,21.9544375,30,1,1,1,0.046430354468297554,0.05,1.0,1.0,0.03100310352375642,0.013121576034638566,0.016773998664401005,0.07668421052631579,0.00019336842105263159,0.04736842105263158
2004,19.661875,183,1,0,1,0.04640718562874251,0.05,1.0,1.0,0.014467771991483695,0.012953924141300376,0.016869612296519336,0.07631578947368421,0.00019263157894736842,0.052631578947368425
2005,20.486406249999998,142,1,0,1,0.04638403990024938,0.05,1.0,1.0,0.006835809564290027,0.0130830659022904,0.01702382234245306,0.07631578947368421,0.00019263157894736842,0.052631578947368425
2006,-0.7153750000000019,200,0,0,1,0.04636091724825524,0.05,1.0,1.0,0.0016105785747107999,0.006315531084255781,0.01063866712054005,0.07631578947368421,0.00019263157894736842,0.052631578947368425
2007,-0.3440312500000017,200,0,0,1,0.04633781763826607,0.05,1.0,1.0,0.0014843485313923372,0.0061705399555503394,0.01083686810353538,0.07631578947368421,0.00019263157894736842,0.052631578947368425
2008,-0.39650000000000024,200,0,0,1,0.046314741035856574,0.05,1.0,1.0,-0.000580614888750079,0.006036434704845306,0.010910193542425986,0.07631578947368421,0.00019263157894736842,0.052631578947368425
2009,-0.5166875000000017,200,0,0,1,0.04629168740666999,0.05,1.0,1.0,-0.0011459504548610442,3.995694126933813e-05,0.005083085064776242,0.07631578947368421,0.00019263157894736842,0.052631578947368425
2010,-3.0865625,200,0,0,1,0.04626865671641791,0.05,1.0,1.0,-0.0016432285462982064,-0.0009019633966963739,0.004637759056640789,0.07631578947368421,0.00019263157894736842,0.052631578947368425
2011,-3.0621562500000015,200,0,0,1,0.04624564893088016,0.05,1.0,1.0,-0.001525247916713729,-0.0008987482360098511,0.004522021021926776,0.07631578947368421,0.00019263157894736842,0.052631578947368425
2012,-2.529374999999997,200,0,0,1,0.04622266401590457,0.05,1.0,1.0,-0.001463860048636196,-0.0016166885395068676,0.004034945634426549,0.07631578947368421,0.00019263157894736842,0.052631578947368425
2013,-2.98209375,200,0,0,1,0.046199701937406856,0.05,1.0,1.0,-0.0011397375236570505,-0.001519875352503732,0.0039154283043462785,0.07631578947368421,0.00019263157894736842,0.052631578947368425
2014,-2.765874999999999,200,0,0,1,0.046176762661370406,0.05,1.0,1.0,-0.0008358392414614105,-0.0014072331183124333,0.0036018513396847995,0.07631578947368421,0.00019263157894736842,0.052631578947368425
2015,-2.7959374999999977,200,0,0,1,0.046153846153846156,0.05,1.0,1.0,-0.0007916249741973682,-0.0012126547384541482,0.00348116825777106,0.07631578947368421,0.00019263157894736842,0.052631578947368425
2016,21.445999999999998,49,1,1,1,0.04662698412698413,0.055,1.0,1.0,0.02928754584459558,0.0048315857108682395,0.009466780761256814,0.07631578947368421,0.00019263157894736842,0.052631578947368425
2017,-0.8060625000000003,200,0,0,1,0.0466038671294001,0.055,1.0,1.0,0.009673608483334236,0.004848249763483182,0.00929292713641189,0.07594736842105264,0.00019189473684210528,0.05789473684210526
2018,21.441625,69,1,1,1,0.04707631318136769,0.06,1.0,1.0,0.0067766976448858166,0.005013298893114552,0.00908481833175756,0.07594736842105264,0.00019189473684210528,0.05789473684210526
2019,-0.6323750000000004,200,0,0,1,0.0470529965329371,0.06,1.0,1.0,0.001693891501452569,0.004962296162964776,0.009058946302859113,0.07557894736842105,0.0001911578947368421,0.06315789473684211
2020,20.974999999999998,116,1,0,1,0.04702970297029703,0.06,1.0,1.0,0.002995851782888478,0.0054516396455001085,0.009697012166725472,0.07557894736842105,0.0001911578947368421,0.06315789473684211
2021,-2.769999999999999,200,0,0,1,0.047006432459178626,0.06,1.0,1.0,0.0007663184665026744,0.005485319698695094,0.00972173132514581,0.07557894736842105,0.0001911578947368421,0.06315789473684211
2022,-0.7563750000000016,200,0,0,1,0.046983184965380814,0.06,1.0,1.0,0.0004187635058335126,0.005888193351915106,0.010424608294153585,0.07557894736842105,0.0001911578947368421,0.06315789473684211
2023,19.9078125,182,1,0,1,0.04695996045477014,0.06,1.0,1.0,0.0013387832029517729,0.0005381242672447116,0.004972039250424132,0.07557894736842105,0.0001911578947368421,0.06315789473684211
2024,-2.656499999999999,200,0,0,1,0.04693675889328063,0.06,1.0,1.0,-0.0005151657227674297,0.0004415324052097276,0.005146111408364959,0.07557894736842105,0.0001911578947368421,0.06315789473684211
2025,-2.7548437500000005,200,0,0,1,0.04691358024691358,0.055,1.0,1.0,-0.0005543353732042903,7.523961772676558e-05,0.004598602957907133,0.07557894736842105,0.0001911578947368421,0.06315789473684211
2026,-2.949999999999997,200,0,0,1,0.046890424481737414,0.055,1.0,1.0,-0.0015190141947065883,-0.00022826050932053476,0.004673588998499326,0.07594736842105264,0.00019189473684210528,0.05789473684210526
2027,-0.46840625000000036,200,0,0,1,0.04686729156388752,0.055,1.0,1.0,0.0011924477328588198,-0.0001390105300815776,0.004618080644286237,0.07594736842105264,0.00019189473684210528,0.05789473684210526
2028,-3.03325,200,0,0,1,0.04684418145956608,0.055,1.0,1.0,-0.0005458759112584601,-0.0007784901867853478,0.004118455713032745,0.07594736842105264,0.00019189473684210528,0.05789473684210526
2029,-2.7652187499999976,200,0,0,1,0.046821094135041895,0.055,1.0,1.0,-0.0005974170434658931,-0.0006695966767147184,0.004131983933039009,0.07594736842105264,0.00019189473684210528,0.05789473684210526
2030,-2.84,200,0,0,1,0.046798029556650245,0.055,1.0,1.0,-0.0011405965860708828,-0.0008535006841411814,0.004184439690201543,0.07594736842105264,0.00019189473684210528,0.05789473684210526
2031,-0.7554062500000014,200,0,0,1,0.04677498769079271,0.055,1.0,1.0,0.0013515800937098379,3.859043109696358e-05,0.004755041532334871,0.07594736842105264,0.00019189473684210528,0.05789473684210526
2032,20.899,105,1,0,1,0.04675196850393701,0.055,1.0,1.0,0.03336753668080941,0.006635560795781203,0.011550425201538018,0.07594736842105264,0.00019189473684210528,0.05789473684210526
2033,-0.4211875,200,0,0,1,0.04672897196261682,0.055,1.0,1.0,0.011829783324877404,0.006199885351757984,0.010664497991499957,0.07594736842105264,0.00019189473684210528,0.05789473684210526
2034,-0.3699375000000014,200,0,0,1,0.04670599803343166,0.055,1.0,1.0,0.003906354691623102,0.00637059831660008,0.010860042284417433,0.07594736842105264,0.00019189473684210528,0.05789473684210526
2035,-2.818593749999998,200,0,0,1,0.04668304668304668,0.055,1.0,1.0,0.0005128275982247304,0.0063216705257655124,0.010983917775156442,0.07594736842105264,0.00019189473684210528,0.05789473684210526
2036,19.9455,167,1,0,1,0.046660117878192534,0.055,1.0,1.0,-0.0002574398353631312,0.006345615274796728,0.010987305257527624,0.07594736842105264,0.00019189473684210528,0.05789473684210526
2037,19.872093749999998,189,1,0,1,0.046637211585665195,0.055,1.0,1.0,0.031097573559772135,0.01237618533760542,0.016871083590260242,0.07594736842105264,0.00019189473684210528,0.05789473684210526
2038,-2.959999999999998,200,0,0,1,0.04661432777232581,0.055,1.0,1.0,0.011040657804531236,0.00576723696757108,0.0103934237184003,0.07594736842105264,0.00019189473684210528,0.05789473684210526
2039,-2.821281250000001,200,0,0,1,0.04659146640510054,0.055,1.0,1.0,0.003175768894185815,0.0056325987924356015,0.01030980755086057,0.07594736842105264,0.00019189473684210528,0.05789473684210526
2040,-0.768749999999999,200,0,0,1,0.04656862745098039,0.055,1.0,1.0,0.00014780201501657635,0.0054624923205701635,0.010291286621359176,0.07594736842105264,0.00019189473684210528,0.05789473684210526
2041,-3.0624375,200,0,0,1,0.04654581087702107,0.055,1.0,1.0,-0.0006524778063140423,0.0054696135666454215,0.010255681230104528,0.07594736842105264,0.00019189473684210528,0.05789473684210526
2042,19.8283125,185,1,0,1,0.0465230166503428,0.055,1.0,1.0,-0.0011065403608633245,0.004710324436309747,0.009539429564145394,0.07594736842105264,0.00019189473684210528,0.05789473684210526
2043,-0.7876875000000009,200,0,0,1,0.0465002447381302,0.055,1.0,1.0,-0.0007272557589961172,-0.0013288246038137004,0.0035050158108351753,0.07594736842105264,0.00019189473684210528,0.05789473684210526
2044,-2.7188749999999975,200,0,0,1,0.04647749510763209,0.055,1.0,1.0,-0.0010044277946959482,-0.001243873904517386,0.003460737566172611,0.07594736842105264,0.00019189473684210528,0.05789473684210526
2045,-0.6545312500000012,200,0,0,1,0.04645476772616137,0.055,1.0,1.0,-0.0008489030775305807,-0.0011478426763205788,0.0032932517943554556,0.07594736842105264,0.00019189473684210528,0.05789473684210526
2046,-3.012125000000001,200,0,0,1,0.04643206256109482,0.055,1.0,1.0,-0.0012879438811017208,-0.0011213499653968029,0.003313617222767789,0.07594736842105264,0.00019189473684210528,0.05789473684210526
2047,-0.7579375000000009,200,0,0,1,0.046409379579872984,0.055,1.0,1.0,0.00021308871313554465,-0.0005174779623630456,0.003975142855953891,0.07594736842105264,0.00019189473684210528,0.05789473684210526
2048,-0.5060000000000013,200,0,0,1,0.04638671875,0.055,1.0,1.0,-0.0007866542324163012,-0.0005804669421049766,0.0042431012176093645,0.07594736842105264,0.00019189473684210528,0.05789473684210526
2049,-0.7670937500000019,200,0,0,1,0.04636408003904344,0.055,1.0,1.0,-0.0009057076509812204,-0.0004792371599469334,0.004101065816590563,0.07594736842105264,0.00019189473684210528,0.05789473684210526
2050,-2.5353125000000016,200,0,0,1,0.046341463414634146,0.055,1.0,1.0,-0.0011138060938218756,-0.0005326785477809608,0.00443455347744748,0.07594736842105264,0.00019189473684210528,0.05789473684210526
2051,-0.5572812499999992,200,0,0,1,0.046318868844466114,0.055,1.0,1.0,0.0020417424197629094,0.00018424918875098228,0.005215818837285042,0.07594736842105264,0.00019189473684210528,0.05789473684210526
2052,20.22525,151,1,0,1,0.046296296296296294,0.055,1.0,1.0,0.0006631396968318418,-0.00038659895421005785,0.004701780228177086,0.07594736842105264,0.00019189473684210528,0.05789473684210526
2053,19.764218749999998,174,1,0,1,0.046273745737944474,0.055,1.0,1.0,-0.0008514355508126016,-0.0004740799420978874,0.0046646070850547405,0.07594736842105264,0.00019189473684210528,0.05789473684210526
2054,-2.759187500000001,200,0,0,1,0.046251217137293084,0.055,1.0,1.0,-0.000542230718973774,-0.00034414599603042005,0.004635448399465531,0.07594736842105264,0.00019189473684210528,0.05789473684210526
2055,-0.7784375000000019,200,0,0,1,0.046228710462287104,0.05,1.0,1.0,-0.0010810651956913424,-0.00039545494923368097,0.0045326224924065175,0.07594736842105264,0.00019189473684210528,0.05789473684210526
2056,-2.9400000000000004,200,0,0,1,0.046206225680933855,0.05,1.0,1.0,-0.0011375712966949958,-0.00055267060152255,0.0043196933136787265,0.07631578947368421,0.00019263157894736842,0.052631578947368425
2057,-0.5685625000000002,200,0,0,1,0.04618376276130287,0.05,1.0,1.0,0.0006001546318388396,-0.0006061348922085017,0.004098423554329202,0.07631578947368421,0.00019263157894736842,0.052631578947368425
2058,-2.8100000000000014,200,0,0,1,0.04616132167152575,0.05,1.0,1.0,-0.0008037986532565223,-0.0005022767599730287,0.004214690400665859,0.07631578947368421,0.00019263157894736842,0.052631578947368425
2059,-0.4760625000000009,200,0,0,1,0.04613890237979602,0.05,1.0,1.0,-0.0009323474796094386,-0.0007165927450696472,0.004340427841205383,0.07631578947368421,0.00019263157894736842,0.052631578947368425
2060,-0.8787500000000008,200,0,0,1,0.04611650485436893,0.05,1.0,1.0,0.0012269707177243675,0.00010555859663872979,0.004752240005793283,0.07631578947368421,0.00019263157894736842,0.052631578947368425
2061,-2.950593750000001,200,0,0,1,0.046094129063561376,0.05,1.0,1.0,-0.0002450370377176119,0.00015806790193892084,0.004785578724608058,0.07631578947368421,0.00019263157894736842,0.052631578947368425
2062,-0.48662500000000114,200,0,0,1,0.0460717749757517,0.05,1.0,1.0,-0.0004907307382229294,-0.00036213717926875685,0.004358262767462292,0.07631578947368421,0.00019263157894736842,0.052631578947368425
2063,-2.67840625,200,0,0,1,0.046049442559379546,0.05,1.0,1.0,-0.0006659895461533023,-0.00021657405266887507,0.004309675919968867,0.07631578947368421,0.00019263157894736842,0.052631578947368425
2064,-2.8495,200,0,0,1,0.046027131782945735,0.05,1.0,1.0,-0.0007936429635686885,-0.00010962263875990174,0.003865408780897269,0.07631578947368421,0.00019263157894736842,0.052631578947368425
2065,-2.6785937499999997,200,0,0,1,0.04600484261501211,0.05,1.0,1.0,-0.0010313966703529322,-0.0008910620520764496,0.0034279170575609898,0.07631578947368421,0.00019263157894736842,0.052631578947368425
2066,-0.7386875000000013,200,0,0,1,0.045982575024201354,0.05,1.0,1.0,-0.0007638170106525874,-0.0007681742784043309,0.0035423797775583805,0.07631578947368421,0.00019263157894736842,0.052631578947368425
2067,-0.5883750000000018,200,0,0,1,0.045960328979196906,0.05,1.0,1.0,-0.0014158880621500834,-0.000977140485396376,0.003548477012576768,0.07631578947368421,0.00019263157894736842,0.052631578947368425
2068,19.972625,171,1,0,1,0.045938104448742745,0.05,1.0,1.0,-0.0011150991904717135,-0.001023262774804607,0.003533875867957249,0.07631578947368421,0.00019263157894736842,0.052631578947368425
2069,-2.839656250000001,200,0,0,1,0.045915901401643304,0.05,1.0,1.0,-0.0011632907080703697,-0.0011391629644203931,0.0035410984859336166,0.07631578947368421,0.00019263157894736842,0.052631578947368425
2070,-0.7396875000000015,200,0,0,1,0.04589371980676329,0.05,1.0,1.0,0.0006863202057041122,-0.00032282530097290876,0.004049306032713503,0.07631578947368421,0.00019263157894736842,0.052631578947368425
2071,-0.6988750000000016,200,0,0,1,0.045871559633027525,0.05,1.0,1.0,-0.0008950001086586561,-0.0005249740986619145,0.004199673217022791,0.07631578947368421,0.00019263157894736842,0.052631578947368425
2072,21.1725,105,1,0,1,0.04584942084942085,0.05,1.0,1.0,-0.0008347370607014645,-0.0004093981587793678,0.004085862477077171,0.07631578947368421,0.00019263157894736842,0.052631578947368425
2073,20.0313125,166,1,0,1,0.04582730342498794,0.05,1.0,1.0,0.0013113288613099232,0.0002606772242579609,0.004543833917705342,0.07631578947368421,0.00019263157894736842,0.052631578947368425
2074,21.261875,97,1,0,1,0.04580520732883317,0.05,1.0,1.0,0.00026157011657682597,0.0002199057553661987,0.004559041525353678,0.07631578947368421,0.00019263157894736842,0.052631578947368425
2075,-2.619062500000001,200,0,0,1,0.04578313253012048,0.05,1.0,1.0,-4.663896230937293e-05,0.0003610090751899406,0.0046589630014495925,0.07631578947368421,0.00019263157894736842,0.052631578947368425
2076,19.930374999999998,158,1,0,1,0.04576107899807322,0.05,1.0,1.0,0.00014699683367102294,-0.00018157040874939413,0.003959495838615112,0.07631578947368421,0.00019263157894736842,0.052631578947368425
2077,19.5005625,197,1,0,1,0.045739046701974,0.05,1.0,1.0,-0.0004494121871254885,-0.00010717266600113362,0.0037878171763150023,0.07631578947368421,0.00019263157894736842,0.052631578947368425
2078,-2.749812499999999,200,0,0,1,0.04571703561116458,0.05,1.0,1.0,-0.0004686446700272662,4.9883090192452075e-05,0.003742146498290822,0.07631578947368421,0.00019263157894736842,0.052631578947368425
2079,21.520218749999998,70,1,1,1,0.046176046176046176,0.055,1.0,1.0,0.03023446948697893,0.006222979611251503,0.009966436058748513,0.07631578947368421,0.00019263157894736842,0.052631578947368425
2080,-2.869999999999999,200,0,0,1,0.046153846153846156,0.055,1.0,1.0,0.011167544173204029,0.005783286172547378,0.00948118050058838,0.07594736842105264,0.00019189473684210528,0.05789473684210526
2081,-3.0699062500000007,200,0,0,1,0.04613166746756367,0.055,1.0,1.0,0.0035821891807883,0.005705456175492145,0.009659277788246982,0.07594736842105264,0.00019189473684210528,0.05789473684210526
2082,20.8495,117,1,0,1,0.04610951008645533,0.055,1.0,1.0,0.0017570370056236935,0.00560461592359934,0.009775942991371267,0.07594736842105264,0.00019189473684210528,0.05789473684210526
2083,-0.4705625,200,0,0,1,0.046087373979836775,0.05,1.0,1.0,-0.0001105019509271682,0.005502056486788206,0.009953408937552012,0.07594736842105264,0.00019189473684210528,0.05789473684210526
2084,-2.78025,200,0,0,1,0.046065259117082535,0.05,1.0,1.0,0.0003586035362805129,0.005639954897109419,0.009970168921165168,0.07631578947368421,0.00019263157894736842,0.052631578947368425
2085,-2.740312500000001,200,0,0,1,0.0460431654676259,0.05,1.0,1.0,0.0002612494041087721,-0.00043642802350223064,0.003962129314895719,0.07631578947368421,0.00019263157894736842,0.052631578947368425
2086,-2.770375000000002,200,0,0,1,0.046021093000958774,0.045,1.0,1.0,-0.0007904485463287686,-0.000620779815595597,0.0038424840192310514,0.07631578947368421,0.00019263157894736842,0.052631578947368425
2087,-2.9002187500000005,200,0,0,1,0.04599904168663153,0.045,1.0,1.0,-0.0007493649487244909,-0.0006524014093447477,0.00379833924327977,0.07668421052631579,0.00019336842105263159,0.04736842105263158
2088,-1.019750000000001,200,0,0,1,0.04597701149425287,0.045,1.0,1.0,-0.0015226034114037888,-0.0007621510148746892,0.0036829077823786064,0.07668421052631579,0.00019336842105263159,0.04736842105263158
2089,-0.8302812500000001,200,0,0,1,0.04595500239348971,0.045,1.0,1.0,-0.0011874866812695342,-0.0010603002395946533,0.0036107066015247254,0.07668421052631579,0.00019336842105263159,0.04736842105263158
2090,-3.019374999999997,200,0,0,1,0.045933014354066985,0.045,1.0,1.0,-0.0006442234658161432,-0.0011491457410156727,0.0035732994517311454,0.07668421052631579,0.00019336842105263159,0.04736842105263158
2091,-0.2727500000000012,200,0,0,1,0.04591104734576758,0.045,1.0,1.0,0.0008239555579190747,-0.00044779752055183053,0.004309130440931767,0.07668421052631579,0.00019336842105263159,0.04736842105263158
2092,-0.3426250000000011,200,0,0,1,0.045889101338432124,0.045,1.0,1.0,0.0009328967983212737,8.63114707171917e-05,0.0051396974525414404,0.07668421052631579,0.00019336842105263159,0.04736842105263158
2093,-2.999593749999998,200,0,0,1,0.04586717630195891,0.045,1.0,1.0,-0.0002081357174080919,0.00023530453338753432,0.005231088418164291,0.07668421052631579,0.00019336842105263159,0.04736842105263158
2094,21.1178125,85,1,0,1,0.045845272206303724,0.045,1.0,1.0,0.03098557488123875,0.006716419668635353,0.0115204468134325,0.07668421052631579,0.00019336842105263159,0.04736842105263158
2095,-0.7414062500000014,200,0,0,1,0.04582338902147971,0.045,1.0,1.0,0.012687735171057113,0.007233566316310316,0.012299561260268092,0.07668421052631579,0.00019336842105263159,0.04736842105263158
2096,-0.6514999999999985,200,0,0,1,0.04580152671755725,0.04,1.0,1.0,0.0035930052156537043,0.006319094233447686,0.01162957594380714,0.07668421052631579,0.00019336842105263159,0.04736842105263158
2097,-2.8310625000000007,200,0,0,1,0.045779685264663805,0.04,1.0,1.0,0.0011017484456349585,0.005853768490254879,0.010439090184401721,0.07705263157894737,0.00019410526315789475,0.04210526315789474
2098,-0.7216875000000013,200,0,0,1,0.04575786463298379,0.04,1.0,1.0,0.0025252853465645973,0.006742855119402521,0.010902714049560018,0.07705263157894737,0.00019410526315789475,0.04210526315789474
2099,20.787625,104,1,0,1,0.045736064792758456,0.04,1.0,1.0,0.0321219070214542,0.01296842002728954,0.01707901060441509,0.07705263157894737,0.00019410526315789475,0.04210526315789474
2100,-0.4150000000000015,200,0,0,1,0.045714285714285714,0.04,1.0,1.0,0.013135541016953372,0.007299810300115496,0.011311207877937704,0.07705263157894737,0.00019410526315789475,0.04210526315789474
2101,-0.5932812500000014,200,0,0,1,0.04569252736792004,0.04,1.0,1.0,0.006444342117972656,0.007433811283903196,0.01140088964230381,0.07705263157894737,0.00019410526315789475,0.04210526315789474
2102,19.8038125,198,1,0,1,0.04567078972407231,0.04,1.0,1.0,0.0016156589700853676,0.007441486699506641,0.011538252196740359,0.07705263157894737,0.00019410526315789475,0.04210526315789474
2103,-2.988562500000001,200,0,0,1,0.0456490727532097,0.04,1.0,1.0,-5.1750442583328673e-05,0.007363708020886406,0.011578508755890653,0.07705263157894737,0.00019410526315789475,0.04210526315789474
2104,-2.810749999999999,200,0,0,1,0.045627376425855515,0.04,1.0,1.0,-0.001109209607653407,0.006277628700598143,0.010777228993480093,0.07705263157894737,0.00019410526315789475,0.04210526315789474
2105,-3.096874999999999,200,0,0,1,0.04560570071258908,0.04,1.0,1.0,-0.0007781048265368166,-0.0004031994482502341,0.0041193355727009474,0.07705263157894737,0.00019410526315789475,0.04210526315789474
2106,20.0243125,173,1,0,1,0.045584045584045586,0.04,1.0,1.0,0.02925885081670803,0.004944420310668648,0.00946220447635278,0.07705263157894737,0.00019410526315789475,0.04210526315789474
2107,-2.8308437500000005,200,0,0,1,0.045562411010915994,0.04,1.0,1.0,0.00963763672128698,0.0049354561704676595,0.009577759328531102,0.07705263157894737,0.00019410526315789475,0.04210526315789474
2108,-0.7508750000000008,200,0,0,1,0.04554079696394687,0.04,1.0,1.0,0.003023336855834949,0.004966499061556533,0.009686003652168438,0.07705263157894737,0.00019410526315789475,0.04210526315789474
2109,-0.6636250000000009,200,0,0,1,0.04551920341394026,0.04,1.0,1.0,0.0034524431012498548,0.005912314099725336,0.010272243140731007,0.07705263157894737,0.00019410526315789475,0.04210526315789474
2110,21.454375,67,1,1,1,0.04597156398104266,0.045,1.0,1.0,0.0027267846972175176,0.00599661063333042,0.010255897748051211,0.07705263157894737,0.00019410526315789475,0.04210526315789474
2111,-0.5448437500000013,200,0,0,1,0.04594978683088584,0.045,1.0,1.0,0.00034623076588662067,0.00588650171761401,0.010401562481885776,0.07668421052631579,0.00019336842105263159,0.04736842105263158
2112,-0.7530000000000001,200,0,0,1,0.045928030303030304,0.045,1.0,1.0,-0.0005129338619229617,-0.0001498499216977507,0.004195134257664904,0.07668421052631579,0.00019336842105263159,0.04736842105263158
2113,21.50071875,71,1,1,1,0.04637955513487932,0.05,1.0,1.0,-0.00026359202505708563,-5.89167142752558e-05,0.004143389273202047,0.07668421052631579,0.00019336842105263159,0.04736842105263158
2114,19.9015,181,1,0,1,0.046357615894039736,0.05,1.0,1.0,-0.0008331489615191175,-6.980637577362359e-05,0.00400239552068524,0.07631578947368421,0.00019263157894736842,0.052631578947368425
2115,-0.7310937499999995,200,0,0,1,0.046335697399527184,0.05,1.0,1.0,0.0007941470936963345,0.0004290650631301105,0.004704770471900701,0.07631578947368421,0.00019263157894736842,0.052631578947368425
2116,-0.7733750000000016,200,0,0,1,0.046313799621928164,0.05,1.0,1.0,0.0014971967858436186,0.00013668699515983462,0.0046586876632645725,0.07631578947368421,0.00019263157894736842,0.052631578947368425
2117,20.70075,126,1,0,1,0.046291922531884744,0.05,1.0,1.0,0.030416939230491852,0.0061812713895924385,0.01052703557536006,0.07631578947368421,0.00019263157894736842,0.052631578947368425
2118,-2.7911875000000004,200,0,0,1,0.04627006610009443,0.05,1.0,1.0,0.010366363443203363,0.006150035676313564,0.010551398237468675,0.07631578947368421,0.00019263157894736842,0.052631578947368425
2119,-2.6548750000000023,200,0,0,1,0.04624823029731005,0.045,1.0,1.0,0.003729991781129703,0.006314889800501987,0.01070884564635344,0.07631578947368421,0.00019263157894736842,0.052631578947368425
2120,20.91,110,1,0,1,0.04622641509433962,0.045,1.0,1.0,0.0044645435987081036,0.0070018135902937505,0.011268909376347438,0.07668421052631579,0.00019336842105263159,0.04736842105263158
2121,-2.94128125,200,0,0,1,0.0462046204620462,0.045,1.0,1.0,0.0010848900270083264,0.006512762221274898,0.010711307323770597,0.07668421052631579,0.00019336842105263159,0.04736842105263158
2122,-0.5552500000000018,200,0,0,1,0.046182846371347785,0.045,1.0,1.0,-0.00024574608667982567,0.005974661137210205,0.01005310282553546,0.07668421052631579,0.00019336842105263159,0.04736842105263158
2123,-2.8713437500000003,200,0,0,1,0.046161092793217146,0.045,1.0,1.0,-0.0004713560086088553,5.808759247884154e-05,0.004088853449095041,0.07668421052631579,0.00019336842105263159,0.04736842105263158
2124,-2.9527500000000004,200,0,0,1,0.046139359698681735,0.045,1.0,1.0,-0.0007777011957311349,-7.953505730256438e-05,0.0038524878132157026,0.07668421052631579,0.00019336842105263159,0.04736842105263158
2125,21.35453125,90,1,0,1,0.04611764705882353,0.045,1.0,1.0,0.02944148547141458,0.005933341323863715,0.009988985890988261,0.07668421052631579,0.00019336842105263159,0.04736842105263158
2126,-2.9014375,200,0,0,1,0.04609595484477893,0.045,1.0,1.0,0.009914136720558258,0.0050305792323779314,0.009482082455651835,0.07668421052631579,0.00019336842105263159,0.04736842105263158
2127,-0.6758750000000023,200,0,0,1,0.0460742830277386,0.045,1.0,1.0,0.005811440381548896,0.005776009179186076,0.010073877627495677,0.07668421052631579,0.00019336842105263159,0.04736842105263158
2128,-2.8614999999999933,200,0,0,1,0.046052631578947366,0.045,1.0,1.0,0.001898891507745689,0.005881503778044134,0.010071372918318958,0.07668421052631579,0.00019336842105263159,0.04736842105263158
2129,-2.8145937500000007,200,0,0,1,0.046031000469704084,0.045,1.0,1.0,0.0003678347717782467,0.005839740076567978,0.010007368850056082,0.07668421052631579,0.00019336842105263159,0.04736842105263158
2130,-2.8131250000000025,200,0,0,1,0.046009389671361506,0.045,1.0,1.0,-0.0003974812999312108,-0.00018550902977585793,0.004033596009016037,0.07668421052631579,0.00019336842105263159,0.04736842105263158
2131,-0.5779687500000015,200,0,0,1,0.04598779915532614,0.045,1.0,1.0,0.0003640534269858644,0.0003858431745320559,0.00464063065033406,0.07668421052631579,0.00019336842105263159,0.04736842105263158
2132,20.0735,146,1,0,1,0.04596622889305816,0.045,1.0,1.0,0.029879444111258403,0.0063186850566416975,0.010518410791642964,0.07668421052631579,0.00019336842105263159,0.04736842105263158
2133,-3.1433749999999985,200,0,0,1,0.04594467885607126,0.045,1.0,1.0,0.010469683862058004,0.005814580019097775,0.009597095107659697,0.07668421052631579,0.00019336842105263159,0.04736842105263158
2134,-2.946624999999996,200,0,0,1,0.04592314901593252,0.045,1.0,1.0,0.0028172867834138945,0.005593262791167944,0.009667079238221049,0.07668421052631579,0.00019336842105263159,0.04736842105263158
2135,-2.8800000000000003,200,0,0,1,0.04590163934426229,0.045,1.0,1.0,0.0003569740945487212,0.005555850998498499,0.009688173216301948,0.07668421052631579,0.00019336842105263159,0.04736842105263158
2136,-0.5305000000000007,200,0,0,1,0.04588014981273408,0.045,1.0,1.0,-0.00016410782817927161,0.005093449662672356,0.009106551007600501,0.07668421052631579,0.00019336842105263159,0.04736842105263158
2137,-0.4806875000000016,200,0,0,1,0.045858680393074405,0.045,1.0,1.0,-0.0003843473192059149,-0.0008793080151081085,0.003332676295656711,0.07668421052631579,0.00019336842105263159,0.04736842105263158
2138,19.9200625,194,1,0,1,0.04583723105706267,0.045,1.0,1.0,-0.0007159800359760469,-0.0009024756252765656,0.003765367392450571,0.07668421052631579,0.00019336842105263159,0.04736842105263158
2139,-0.6673750000000018,200,0,0,1,0.04581580177653109,0.045,1.0,1.0,-0.0008332470164301863,-0.0006937711224891246,0.0037811717917211355,0.07668421052631579,0.00019336842105263159,0.04736842105263158
2140,20.452499999999997,125,1,0,1,0.04579439252336449,0.045,1.0,1.0,-0.000931500953480154,-0.0007407189297955483,0.0036741406514775006,0.07668421052631579,0.00019336842105263159,0.04736842105263158
2141,-0.7638124999999999,200,0,0,1,0.045773003269500234,0.045,1.0,1.0,0.0007937082433441805,-0.00010190764744766056,0.004165461729513481,0.07668421052631579,0.00019336842105263159,0.04736842105263158
2142,19.6645,200,1,0,1,0.0457516339869281,0.045,1.0,1.0,0.029611149231193207,0.005796207982115447,0.010099493070505559,0.07668421052631579,0.00019336842105263159,0.04736842105263158
2143,-2.6578749999999998,200,0,0,1,0.045730284647690154,0.045,1.0,1.0,0.010229716693478944,0.005688794711604714,0.010179689003154635,0.07668421052631579,0.00019336842105263159,0.04736842105263158
2144,-2.9399999999999995,200,0,0,1,0.0457089552238806,0.045,1.0,1.0,0.0033022074227333884,0.005762837387621403,0.010016718864440917,0.07668421052631579,0.00019336842105263159,0.04736842105263158
2145,-2.6660937500000017,200,0,0,1,0.04568764568764569,0.045,1.0,1.0,0.000881426615271525,0.005805391967063769,0.010100578064331785,0.07668421052631579,0.00019336842105263159,0.04736842105263158
2146,-0.6441250000000012,200,0,0,1,0.045666356011183594,0.045,1.0,1.0,2.8509202574157665e-05,0.005192331917351111,0.009578856026986615,0.07668421052631579,0.00019336842105263159,0.04736842105263158
2147,-2.922093750000001,200,0,0,1,0.04564508616674429,0.045,1.0,1.0,-0.001482300978362229,-0.0009901440280955284,0.003628014200599864,0.07668421052631579,0.00019336842105263159,0.04736842105263158
2148,-3.0078750000000007,200,0,0,1,0.04562383612662942,0.045,1.0,1.0,-0.0016247026830453104,-0.001118408275768161,0.003390124232042581,0.07668421052631579,0.00019336842105263159,0.04736842105263158
2149,-2.85,200,0,0,1,0.04560260586319218,0.045,1.0,1.0,-0.0012509018626778693,-0.0011885595130734145,0.0034306034035980703,0.07668421052631579,0.00019336842105263159,0.04736842105263158
2150,-0.5175000000000012,200,0,0,1,0.045581395348837206,0.045,1.0,1.0,-0.0014503161997492073,-0.0013644496042688843,0.0034588798993790987,0.07668421052631579,0.00019336842105263159,0.04736842105263158
2151,21.401125,60,1,1,1,0.04602510460251046,0.05,1.0,1.0,-0.0014068438041965055,-0.0014125124342681374,0.003375411809334764,0.07668421052631579,0.00019336842105263159,0.04736842105263158
2152,21.671,40,1,1,1,0.046468401486988845,0.05,1.0,1.0,-0.0012319000177824732,-0.0013544892868667376,0.0032885161312588024,0.07631578947368421,0.00019263157894736842,0.052631578947368425
2153,21.58403125,62,1,1,1,0.046911286576869486,0.055,1.0,1.0,0.031612374743805696,0.005250014708406524,0.009941856805729912,0.07631578947368421,0.00019263157894736842,0.052631578947368425
2154,-2.749249999999998,200,0,0,1,0.04688950789229341,0.055,1.0,1.0,0.010837998780489006,0.00532005153314094,0.009959862157789757,0.07594736842105264,0.00019189473684210528,0.05789473684210526
2155,-0.37640625000000105,200,0,0,1,0.04686774941995359,0.055,1.0,1.0,0.0039329230497136105,0.005592602090648143,0.010168058344483142,0.07594736842105264,0.00019189473684210528,0.05789473684210526
2156,-0.6918750000000016,200,0,0,1,0.046846011131725415,0.055,1.0,1.0,0.0025032497375976877,0.006262632315250812,0.010932460061594611,0.07594736842105264,0.00019189473684210528,0.05789473684210526
2157,20.68796875,111,1,0,1,0.046824292999536395,0.055,1.0,1.0,0.03368219066562153,0.012955174676433671,0.017473742518981452,0.07594736842105264,0.00019189473684210528,0.05789473684210526
2158,-0.7073125000000012,200,0,0,1,0.04680259499536608,0.055,1.0,1.0,0.011065115005017367,0.01285353842767654,0.017589574189216365,0.07594736842105264,0.00019189473684210528,0.05789473684210526
2159,-2.672468750000001,200,0,0,1,0.04678091709124595,0.055,1.0,1.0,0.0031206445299430284,0.006067896662745625,0.01109588986914605,0.07594736842105264,0.00019189473684210528,0.05789473684210526
2160,-0.8875000000000008,200,0,0,1,0.04675925925925926,0.055,1.0,1.0,0.0023232096470156404,0.006695906373905018,0.011613251245813444,0.07594736842105264,0.00019189473684210528,0.05789473684210526
2161,-0.7950625000000002,200,0,0,1,0.04673762147154095,0.055,1.0,1.0,3.928200029729883e-05,0.005890714500332251,0.010940461152000354,0.07594736842105264,0.00019189473684210528,0.05789473684210526
2162,21.4220625,72,1,1,1,0.04717853839037928,0.06,1.0,1.0,0.002174575776072406,0.006455932026961818,0.01154061338561587,0.07594736842105264,0.00019189473684210528,0.05789473684210526
2163,21.21184375,83,1,0,1,0.047156726768377254,0.06,1.0,1.0,0.0013116529353105319,0.006498123221797869,0.011657959820935503,0.07557894736842105,0.0001911578947368421,0.06315789473684211
2164,-3.0421250000000013,200,0,0,1,0.04713493530499076,0.06,1.0,1.0,0.00031919878498290125,0.00011880909651517868,0.004995332037098706,0.07557894736842105,0.0001911578947368421,0.06315789473684211
2165,20.85140625,112,1,0,1,0.047113163972286376,0.06,1.0,1.0,0.0027288229950730215,0.0009103061959613115,0.005658154358854518,0.07557894736842105,0.0001911578947368421,0.06315789473684211
2166,-0.6953750000000007,200,0,0,1,0.04709141274238227,0.06,1.0,1.0,0.0008351609770905092,0.0011138167921453715,0.005230032041668892,0.07557894736842105,0.0001911578947368421,0.06315789473684211
2167,-1.0545624999999998,200,0,0,1,0.047069681587448085,0.06,1.0,1.0,-0.0007665984800168183,0.00032821732969023286,0.004632836116245017,0.07557894736842105,0.0001911578947368421,0.06315789473684211
2168,-2.798250000000001,200,0,0,1,0.0470479704797048,0.06,1.0,1.0,-0.0015570436154824922,-0.0002788213924504817,0.004079584316816181,0.07557894736842105,0.0001911578947368421,0.06315789473684211
2169,-0.41668749999999954,200,0,0,1,0.04702627939142462,0.06,1.0,1.0,-0.0014924944668237622,-0.0005689193899743259,0.004207597820553929,0.07557894736842105,0.0001911578947368421,0.06315789473684211
2170,-0.6712499999999987,200,0,0,1,0.047004608294930875,0.06,1.0,1.0,-0.0014578509343396143,-0.001374055961612612,0.003559940734412521,0.07557894736842105,0.0001911578947368421,0.06315789473684211
2171,-3.20146875,200,0,0,1,0.04698295716259788,0.06,1.0,1.0,-0.0012906276029066664,-0.001580186935607344,0.003744598551187664,0.07557894736842105,0.0001911578947368421,0.06315789473684211
2172,-2.4172499999999997,200,0,0,1,0.04696132596685083,0.06,1.0,1.0,-0.0008375377004058954,-0.0013979937897529453,0.003703123660525307,0.07557894736842105,0.0001911578947368421,0.06315789473684211
2173,21.30965625,72,1,1,1,0.04739990796134377,0.06,1.0,1.0,0.002133160787448005,-0.0006592385701951571,0.0042597268128884026,0.07557894736842105,0.0001911578947368421,0.06315789473684211
2174,-0.9400000000000017,200,0,0,1,0.04737810487580497,0.06,1.0,1.0,0.0002443063498718959,-0.0003801235799328424,0.003939133082574699,0.07557894736842105,0.0001911578947368421,0.06315789473684211
2175,-2.887031249999999,200,0,0,1,0.04735632183908046,0.06,1.0,1.0,-0.0005639500462839779,-0.0002585560926818289,0.003955962419102434,0.07557894736842105,0.0001911578947368421,0.06315789473684211
2176,-0.7510000000000001,200,0,0,1,0.04733455882352941,0.06,1.0,1.0,0.0021937152935948448,0.0005254179066396319,0.0043871138836839236,0.07557894736842105,0.0001911578947368421,0.06315789473684211
2177,-3.127874999999999,200,0,0,1,0.04731281580156178,0.06,1.0,1.0,-0.0002202186439745007,0.00048309000715380536,0.004423796004208271,0.07557894736842105,0.0001911578947368421,0.06315789473684211
2178,-2.6391875000000007,200,0,0,1,0.0472910927456382,0.06,1.0,1.0,-0.0006171217971211296,-0.000324228108394891,0.00375557671347633,0.07557894736842105,0.0001911578947368421,0.06315789473684211
2179,-0.8030937500000006,200,0,0,1,0.04726938962826985,0.06,1.0,1.0,-0.0011149937815554168,-0.0005201222590403631,0.0038724292147671803,0.07557894736842105,0.0001911578947368421,0.06315789473684211
2180,-0.8400000000000017,200,0,0,1,0.04724770642201835,0.06,1.0,1.0,-0.0009899582926989597,-0.0005095143282087519,0.0037934058079263197,0.07557894736842105,0.0001911578947368421,0.06315789473684211
2181,-0.7194687500000011,200,0,0,1,0.04722604309949564,0.06,1.0,1.0,0.001450732892546081,-0.00044049646204803136,0.0038363100009737535,0.07557894736842105,0.0001911578947368421,0.06315789473684211
2182,19.80725,166,1,0,1,0.04720439963336388,0.06,1.0,1.0,0.003076703171407371,0.0002732898483518511,0.004378380521200597,0.07557894736842105,0.0001911578947368421,0.06315789473684211
2183,-0.5828750000000017,200,0,0,1,0.047182775996335316,0.06,1.0,1.0,0.0018777474225043867,0.0008217706144787371,0.005127405057428405,0.07557894736842105,0.0001911578947368421,0.06315789473684211
2184,-2.5797500000000007,200,0,0,1,0.04716117216117216,0.06,1.0,1.0,-0.00039669276629409483,0.0007784421023679897,0.0051998495898442345,0.07557894736842105,0.0001911578947368421,0.06315789473684211
2185,-0.870000000000001,200,0,0,1,0.0471395881006865,0.06,1.0,1.0,-1.1607137494084205e-05,0.0012544195124646648,0.006046941172913648,0.07557894736842105,0.0001911578947368421,0.06315789473684211
2186,-2.6866250000000003,200,0,0,1,0.04711802378774017,0.06,1.0,1.0,-0.0008338874965993365,0.00048219324869569393,0.005619666766026057,0.07557894736842105,0.0001911578947368421,0.06315789473684211
2187,-2.7800312500000017,200,0,0,1,0.04709647919524463,0.06,1.0,1.0,-0.0012929203869147632,-0.00031645685457624495,0.005000213642371819,0.07557894736842105,0.0001911578947368421,0.06315789473684211
2188,21.452875,83,1,0,1,0.047074954296160876,0.06,1.0,1.0,-0.0008931298345189436,-0.0002040473746601492,0.0049101668025832625,0.07557894736842105,0.0001911578947368421,0.06315789473684211
2189,21.792749999999998,47,1,1,1,0.04751027866605756,0.065,1.0,1.0,0.03183570063984397,0.005817294998094439,0.010825368131045253,0.07557894736842105,0.0001911578947368421,0.06315789473684211
2190,-0.7637500000000012,200,0,0,1,0.047488584474885846,0.065,1.0,1.0,0.011297401691348082,0.006027689361944795,0.010994477594736964,0.07521052631578948,0.00019042105263157897,0.06842105263157895
2191,-2.77040625,200,0,0,1,0.04746691008671839,0.065,1.0,1.0,0.0037748880414806034,0.0056683374748099594,0.010055172586115078,0.07521052631578948,0.00019042105263157897,0.06842105263157895
2192,-0.4975000000000015,200,0,0,1,0.04744525547445255,0.065,1.0,1.0,0.0010512640571076885,0.005774574149865657,0.010058948568999767,0.07521052631578948,0.00019042105263157897,0.06842105263157895
2193,21.475875,53,1,1,1,0.047879616963064295,0.07,1.0,1.0,0.0005573309835544593,0.005851782751036808,0.01004721857025288,0.07521052631578948,0.00019042105263157897,0.06842105263157895
2194,-0.8035625000000017,200,0,0,1,0.047857793983591614,0.07,1.0,1.0,-0.00046002737282029005,0.0059810366872116,0.01023925571521977,0.07484210526315789,0.0001896842105263158,0.0736842105263158
2195,-0.976406250000002,200,0,0,1,0.04783599088838269,0.07,1.0,1.0,-0.0012117477101432257,-0.0008187772431992925,0.003667877285333816,0.07484210526315789,0.0001896842105263158,0.0736842105263158
2196,-0.6372500000000015,200,0,0,1,0.04781420765027322,0.07,1.0,1.0,-0.0015498530641912282,-0.0010162881543510595,0.003653097767906729,0.07484210526315789,0.0001896842105263158,0.0736842105263158
2197,20.848062499999997,102,1,0,1,0.04779244424214838,0.07,1.0,1.0,-0.0011022652583125914,-0.0010412627871264704,0.0037164764593471773,0.07484210526315789,0.0001896842105263158,0.0736842105263158
2198,-0.6736875000000014,200,0,0,1,0.04777070063694268,0.07,1.0,1.0,-0.0005895940376187826,-0.0011322708931402303,0.003834787245898042,0.07484210526315789,0.0001896842105263158,0.0736842105263158
2199,-0.7637187499999998,200,0,0,1,0.047748976807639835,0.065,1.0,1.0,0.0011047681653984245,-0.0005618972592055797,0.004284077866002918,0.07484210526315789,0.0001896842105263158,0.0736842105263158
2200,20.52875,115,1,0,1,0.04772727272727273,0.065,1.0,1.0,-5.269524230589166e-05,-0.0006785912052728236,0.0042851378382183615,0.07521052631578948,0.00019042105263157897,0.06842105263157895
2201,21.14109375,80,1,0,1,0.04770558836892322,0.065,1.0,1.0,-0.0005870238978851225,-0.0006977480521891266,0.004246112145716324,0.07521052631578948,0.00019042105263157897,0.06842105263157895
2202,-0.7014375000000007,200,0,0,1,0.047683923705722074,0.065,1.0,1.0,-0.0008933376772979201,-0.0005360200291033834,0.0041794452124740925,0.07521052631578948,0.00019042105263157897,0.06842105263157895
2203,21.474625,55,1,1,1,0.048116205174761686,0.065,1.0,1.0,-0.001026960751929627,-0.0005284781982700224,0.00417274898901087,0.07521052631578948,0.00019042105263157897,0.06842105263157895
2204,-2.980000000000002,200,0,0,1,0.04809437386569873,0.065,1.0,1.0,-0.0012106108074806407,-0.0005632155025887186,0.004125585655732721,0.07521052631578948,0.00019042105263157897,0.06842105263157895
2205,20.70875,119,1,0,1,0.048072562358276644,0.065,1.0,1.0,0.031300938643305104,0.006102974541434378,0.010734049256941944,0.07521052631578948,0.00019042105263157897,0.06842105263157895
2206,-3.002125,200,0,0,1,0.04805077062556664,0.065,1.0,1.0,0.010640326967770456,0.005452975028842047,0.009954581747115299,0.07521052631578948,0.00019042105263157897,0.06842105263157895
2207,21.82015625,33,1,1,1,0.048482102401449935,0.07,1.0,1.0,0.011402879988615932,0.006009701595357911,0.010640093487971172,0.07521052631578948,0.00019042105263157897,0.06842105263157895
2208,-3.052,200,0,0,1,0.04846014492753623,0.07,1.0,1.0,0.0036049063107019192,0.006121079499549523,0.01056335331621085,0.07484210526315789,0.0001896842105263158,0.0736842105263158
2209,-0.6880625000000021,200,0,0,1,0.04843820733363513,0.07,1.0,1.0,0.0003436425428028621,0.006092623762553558,0.010655919336015358,0.07484210526315789,0.0001896842105263158,0.0736842105263158
2210,21.2178125,70,1,1,1,0.048868778280542986,0.075,1.0,1.0,0.00013473635625294825,0.006138038953999057,0.010649134956067428,0.07484210526315789,0.0001896842105263158,0.0736842105263158
2211,-3.0818124999999985,200,0,0,1,0.048846675712347354,0.075,1.0,1.0,-0.00032897996630114145,0.005623893759679049,0.010030191230122,0.07447368421052632,0.00018894736842105266,0.07894736842105263
2212,-2.950000000000002,200,0,0,1,0.048824593128390596,0.075,1.0,1.0,-0.001109665441420772,-0.0006628999626263976,0.00397598038520664,0.07447368421052632,0.00018894736842105266,0.07894736842105263
2213,20.607531249999997,112,1,0,1,0.048802530501581565,0.075,1.0,1.0,0.002273373249132405,-0.00040762329427525404,0.003938719102647156,0.07447368421052632,0.00018894736842105266,0.07894736842105263
2214,-2.8441875000000008,200,0,0,1,0.04878048780487805,0.075,1.0,1.0,-8.530764604034156e-05,-0.000465011655818671,0.0038908066931180657,0.07447368421052632,0.00018894736842105266,0.07894736842105263
2215,-0.5510937500000005,200,0,0,1,0.04875846501128668,0.075,1.0,1.0,-0.0008042239322278267,-0.0003851775403600186,0.003994748811004684,0.07447368421052632,0.00018894736842105266,0.07894736842105263
2216,-0.8100000000000005,200,0,0,1,0.048736462093862815,0.07,1.0,1.0,0.0028522610769510064,0.0004367040677461773,0.004694633347680792,0.07447368421052632,0.00018894736842105266,0.07894736842105263
2217,-0.6514062500000013,200,0,0,1,0.04871447902571042,0.07,1.0,1.0,0.0007394985005728818,0.0005280493029858917,0.0045809162075165655,0.07484210526315789,0.0001896842105263158,0.0736842105263158
2218,-2.8899999999999975,200,0,0,1,0.04869251577998197,0.065,1.0,1.0,-0.0009325859097818202,-0.00035526943998411296,0.00416201375098899,0.07484210526315789,0.0001896842105263158,0.0736842105263158
2219,-2.66303125,200,0,0,1,0.04867057232987832,0.065,1.0,1.0,-0.001048099577171568,-0.0002811229522631038,0.004249320587114198,0.07521052631578948,0.00019042105263157897,0.06842105263157895
2220,-0.7787500000000016,200,0,0,1,0.04864864864864865,0.065,1.0,1.0,8.707688391154974e-05,0.00027571816646377554,0.004883704338659299,0.07521052631578948,0.00019042105263157897,0.06842105263157895
2221,19.53915625,196,1,0,1,0.048626744709590275,0.065,1.0,1.0,0.0017834238665095997,6.170829341863281e-05,0.004866002796246903,0.07521052631578948,0.00019042105263157897,0.06842105263157895
2222,-0.6477500000000017,200,0,0,1,0.048604860486048604,0.065,1.0,1.0,9.307182490349026e-05,1.7535602004500107e-05,0.005070420176052721,0.07521052631578948,0.00019042105263157897,0.06842105263157895
2223,-3.0655312500000003,200,0,0,1,0.048582995951417005,0.065,1.0,1.0,-0.0008393258141273166,9.623522686888464e-05,0.004911798951710808,0.07521052631578948,0.00019042105263157897,0.06842105263157895
2224,-0.8645000000000005,200,0,0,1,0.048561151079136694,0.065,1.0,1.0,0.00015981025890427395,0.000650381610787008,0.005405641324876342,0.07521052631578948,0.00019042105263157897,0.06842105263157895
2225,-0.5781250000000017,200,0,0,1,0.04853932584269663,0.065,1.0,1.0,-0.00090739829583706,-1.2570029764901847e-05,0.004680657146323938,0.07521052631578948,0.00019042105263157897,0.06842105263157895
2226,21.148062499999998,88,1,0,1,0.04851752021563342,0.065,1.0,1.0,0.02917111833828058,0.006002785123186186,0.01064317289995961,0.07521052631578948,0.00019042105263157897,0.06842105263157895
2227,-0.8900000000000018,200,0,0,1,0.048495734171531205,0.065,1.0,1.0,0.011402225953407496,0.0059014301123097536,0.010654155599884689,0.07521052631578948,0.00019042105263157897,0.06842105263157895
2228,-0.643125000000002,200,0,0,1,0.04847396768402154,0.065,1.0,1.0,0.004545764778568329,0.006294051813194528,0.011030840854858979,0.07521052631578948,0.00019042105263157897,0.06842105263157895
2229,-2.859999999999998,200,0,0,1,0.04845222072678331,0.065,1.0,1.0,0.0011881650930827303,0.0058068799311295155,0.01046777987945825,0.07521052631578948,0.00019042105263157897,0.06842105263157895
2230,21.111875,92,1,0,1,0.0484304932735426,0.065,1.0,1.0,0.00026265782057347794,0.005883708439767361,0.010400596957653762,0.07521052631578948,0.00019042105263157897,0.06842105263157895
2231,-2.959999999999999,200,0,0,1,0.04840878529807261,0.065,1.0,1.0,-0.00024045205970379943,0.006061608996707946,0.010323153102304786,0.07521052631578948,0.00019042105263157897,0.06842105263157895
2232,-0.49275000000000113,200,0,0,1,0.04838709677419355,0.065,1.0,1.0,-0.0008588784958261263,-0.0005378878703340888,0.0037065681531094014,0.07521052631578948,0.00019042105263157897,0.06842105263157895
2233,-0.4543437500000007,200,0,0,1,0.0483654276757725,0.065,1.0,1.0,-0.0007553884751472941,-0.0009208989150356502,0.0031512064777780326,0.07521052631578948,0.00019042105263157897,0.06842105263157895
2234,21.051499999999997,99,1,0,1,0.048343777976723366,0.065,1.0,1.0,-0.0006985063890211962,-0.0008683466066140681,0.003112012970959768,0.07521052631578948,0.00019042105263157897,0.06842105263157895
2235,21.42125,70,1,1,1,0.04876957494407159,0.07,1.0,1.0,-0.0005624615957595366,-0.0008677278126124293,0.0031987577767577024,0.07521052631578948,0.00019042105263157897,0.06842105263157895
2236,-2.72975,200,0,0,1,0.048747763864042934,0.07,1.0,1.0,-0.0005629022329730562,-0.0006395295215770602,0.0032928938590921462,0.07484210526315789,0.0001896842105263158,0.0736842105263158
2237,-0.8349062500000008,200,0,0,1,0.048725972284309346,0.07,1.0,1.0,0.001570500834045951,-0.00011275099543854594,0.003945204015355557,0.07484210526315789,0.0001896842105263158,0.0736842105263158
2238,19.680374999999998,182,1,0,1,0.04870420017873101,0.07,1.0,1.0,0.030502283410562152,0.006016600499860942,0.0098272364907898,0.07484210526315789,0.0001896842105263158,0.0736842105263158
2239,-2.9200000000000013,200,0,0,1,0.048682447521214825,0.07,1.0,1.0,0.01000913607018565,0.005810790267889388,0.010125374443479813,0.07484210526315789,0.0001896842105263158,0.0736842105263158
2240,-2.9699999999999998,200,0,0,1,0.048660714285714286,0.07,1.0,1.0,0.0029138724880010823,0.0056706690766150135,0.010222051175427623,0.07484210526315789,0.0001896842105263158,0.0736842105263158
2241,-0.8950312500000015,200,0,0,1,0.04863900044622936,0.07,1.0,1.0,5.107274261880619e-05,0.00540474706760142,0.010355161561747081,0.07484210526315789,0.0001896842105263158,0.0736842105263158
2242,19.334812499999998,194,1,0,1,0.04861730597680642,0.07,1.0,1.0,0.03212821340803825,0.011463702878332697,0.016317634043167346,0.07484210526315789,0.0001896842105263158,0.0736842105263158
2243,20.75434375,113,1,0,1,0.04859563085153812,0.07,1.0,1.0,0.017748086342341488,0.011490684132673777,0.016435383816831746,0.07484210526315789,0.0001896842105263158,0.0736842105263158
2244,21.734375,39,1,1,1,0.049019607843137254,0.075,1.0,1.0,0.014389932672464691,0.011407451863982714,0.016543055569403806,0.07484210526315789,0.0001896842105263158,0.0736842105263158
2245,-2.7754687500000013,200,0,0,1,0.04899777282850779,0.075,1.0,1.0,0.004110222780536507,0.0052099830694496635,0.01038919529877603,0.07447368421052632,0.00018894736842105266,0.07894736842105263
2246,-2.7355625000000003,200,0,0,1,0.048975957257346395,0.075,1.0,1.0,0.00042529587859313413,0.005213030689628795,0.010426652849419042,0.07447368421052632,0.00018894736842105266,0.07894736842105263
2247,-2.835218749999995,200,0,0,1,0.04895416110369381,0.075,1.0,1.0,-0.0005730868863300278,0.0052683412123005835,0.010196524710161612,0.07447368421052632,0.00018894736842105266,0.07894736842105263
2248,20.5385,129,1,0,1,0.04893238434163701,0.075,1.0,1.0,0.029816664818628137,0.01144217829219997,0.016074981671292336,0.07447368421052632,0.00018894736842105266,0.07894736842105263
2249,-0.6264062499999998,200,0,0,1,0.048910626945309024,0.075,1.0,1.0,0.01058529902062738,0.004913454717490822,0.009205351581797003,0.07447368421052632,0.00018894736842105266,0.07894736842105263
2250,-0.5825000000000017,200,0,0,1,0.04888888888888889,0.075,1.0,1.0,0.002879139998418893,0.004864452885463834,0.00929681539023295,0.07447368421052632,0.00018894736842105266,0.07894736842105263
2251,-2.8153437500000003,200,0,0,1,0.04886717014660151,0.075,1.0,1.0,7.03335267761352e-05,0.0049724771657492966,0.009282446353463456,0.07447368421052632,0.00018894736842105266,0.07894736842105263
2252,-0.7668750000000019,200,0,0,1,0.04884547069271759,0.075,1.0,1.0,-0.0008248268199961429,0.004945838258601725,0.009262394440360368,0.07447368421052632,0.00018894736842105266,0.07894736842105263
2253,-0.5778437500000017,200,0,0,1,0.048823790501553485,0.075,1.0,1.0,-0.0011619226053044558,-0.0012468005083501339,0.003362491716630757,0.07447368421052632,0.00018894736842105266,0.07894736842105263
2254,-0.6463125000000007,200,0,0,1,0.048802129547471165,0.075,1.0,1.0,0.0011619106741210024,-0.0005308898149523884,0.004246973556699231,0.07447368421052632,0.00018894736842105266,0.07894736842105263
2255,20.342656249999997,139,1,0,1,0.04878048780487805,0.075,1.0,1.0,0.029556989209914505,0.005388662613229826,0.010195922706043348,0.07447368421052632,0.00018894736842105266,0.07894736842105263
2256,-2.9589999999999974,200,0,0,1,0.04875886524822695,0.075,1.0,1.0,0.009748054963451557,0.005255414801300503,0.010155809786287136,0.07447368421052632,0.00018894736842105266,0.07894736842105263
2257,20.53575,131,1,0,1,0.04873726185201595,0.075,1.0,1.0,0.004558591202250714,0.0053818398766452445,0.010194019844871945,0.07447368421052632,0.00018894736842105266,0.07894736842105263
2258,19.6521875,195,1,0,1,0.048715677590788306,0.075,1.0,1.0,0.0039159544992615905,0.006180806303978897,0.010830879035522229,0.07447368421052632,0.00018894736842105266,0.07894736842105263
2259,-0.3391562500000014,200,0,0,1,0.04869411243913236,0.075,1.0,1.0,0.000907849421315762,0.0060549385905032975,0.010759109207778238,0.07447368421052632,0.00018894736842105266,0.07894736842105263
2260,-2.85,200,0,0,1,0.048672566371681415,0.075,1.0,1.0,-0.0004246182198017116,0.005420341251301579,0.009891596991452388,0.07447368421052632,0.00018894736842105266,0.07894736842105263
2261,-2.7613125000000016,200,0,0,1,0.048651039363113664,0.075,1.0,1.0,-0.0011957207186223879,-0.0005472096675075591,0.004067947125528008,0.07447368421052632,0.00018894736842105266,0.07894736842105263
2262,20.817249999999998,99,1,0,1,0.04862953138815208,0.075,1.0,1.0,0.02898667834224919,0.0055950936586596075,0.00989308846509084,0.07447368421052632,0.00018894736842105266,0.07894736842105263
2263,-0.6714375000000004,200,0,0,1,0.048608042421564294,0.075,1.0,1.0,0.011555139811718535,0.005965693975565955,0.01058537297998555,0.07447368421052632,0.00018894736842105266,0.07894736842105263
2264,-2.7827499999999996,200,0,0,1,0.04858657243816254,0.075,1.0,1.0,0.00331103992348968,0.005318935172166675,0.009939457955304534,0.07447368421052632,0.00018894736842105266,0.07894736842105263
2265,-2.939999999999999,200,0,0,1,0.04856512141280353,0.075,1.0,1.0,0.00036854712805786465,0.005136793124256656,0.010190051044570282,0.07447368421052632,0.00018894736842105266,0.07894736842105263
2266,-3.0125625,200,0,0,1,0.04854368932038835,0.075,1.0,1.0,-0.0007636388057328879,0.005193831734824926,0.01035160408494994,0.07447368421052632,0.00018894736842105266,0.07894736842105263
2267,21.23909375,80,1,0,1,0.04852227613586237,0.075,1.0,1.0,-0.00047459505616890966,0.005265703825512901,0.010283943567192182,0.07447368421052632,0.00018894736842105266,0.07894736842105263
2268,-2.8258750000000004,200,0,0,1,0.048500881834215165,0.075,1.0,1.0,-0.0012137216645409857,-0.000764919838635251,0.004207384428707882,0.07447368421052632,0.00018894736842105266,0.07894736842105263
2269,20.90684375,102,1,0,1,0.04847950639048039,0.075,1.0,1.0,-0.000779772049363368,-0.0012150597982108593,0.0034727825848385693,0.07447368421052632,0.00018894736842105266,0.07894736842105263
2270,-1.0381250000000015,200,0,0,1,0.048458149779735685,0.075,1.0,1.0,-0.0011581430827886181,-0.001098881780868396,0.003541241210186854,0.07447368421052632,0.00018894736842105266,0.07894736842105263
2271,-0.5798437500000013,200,0,0,1,0.048436811977102597,0.075,1.0,1.0,0.0004440440202956896,-0.0005292638215469197,0.003985236541717313,0.07447368421052632,0.00018894736842105266,0.07894736842105263
2272,-2.6840000000000015,200,0,0,1,0.04841549295774648,0.075,1.0,1.0,-0.00039126722523823225,-0.00046804387436714023,0.0039358176585519685,0.07447368421052632,0.00018894736842105266,0.07894736842105263
2273,-2.7400000000000007,200,0,0,1,0.04839419269687637,0.075,1.0,1.0,-0.0008787562786137838,-0.0005396076088072733,0.004229993634275161,0.07447368421052632,0.00018894736842105266,0.07894736842105263
2274,20.54725,157,1,0,1,0.048372911169744945,0.075,1.0,1.0,-0.00019225786961884293,-0.0002728653446538374,0.004373074045521207,0.07447368421052632,0.00018894736842105266,0.07894736842105263
2275,-2.7760937500000007,200,0,0,1,0.04835164835164835,0.075,1.0,1.0,-0.000693145208032499,-0.00032656316587235777,0.004293712408398278,0.07447368421052632,0.00018894736842105266,0.07894736842105263
2276,20.93325,98,1,0,1,0.048330404217926184,0.075,1.0,1.0,-0.0005133914982928935,-0.0002487048455514014,0.00427480841288343,0.07447368421052632,0.00018894736842105266,0.07894736842105263
2277,-2.846156249999998,200,0,0,1,0.04830917874396135,0.075,1.0,1.0,-0.0006451437561260505,-0.0006734564646612853,0.0038971213276963682,0.07447368421052632,0.00018894736842105266,0.07894736842105263
2278,-2.7823750000000014,200,0,0,1,0.048287971905179985,0.075,1.0,1.0,-0.0006073502259556175,-0.0006531186834909022,0.003777699921745807,0.07447368421052632,0.00018894736842105266,0.07894736842105263
2279,-2.9975624999999972,200,0,0,1,0.04826678367705134,0.07,1.0,1.0,-0.00047441293163336134,-0.0005869779854547233,0.003961129964096472,0.07447368421052632,0.00018894736842105266,0.07894736842105263
2280,-0.9937500000000015,200,0,0,1,0.04824561403508772,0.07,1.0,1.0,-0.00027758533405803114,-0.0005447438720148057,0.0038497324052732436,0.07484210526315789,0.0001896842105263158,0.0736842105263158
2281,21.37859375,62,1,1,1,0.04866286716352477,0.075,1.0,1.0,-0.0003288418622292316,-0.0004935464886948466,0.003936064603738487,0.07484210526315789,0.0001896842105263158,0.0736842105263158
2282,-2.528937499999997,200,0,0,1,0.04864154250657318,0.075,1.0,1.0,-0.00043213122351820236,-0.0005949157460127026,0.0038611985223833472,0.07447368421052632,0.00018894736842105266,0.07894736842105263
2283,20.9019375,101,1,0,1,0.04862023653088042,0.075,1.0,1.0,-0.0006642902435603789,-0.0005917201589327306,0.003721864406717941,0.07447368421052632,0.00018894736842105266,0.07894736842105263
2284,-0.6118750000000011,200,0,0,1,0.04859894921190893,0.075,1.0,1.0,-0.0009333034712061643,-0.0006719389066565782,0.0038595180560369044,0.07447368421052632,0.00018894736842105266,0.07894736842105263
2285,-2.742812499999997,200,0,0,1,0.04857768052516411,0.075,1.0,1.0,-0.0007872888494421509,-0.0005987352367956191,0.003865337909432128,0.07447368421052632,0.00018894736842105266,0.07894736842105263
2286,-2.9306875000000017,200,0,0,1,0.048556430446194225,0.075,1.0,1.0,-7.518248458697295e-05,-0.0005196633513551205,0.004101268212078139,0.07447368421052632,0.00018894736842105266,0.07894736842105263
2287,21.2411875,79,1,0,1,0.048535198950590296,0.075,1.0,1.0,-0.0002445765011689636,-0.0005981469333637506,0.003993476580129936,0.07447368421052632,0.00018894736842105266,0.07894736842105263
2288,-2.966999999999999,200,0,0,1,0.048513986013986016,0.075,1.0,1.0,-0.0005739816747495333,-0.0007241091886535287,0.004096142490394413,0.07447368421052632,0.00018894736842105266,0.07894736842105263
2289,21.05121875,102,1,0,1,0.04849279161205767,0.075,1.0,1.0,-0.0009573303579120215,-0.0006821132705081254,0.003990367214428261,0.07447368421052632,0.00018894736842105266,0.07894736842105263
2290,19.9503125,151,1,0,1,0.04847161572052402,0.075,1.0,1.0,0.0002986956219364663,-0.00022880538925528526,0.004583174372091889,0.07447368421052632,0.00018894736842105266,0.07894736842105263
2291,-0.6297812500000008,200,0,0,1,0.04845045831514622,0.075,1.0,1.0,-0.0003264383007074178,-0.00012441156920976938,0.004536947480635717,0.07447368421052632,0.00018894736842105266,0.07894736842105263
2292,21.51025,57,1,1,1,0.04886561954624782,0.08,1.0,1.0,0.030154275783911572,0.006002613496500999,0.01051794024510309,0.07447368421052632,0.00018894736842105266,0.07894736842105263
2293,21.26671875,75,1,1,1,0.04928041866550371,0.085,1.0,1.0,0.02011786201613865,0.005809587889816612,0.010530547416303307,0.07410526315789474,0.00018821052631578947,0.08421052631578949
2294,20.4965,132,1,0,1,0.04925893635571055,0.085,1.0,1.0,0.03966738962017867,0.011672443326096982,0.016505098121706398,0.07373684210526316,0.00018747368421052633,0.08947368421052633
2295,-2.7267187499999994,200,0,0,1,0.04923747276688453,0.085,1.0,1.0,0.014071486610451302,0.011575606663012878,0.01636158912233077,0.07373684210526316,0.00018747368421052633,0.08947368421052633
2296,-0.6170000000000011,200,0,0,1,0.04921602787456446,0.085,1.0,1.0,0.005080737478547026,0.01112280193855986,0.016009706771466882,0.07373684210526316,0.00018747368421052633,0.08947368421052633
2297,-0.6903437500000014,200,0,0,1,0.04919460165433174,0.085,1.0,1.0,0.0007607515784168608,0.011091830168945308,0.016101377843042428,0.07373684210526316,0.00018747368421052633,0.08947368421052633
2298,19.809124999999998,179,1,0,1,0.04917319408181027,0.085,1.0,1.0,-7.454287958642638e-05,0.011067559251190687,0.015887004598604107,0.07373684210526316,0.00018747368421052633,0.08947368421052633
2299,-0.5573750000000017,200,0,0,1,0.04915180513266638,0.085,1.0,1.0,-0.0009814662375684396,0.00493524336777773,0.009772103163973951,0.07373684210526316,0.00018747368421052633,0.08947368421052633
2300,20.46875,129,1,0,1,0.049130434782608694,0.085,1.0,1.0,-0.0010694365725564144,-0.0009890501973204664,0.003706186400821025,0.07373684210526316,0.00018747368421052633,0.08947368421052633
2301,-2.9161874999999995,200,0,0,1,0.049109083007388095,0.085,1.0,1.0,-0.0006531291354043461,-0.0010438875168547383,0.0035923034917577754,0.07373684210526316,0.00018747368421052633,0.08947368421052633
2302,20.512249999999998,121,1,0,1,0.04908774978279757,0.085,1.0,1.0,-0.00038061580418001474,-0.0010095986189771792,0.003568116618182103,0.07373684210526316,0.00018747368421052633,0.08947368421052633
2303,-2.8039375000000013,200,0,0,1,0.049066435084672164,0.085,1.0,1.0,-0.0008322798277454406,-0.0009104555263184011,0.0034174212119542063,0.07373684210526316,0.00018747368421052633,0.08947368421052633
2304,-2.8940000000000006,200,0,0,1,0.04904513888888889,0.085,1.0,1.0,-0.0006737104175019164,-0.0007953676609322429,0.0033477755142375825,0.07373684210526316,0.00018747368421052633,0.08947368421052633
2305,-3.1518749999999995,200,0,0,1,0.049023861171366596,0.085,1.0,1.0,-0.00048769784919262387,-0.0006925387075170875,0.0033179008709266784,0.07373684210526316,0.00018747368421052633,0.08947368421052633
2306,-2.9988125,200,0,0,1,0.049002601908065914,0.085,1.0,1.0,-0.0006410718512885672,-0.0006955780577845871,0.0034172343113459645,0.07373684210526316,0.00018747368421052633,0.08947368421052633
2307,-0.44675000000000165,200,0,0,1,0.04898136107498916,0.085,1.0,1.0,0.000774573093871688,-6.258268631063402e-05,0.003938745805760846,0.07373684210526316,0.00018747368421052633,0.08947368421052633
2308,-0.3670000000000016,200,0,0,1,0.048960138648180246,0.085,1.0,1.0,-0.00023315878611262296,-6.020597694441676e-05,0.003961380602326244,0.07373684210526316,0.00018747368421052633,0.08947368421052633
2309,21.05559375,103,1,0,1,0.04893893460372455,0.085,1.0,1.0,-0.0006276454429533106,-0.00012107435590587556,0.004096799548482522,0.07373684210526316,0.00018747368421052633,0.08947368421052633
2310,-0.8771875,200,0,0,1,0.048917748917748916,0.08,1.0,1.0,0.0003915237542862596,0.0004302800889126956,0.004869068054948002,0.07373684210526316,0.00018747368421052633,0.08947368421052633
2311,-0.6916562500000016,200,0,0,1,0.04889658156642146,0.08,1.0,1.0,-0.00019482263187446306,0.0005529421824030578,0.004917318840045482,0.07410526315789474,0.00018821052631578947,0.08421052631578949
2312,-2.849999999999999,200,0,0,1,0.048875432525951557,0.08,1.0,1.0,-0.0003553984306335158,-0.00016829575691372156,0.004183237283490598,0.07410526315789474,0.00018821052631578947,0.08421052631578949
2313,21.199031249999997,84,1,0,1,0.04885430177258971,0.075,1.0,1.0,0.0315154522445543,0.006418618335621432,0.01097757878783159,0.07410526315789474,0.00018821052631578947,0.08421052631578949
2314,-0.8926875000000017,200,0,0,1,0.04883318928262748,0.075,1.0,1.0,0.010651254073447218,0.0063328425367362795,0.0110900736595504,0.07447368421052632,0.00018894736842105266,0.07894736842105263
2315,-2.92,200,0,0,1,0.04881209503239741,0.075,1.0,1.0,0.003220752892656421,0.005582383208209649,0.010506720902165399,0.07447368421052632,0.00018894736842105266,0.07894736842105263
2316,-2.8521249999999996,200,0,0,1,0.048791018998272886,0.075,1.0,1.0,0.000594372708262656,0.005630587621824816,0.010473218367202207,0.07447368421052632,0.00018894736842105266,0.07894736842105263
2317,-3.167781250000001,200,0,0,1,0.0487699611566681,0.075,1.0,1.0,-0.0003722661507919389,0.005434445103048347,0.010465121420682408,0.07447368421052632,0.00018894736842105266,0.07894736842105263
2318,-3.1402499999999995,200,0,0,1,0.04874892148403796,0.075,1.0,1.0,-0.0009853942874231683,-0.0012700014702277259,0.003907619080622681,0.07447368421052632,0.00018894736842105266,0.07894736842105263
2319,-2.8900000000000006,200,0,0,1,0.048727899956877964,0.075,1.0,1.0,-0.0010747289039394644,-0.001226088597555645,0.003998272198368795,0.07447368421052632,0.00018894736842105266,0.07894736842105263
2320,-0.8300000000000014,200,0,0,1,0.04870689655172414,0.075,1.0,1.0,-0.0006241107594222735,-0.0010847402325598523,0.004076667355257087,0.07447368421052632,0.00018894736842105266,0.07894736842105263
2321,-0.905062500000002,200,0,0,1,0.04868591124515295,0.075,1.0,1.0,-0.0010347908565883882,-0.0011205657612299547,0.003943950705579482,0.07447368421052632,0.00018894736842105266,0.07894736842105263
2322,-0.5653750000000016,200,0,0,1,0.04866494401378122,0.075,1.0,1.0,-0.001193952517170639,-0.0010793444368755445,0.0038499589919811115,0.07447368421052632,0.00018894736842105266,0.07894736842105263
2323,-0.35075000000000167,200,0,0,1,0.048643994834266034,0.075,1.0,1.0,-0.0010365586477981475,-0.0008886171221965924,0.003873794287093915,0.07447368421052632,0.00018894736842105266,0.07894736842105263
2324,-0.5557500000000003,200,0,0,1,0.04862306368330465,0.075,1.0,1.0,-0.0011868065307425676,-0.0009577416798565537,0.003981053304160014,0.07447368421052632,0.00018894736842105266,0.07894736842105263
2325,19.91171875,163,1,0,1,0.048602150537634406,0.075,1.0,1.0,0.03072725344720938,0.005704314538743347,0.010615389847662299,0.07447368421052632,0.00018894736842105266,0.07894736842105263
2326,19.633875,193,1,0,1,0.04858125537403268,0.075,1.0,1.0,0.011232509988345614,0.005713356623891741,0.01053878332534805,0.07447368421052632,0.00018894736842105266,0.07894736842105263
2327,-0.33490624999999946,200,0,0,1,0.048560378169316715,0.075,1.0,1.0,0.0035112315509269517,0.0056310076242079956,0.010761369553976692,0.07447368421052632,0.00018894736842105266,0.07894736842105263
2328,-0.3997500000000013,200,0,0,1,0.048539518900343644,0.075,1.0,1.0,0.0009985089041314428,0.005826099840225652,0.010372164364671334,0.07447368421052632,0.00018894736842105266,0.07894736842105263
2329,-0.524468750000002,200,0,0,1,0.048518677544010305,0.075,1.0,1.0,0.002934369054910618,0.0068222321748035025,0.010883645632187836,0.07447368421052632,0.00018894736842105266,0.07894736842105263
2330,-2.651249999999999,200,0,0,1,0.04849785407725322,0.075,1.0,1.0,0.00018338021617793557,0.006081724152085371,0.01020283278345596,0.07447368421052632,0.00018894736842105266,0.07894736842105263
2331,-0.5170625000000018,200,0,0,1,0.04847704847704848,0.075,1.0,1.0,-5.56185364380076e-05,6.826930970419199e-05,0.00412263420491945,0.07447368421052632,0.00018894736842105266,0.07894736842105263
2332,-2.85,200,0,0,1,0.04845626072041166,0.075,1.0,1.0,0.0003801494682584602,0.0003032205271301791,0.004129455419373699,0.07447368421052632,0.00018894736842105266,0.07894736842105263
2333,-0.4574375000000005,200,0,0,1,0.048435490784397774,0.075,1.0,1.0,-0.0004521302621452493,0.0001670349952764809,0.004202351748477668,0.07447368421052632,0.00018894736842105266,0.07894736842105263
2334,-2.9099999999999997,200,0,0,1,0.048414738646101116,0.075,1.0,1.0,-0.001425804080927678,-0.0008575182289350777,0.0035876896569970993,0.07447368421052632,0.00018894736842105266,0.07894736842105263
2335,-0.9400000000000013,200,0,0,1,0.048394004282655244,0.075,1.0,1.0,-0.001282607819774738,-0.0007925765012623742,0.0037237836915301158,0.07447368421052632,0.00018894736842105266,0.07894736842105263
2336,-2.5920000000000005,200,0,0,1,0.048373287671232876,0.075,1.0,1.0,-0.0011210198701642003,-0.0009343310270924121,0.003599379611434415,0.07447368421052632,0.00018894736842105266,0.07894736842105263
2337,-0.9000000000000018,200,0,0,1,0.04835258878904578,0.075,1.0,1.0,5.403411234408125e-05,-0.0006197348852874711,0.004182837516185828,0.07447368421052632,0.00018894736842105266,0.07894736842105263
2338,-2.9958125,200,0,0,1,0.048331907613344736,0.075,1.0,1.0,-0.0005879619701754358,-0.0006277821764815598,0.004301967651816085,0.07447368421052632,0.00018894736842105266,0.07894736842105263
2339,-2.6761875000000015,200,0,0,1,0.04831124412141941,0.075,1.0,1.0,-0.0002257356617013478,-0.000256397946504876,0.004256810535443947,0.07447368421052632,0.00018894736842105266,0.07894736842105263
2340,20.533125,128,1,0,1,0.04829059829059829,0.075,1.0,1.0,0.03069154922984512,0.006076913844095543,0.010327251757262275,0.07447368421052632,0.00018894736842105266,0.07894736842105263
2341,-2.980000000000001,200,0,0,1,0.04826997009824861,0.075,1.0,1.0,0.011026061903510185,0.006204789674258791,0.01028274451533798,0.07447368421052632,0.00018894736842105266,0.07894736842105263
2342,20.7154375,107,1,0,1,0.04824935952177626,0.075,1.0,1.0,0.00860612480142867,0.006251941794645973,0.01018210716440808,0.07447368421052632,0.00018894736842105266,0.07894736842105263
2343,-0.7046562499999984,200,0,0,1,0.04822876653862569,0.075,1.0,1.0,0.00315485673265444,0.0065920487166149545,0.01014102448441554,0.07447368421052632,0.00018894736842105266,0.07894736842105263
2344,-2.788250000000002,200,0,0,1,0.048208191126279866,0.075,1.0,1.0,0.0001588882781732193,0.0064182654070900754,0.01013948409713339,0.07447368421052632,0.00018894736842105266,0.07894736842105263
2345,-3.0117187500000013,200,0,0,1,0.04818763326226013,0.075,1.0,1.0,0.0008052666588730793,0.0064587422641925515,0.010039419915992767,0.07447368421052632,0.00018894736842105266,0.07894736842105263
2346,-2.8783124999999976,200,0,0,1,0.04816709292412617,0.075,1.0,1.0,8.81041997700931e-05,0.0002064462723210454,0.003865379841066897,0.07447368421052632,0.00018894736842105266,0.07894736842105263
2347,-0.7266875000000004,200,0,0,1,0.048146570089475926,0.075,1.0,1.0,-0.0002303485395940974,-0.0004911594849545508,0.0035955530770588667,0.07447368421052632,0.00018894736842105266,0.07894736842105263
2348,-2.9283750000000017,200,0,0,1,0.04812606473594549,0.075,1.0,1.0,-0.0009651233329782853,-0.0007586949104443193,0.003598537084646523,0.07447368421052632,0.00018894736842105266,0.07894736842105263
2349,20.68275,121,1,0,1,0.04810557684120902,0.075,1.0,1.0,0.03147984487455715,0.006103259094292298,0.010457193759968505,0.07447368421052632,0.00018894736842105266,0.07894736842105263
2350,-0.6837500000000022,200,0,0,1,0.04808510638297872,0.075,1.0,1.0,0.010870909212971881,0.006166267269058153,0.010358227933989838,0.07447368421052632,0.00018894736842105266,0.07894736842105263
2351,-0.5923437499999995,200,0,0,1,0.04806465333900468,0.07,1.0,1.0,0.0031517176926553004,0.0057446423338260505,0.010195906926179304,0.07447368421052632,0.00018894736842105266,0.07894736842105263
2352,-0.7585000000000015,200,0,0,1,0.04804421768707483,0.065,1.0,1.0,0.00044096067068834964,0.005713641256792471,0.010308276149677113,0.07484210526315789,0.0001896842105263158,0.0736842105263158
2353,-2.797062500000001,200,0,0,1,0.048023799405014875,0.06,1.0,1.0,-9.707511289198252e-05,0.005660756306140683,0.01023614805249963,0.07521052631578948,0.00019042105263157897,0.06842105263157895
2354,-0.8871250000000017,200,0,0,1,0.04800339847068819,0.06,1.0,1.0,-0.00027269701478953035,-0.0008140591960400343,0.003342680748552084,0.07557894736842105,0.0001911578947368421,0.06315789473684211
2355,-0.38015625000000175,200,0,0,1,0.04798301486199576,0.06,1.0,1.0,0.0025496165150216714,-0.00014877260243520142,0.004134462506975979,0.07557894736842105,0.0001911578947368421,0.06315789473684211
2356,20.996875,88,1,0,1,0.04796264855687606,0.06,1.0,1.0,0.031499353741847036,0.005921669662347995,0.010380439327680506,0.07557894736842105,0.0001911578947368421,0.06315789473684211
2357,-3.094031250000001,200,0,0,1,0.04794229953330505,0.06,1.0,1.0,0.01100867413421172,0.006099124426255003,0.01038656979589723,0.07557894736842105,0.0001911578947368421,0.06315789473684211
2358,-0.7447500000000009,200,0,0,1,0.04792196776929601,0.06,1.0,1.0,0.0067973923607218215,0.006842714464990422,0.010760266113327817,0.07557894736842105,0.0001911578947368421,0.06315789473684211
2359,20.27640625,144,1,0,1,0.047901653242899536,0.06,1.0,1.0,0.0033395463216118622,0.006850450232625008,0.010803336349315941,0.07557894736842105,0.0001911578947368421,0.06315789473684211
2360,-2.8375000000000017,200,0,0,1,0.04788135593220339,0.06,1.0,1.0,0.000816518023382135,0.006720123037113808,0.010563777226605453,0.07557894736842105,0.0001911578947368421,0.06315789473684211
2361,20.063656249999998,140,1,0,1,0.047861075815332485,0.06,1.0,1.0,1.8058904049965943e-05,0.0067090757532278075,0.01045145708543714,0.07557894736842105,0.0001911578947368421,0.06315789473684211
2362,20.391875,145,1,0,1,0.04784081287044877,0.055,1.0,1.0,4.7531881100397534e-05,0.00022827295900788158,0.0036495491821551696,0.07557894736842105,0.0001911578947368421,0.06315789473684211
2363,-2.6953750000000003,200,0,0,1,0.047820567075751164,0.055,1.0,1.0,-0.00014581131985727546,0.0002616735763149336,0.003752258153515868,0.07594736842105264,0.00019189473684210528,0.05789473684210526
2364,20.216749999999998,149,1,0,1,0.047800338409475465,0.055,1.0,1.0,-0.0002752717477136518,0.00022732557938434184,0.0038242652982007712,0.07594736842105264,0.00019189473684210528,0.05789473684210526
2365,20.40765625,141,1,0,1,0.04778012684989429,0.055,1.0,1.0,-0.000452024229677359,-0.00040221867989748714,0.003344026575796306,0.07594736842105264,0.00019189473684210528,0.05789473684210526
2366,20.8985,113,1,0,1,0.04775993237531699,0.055,1.0,1.0,-0.0005110096912660391,-0.00046272274304647,0.003478590101120062,0.07594736842105264,0.00019189473684210528,0.05789473684210526
2367,-3.100000000000001,200,0,0,1,0.04773975496408957,0.055,1.0,1.0,-0.0003899613943364126,-0.0003266662375535816,0.0034866323207970707,0.07594736842105264,0.00019189473684210528,0.05789473684210526
2368,-0.5340000000000019,200,0,0,1,0.04771959459459459,0.055,1.0,1.0,-0.0010555263052330576,-0.0006566686538862996,0.0036117214423720726,0.07594736842105264,0.00019189473684210528,0.05789473684210526
2369,-0.8470937500000019,200,0,0,1,0.047699451245251163,0.055,1.0,1.0,3.632254797171161e-05,-0.0006068156476248987,0.00397370176151162,0.07594736842105264,0.00019189473684210528,0.05789473684210526
2370,-2.8199999999999994,200,0,0,1,0.04767932489451477,0.055,1.0,1.0,0.0002279738710171613,-0.0005270889350795187,0.003944501653022598,0.07594736842105264,0.00019189473684210528,0.05789473684210526
2371,-2.7481875000000007,200,0,0,1,0.04765921552087727,0.055,1.0,1.0,-0.0003886220392500712,-0.0005587010651943274,0.0035761625915183685,0.07594736842105264,0.00019189473684210528,0.05789473684210526
2372,20.285249999999998,143,1,0,1,0.047639123102866776,0.055,1.0,1.0,0.03232082649680025,0.006051578006066848,0.010452496238809545,0.07594736842105264,0.00019189473684210528,0.05789473684210526
2373,20.660124999999997,133,1,0,1,0.047619047619047616,0.05,1.0,1.0,0.01600717877066289,0.0059685864954371936,0.010325702767644543,0.07594736842105264,0.00019189473684210528,0.05789473684210526
2374,-0.7383750000000014,200,0,0,1,0.04759898904802022,0.05,1.0,1.0,0.0052989861876247945,0.006143743842374533,0.010087655376177281,0.07631578947368421,0.00019263157894736842,0.052631578947368425
2375,-0.687656250000002,200,0,0,1,0.047578947368421054,0.05,1.0,1.0,0.0013344512178066121,0.0057613490447402,0.009835078951902687,0.07631578947368421,0.00019263157894736842,0.052631578947368425
2376,-2.818500000000001,200,0,0,1,0.04755892255892256,0.05,1.0,1.0,0.0002931144054523221,0.005767032999312505,0.009972623967798426,0.07631578947368421,0.00019263157894736842,0.052631578947368425
2377,21.112156249999998,72,1,1,1,0.047959612957509466,0.055,1.0,1.0,0.0006338898472306672,0.005901495425496251,0.01009547712141648,0.07631578947368421,0.00019263157894736842,0.052631578947368425
2378,-0.8679375000000019,200,0,0,1,0.0479394449116905,0.055,1.0,1.0,-0.00039429455573991134,-0.0007611293285153806,0.0034035708555020393,0.07594736842105264,0.00019189473684210528,0.05789473684210526
2379,-0.7073749999999984,200,0,0,1,0.04791929382093316,0.055,1.0,1.0,-0.00013367635872073926,-0.000694443910731934,0.0037539736967300997,0.07594736842105264,0.00019189473684210528,0.05789473684210526
2380,-0.7175000000000021,200,0,0,1,0.04789915966386555,0.055,1.0,1.0,-0.00045086485418461197,-0.0004955564631382004,0.0037484329590806737,0.07594736842105264,0.00019189473684210528,0.05789473684210526
2381,21.66296875,44,1,1,1,0.04829903401931961,0.06,1.0,1.0,-4.7151798700123254e-05,-0.00031719387567136437,0.003690032104612328,0.07594736842105264,0.00019189473684210528,0.05789473684210526
2382,19.816187499999998,195,1,0,1,0.04827875734676742,0.06,1.0,1.0,0.03126719119279752,0.00640929941739887,0.010378867418505251,0.07557894736842105,0.0001911578947368421,0.06315789473684211
2383,-2.9405312500000007,200,0,0,1,0.04825849769198489,0.06,1.0,1.0,0.011637909639771741,0.0063859004429541524,0.010042024648282678,0.07557894736842105,0.0001911578947368421,0.06315789473684211
2384,-2.9000000000000017,200,0,0,1,0.04823825503355705,0.06,1.0,1.0,0.004587921054371761,0.006608701019082218,0.010207890572492034,0.07557894736842105,0.0001911578947368421,0.06315789473684211
2385,-0.5771875000000009,200,0,0,1,0.04821802935010482,0.06,1.0,1.0,0.0012694607280976265,0.006507036139140837,0.010128912034095265,0.07557894736842105,0.0001911578947368421,0.06315789473684211
2386,21.6313125,36,1,1,1,0.04861693210393965,0.065,1.0,1.0,0.031158424793134028,0.012442263218574227,0.016129021347034724,0.07557894736842105,0.0001911578947368421,0.06315789473684211
2387,21.661625,39,1,1,1,0.04901550062840385,0.07,1.0,1.0,0.058910590774128344,0.01923755990038626,0.02280290891858749,0.07521052631578948,0.00019042105263157897,0.06842105263157895
2388,-3.000749999999999,200,0,0,1,0.048994974874371856,0.07,1.0,1.0,0.02081893817840905,0.018329273780458608,0.02217626215319615,0.07484210526315789,0.0001896842105263158,0.0736842105263158
2389,-2.9606875000000015,200,0,0,1,0.04897446630389284,0.065,1.0,1.0,0.007661135558887085,0.012389954967191443,0.016333254208555446,0.07484210526315789,0.0001896842105263158,0.0736842105263158
2390,-0.8100000000000019,200,0,0,1,0.04895397489539749,0.065,1.0,1.0,0.0025863403706444096,0.012281493037124164,0.016559886225848457,0.07521052631578948,0.00019042105263157897,0.06842105263157895
2391,-0.5480312500000004,200,0,0,1,0.04893350062735257,0.065,1.0,1.0,0.0010335936185977646,0.012392034633667209,0.016626981091103516,0.07521052631578948,0.00019042105263157897,0.06842105263157895
2392,20.200999999999997,139,1,0,1,0.04891304347826087,0.065,1.0,1.0,0.0020019743755248422,0.012954141457565129,0.01705469959229231,0.07521052631578948,0.00019042105263157897,0.06842105263157895
2393,-0.729781250000001,200,0,0,1,0.048892603426661095,0.06,1.0,1.0,-6.434284275225737e-05,0.00012137520022224634,0.004240229373914189,0.07521052631578948,0.00019042105263157897,0.06842105263157895
2394,-2.6994375,200,0,0,1,0.04887218045112782,0.06,1.0,1.0,-0.0006795196372939014,1.5025455038994551e-05,0.004159309906419367,0.07557894736842105,0.0001911578947368421,0.06315789473684211
2395,-0.5495312500000018,200,0,0,1,0.0488517745302714,0.06,1.0,1.0,-0.0012236437646009207,-0.00035509646334685384,0.004004003416979685,0.07557894736842105,0.0001911578947368421,0.06315789473684211
2396,-2.8497500000000007,200,0,0,1,0.048831385642737896,0.06,1.0,1.0,-0.0010389752016309961,-0.00048575327172875404,0.0038123524580150844,0.07557894736842105,0.0001911578947368421,0.06315789473684211
2397,19.36046875,191,1,0,1,0.04881101376720901,0.06,1.0,1.0,0.00257156613659221,-0.00035070495714899154,0.003764535011141561,0.07557894736842105,0.0001911578947368421,0.06315789473684211
2398,19.670312499999998,183,1,0,1,0.048790658882402,0.06,1.0,1.0,0.00019305712694784411,-0.0002798802756005898,0.0037828263832489026,0.07557894736842105,0.0001911578947368421,0.06315789473684211
2399,-0.6698750000000018,200,0,0,1,0.04877032096706961,0.06,1.0,1.0,0.0014095233298340264,0.0002340836509829387,0.004608871074975468,0.07557894736842105,0.0001911578947368421,0.06315789473684211
2400,21.189999999999998,98,1,0,1,0.04875,0.06,1.0,1.0,0.0009611408121733768,0.00043125126464292407,0.004397174685727805,0.07557894736842105,0.0001911578947368421,0.06315789473684211
2401,20.069843750000004,153,1,0,1,0.04872969596001666,0.06,1.0,1.0,5.059381206090809e-05,0.0006081240186467766,0.004408473689109087,0.07557894736842105,0.0001911578947368421,0.06315789473684211
2402,19.8894375,176,1,0,1,0.04870940882597835,0.06,1.0,1.0,-0.0004282756449419023,0.0006397204286186025,0.00451400840759743,0.07557894736842105,0.0001911578947368421,0.06315789473684211
2403,-0.9000000000000014,200,0,0,1,0.04868913857677903,0.055,1.0,1.0,-0.0011626158843188604,-0.0003615713018225506,0.003990138909895904,0.07557894736842105,0.0001911578947368421,0.06315789473684211
2404,-2.650624999999997,200,0,0,1,0.04866888519134775,0.055,1.0,1.0,-0.0012618318424207668,-0.0003136199463624507,0.004103146280394867,0.07594736842105264,0.00019189473684210528,0.05789473684210526
2405,21.53890625,54,1,1,1,0.04906444906444907,0.06,1.0,1.0,0.0018830899849423925,0.000351397909456864,0.004655806502094492,0.07594736842105264,0.00019189473684210528,0.05789473684210526
2406,20.5390625,126,1,0,1,0.049044056525353284,0.06,1.0,1.0,0.0022705058605294085,0.0002797905774787068,0.004538567411713302,0.07557894736842105,0.0001911578947368421,0.06315789473684211
2407,-2.5608749999999967,200,0,0,1,0.049023680930619026,0.055,1.0,1.0,0.0007811253153757773,0.00026801473705563697,0.004680229480727576,0.07557894736842105,0.0001911578947368421,0.06315789473684211
2408,-2.730500000000001,200,0,0,1,0.049003322259136214,0.055,1.0,1.0,-4.960159960996891e-05,0.0002664034758927301,0.004847430223482661,0.07594736842105264,0.00019189473684210528,0.05789473684210526
2409,19.87859375,167,1,0,1,0.048982980489829804,0.055,1.0,1.0,-0.0005268110392949932,0.0004985799952410162,0.004753668582532555,0.07594736842105264,0.00019189473684210528,0.05789473684210526
2410,20.1284375,147,1,0,1,0.04896265560165975,0.05,1.0,1.0,0.0025542631917225018,0.0011811513331485913,0.00539026748680044,0.07594736842105264,0.00019189473684210528,0.05789473684210526
2411,-2.65103125,200,0,0,1,0.048942347573620905,0.05,1.0,1.0,0.0005337694936601362,-4.435155307874084e-06,0.004085487156873569,0.07631578947368421,0.00019263157894736842,0.052631578947368425
2412,19.828875,164,1,0,1,0.04892205638474295,0.05,1.0,1.0,0.001250275681065214,0.000615570506430231,0.004645338035770692,0.07631578947368421,0.00019263157894736842,0.052631578947368425
2413,19.6775625,179,1,0,1,0.048901782014090345,0.05,1.0,1.0,0.030097131146867608,0.006444265638128855,0.010592289948253892,0.07631578947368421,0.00019263157894736842,0.052631578947368425
2414,-2.999999999999999,200,0,0,1,0.04888152444076222,0.05,1.0,1.0,0.010427566303845238,0.0064015542451525105,0.01045759915036615,0.07631578947368421,0.00019263157894736842,0.052631578947368425
2415,-0.8309375000000013,200,0,0,1,0.04886128364389234,0.05,1.0,1.0,0.005155282456007161,0.007006021551904268,0.011175584886106663,0.07631578947368421,0.00019263157894736842,0.052631578947368425
2416,-2.721000000000001,200,0,0,1,0.048841059602649006,0.05,1.0,1.0,0.001507731552447601,0.006418363597826101,0.010432554631843232,0.07631578947368421,0.00019263157894736842,0.052631578947368425
2417,-0.9000000000000007,200,0,0,1,0.048820852296235,0.05,1.0,1.0,-0.0004699952878845224,0.005638756358879619,0.010111194403958508,0.07631578947368421,0.00019263157894736842,0.052631578947368425
2418,-2.8416875000000004,200,0,0,1,0.04880066170388751,0.05,1.0,1.0,-0.0009573127722753084,-0.00042898759862873705,0.0040784788901219145,0.07631578947368421,0.00019263157894736842,0.052631578947368425
2419,-2.9500000000000006,200,0,0,1,0.04878048780487805,0.05,1.0,1.0,-0.0012507368537422127,-0.0005248454840620979,0.004058003579615615,0.07631578947368421,0.00019263157894736842,0.052631578947368425
2420,-0.6231250000000002,200,0,0,1,0.048760330578512395,0.05,1.0,1.0,-0.0011806674389299822,-0.0013036198740592226,0.0037226929081371055,0.07631578947368421,0.00019263157894736842,0.052631578947368425
2421,-0.7119687500000016,200,0,0,1,0.048740190004130525,0.05,1.0,1.0,0.0011954092006389245,-0.000682774337939918,0.0043499263813719154,0.07631578947368421,0.00019263157894736842,0.052631578947368425
2422,21.0845,92,1,0,1,0.04872006606110652,0.05,1.0,1.0,0.0005195212813625372,-0.0005180073387455195,0.004255222516832873,0.07631578947368421,0.00019263157894736842,0.052631578947368425
2423,-0.7814375000000005,200,0,0,1,0.04869995872884853,0.05,1.0,1.0,-0.00044336733956676713,-0.0005065126861445605,0.0040857885698787864,0.07631578947368421,0.00019263157894736842,0.052631578947368425
2424,-2.960750000000001,200,0,0,1,0.04867986798679868,0.05,1.0,1.0,-0.0005787823154695873,-0.00030252146837301554,0.004135660511674359,0.07631578947368421,0.00019263157894736842,0.052631578947368425
2425,21.3021875,85,1,0,1,0.04865979381443299,0.05,1.0,1.0,-0.00015240444786363005,-0.0002252222024835646,0.004104588872287422,0.07631578947368421,0.00019263157894736842,0.052631578947368425
2426,-0.9308125000000006,200,0,0,1,0.048639736191261336,0.05,1.0,1.0,-0.0008045363126532005,-9.952142951078713e-06,0.0038530668263556437,0.07631578947368421,0.00019263157894736842,0.052631578947368425
2427,-3.069156250000001,200,0,0,1,0.048619695096827356,0.05,1.0,1.0,-0.0007246114118767345,-0.0007906583022559061,0.003237557928659953,0.07631578947368421,0.00019263157894736842,0.052631578947368425
2428,-0.7526250000000015,200,0,0,1,0.048599670510708404,0.05,1.0,1.0,0.0020370195077410507,-4.631412250455469e-05,0.0038353912656893955,0.07631578947368421,0.00019263157894736842,0.052631578947368425
2429,-2.908187500000001,200,0,0,1,0.04857966241251544,0.05,1.0,1.0,0.0004065433748100587,7.622587273363025e-05,0.003925481000333093,0.07631578947368421,0.00019263157894736842,0.052631578947368425
2430,-2.7137500000000014,200,0,0,1,0.048559670781893,0.05,1.0,1.0,1.6882058026392612e-05,7.654155313502998e-05,0.00397385810513515,0.07631578947368421,0.00019263157894736842,0.052631578947368425
2431,-0.8009687500000017,200,0,0,1,0.04853969559851913,0.05,1.0,1.0,0.000499397437126584,0.0006869856889825314,0.004746103739598766,0.07631578947368421,0.00019263157894736842,0.052631578947368425
2432,-0.6140000000000012,200,0,0,1,0.04851973684210526,0.05,1.0,1.0,-0.0003022703823968429,0.0007117277467623353,0.004871555151417852,0.07631578947368421,0.00019263157894736842,0.052631578947368425
2433,-3.046906249999998,200,0,0,1,0.04849979449239622,0.05,1.0,1.0,-0.0005687486008444981,-3.36164862383157e-05,0.004152581048430875,0.07631578947368421,0.00019263157894736842,0.052631578947368425
2434,-0.5585000000000013,200,0,0,1,0.04847986852917009,0.05,1.0,1.0,0.0009125310861331949,0.0005215608095750213,0.00473108605761081,0.07631578947368421,0.00019263157894736842,0.052631578947368425
2435,-2.8410937499999984,200,0,0,1,0.048459958932238194,0.045,1.0,1.0,0.0006302813681579162,0.0005439966960111632,0.004915872737183235,0.07631578947368421,0.00019263157894736842,0.052631578947368425
2436,-0.9022500000000017,200,0,0,1,0.048440065681444995,0.045,1.0,1.0,-0.00031096937718297867,-5.4754117736592885e-06,0.004307316726655699,0.07668421052631579,0.00019336842105263159,0.04736842105263158
2437,19.585375,184,1,0,1,0.04842018875666804,0.045,1.0,1.0,8.86935886983152e-05,0.0002687212057644501,0.004119073786190711,0.07668421052631579,0.00019336842105263159,0.04736842105263158
2438,-2.695937499999999,200,0,0,1,0.04840032813781788,0.045,1.0,1.0,-0.000689106809941555,0.00016476232896093279,0.004069703726447187,0.07668421052631579,0.00019336842105263159,0.04736842105263158
2439,-0.6748750000000019,200,0,0,1,0.048380483804838045,0.045,1.0,1.0,0.0001216159845776489,-0.00018205059540923684,0.003545899199671112,0.07668421052631579,0.00019336842105263159,0.04736842105263158
2440,19.9625,160,1,0,1,0.04836065573770492,0.045,1.0,1.0,0.001736056871202781,0.0005181061564944685,0.004173994577024132,0.07668421052631579,0.00019336842105263159,0.04736842105263158
2441,20.89615625,92,1,0,1,0.04834084391642769,0.045,1.0,1.0,0.0036396177072923553,0.0008959388153161853,0.004649034152040258,0.07668421052631579,0.00019336842105263159,0.04736842105263158
2442,20.8560625,83,1,0,1,0.04832104832104832,0.045,1.0,1.0,0.004928729211033273,0.0015263101786840707,0.005221776677994058,0.07668421052631579,0.00019336842105263159,0.04736842105263158
2443,-2.7167187500000005,200,0,0,1,0.048301268931641425,0.045,1.0,1.0,0.0014329209399871067,0.0014266637600958347,0.005122363019734621,0.07668421052631579,0.00019336842105263159,0.04736842105263158
2444,-2.9158750000000007,200,0,0,1,0.04828150572831424,0.04,1.0,1.0,0.0001545989977547903,0.0013984976708889007,0.005382274342700839,0.07668421052631579,0.00019336842105263159,0.04736842105263158
2445,-0.8028125000000017,200,0,0,1,0.048261758691206545,0.04,1.0,1.0,0.002457413123160383,0.001992282104445621,0.00596314439480193,0.07705263157894737,0.00019410526315789475,0.04210526315789474
2446,-3.1556875000000004,200,0,0,1,0.0482420278004906,0.04,1.0,1.0,5.5683797551253476e-05,0.0010854550264775753,0.00521530070528388,0.07705263157894737,0.00019410526315789475,0.04210526315789474
2447,-2.8329375,200,0,0,1,0.04822231303637107,0.04,1.0,1.0,-0.0005646722040629736,-0.0002251505812164396,0.00389684279053472,0.07705263157894737,0.00019410526315789475,0.04210526315789474
2448,19.6225,175,1,0,1,0.04820261437908497,0.04,1.0,1.0,0.029386700923802182,0.005818578170845285,0.009925896122818812,0.07705263157894737,0.00019410526315789475,0.04210526315789474
2449,-0.6245937500000001,200,0,0,1,0.04818293180890159,0.04,1.0,1.0,0.010378808904666524,0.005805684403021587,0.009788784645061242,0.07705263157894737,0.00019410526315789475,0.04210526315789474
2450,19.889062499999998,173,1,0,1,0.04816326530612245,0.04,1.0,1.0,0.003933976106257137,0.005738545555359451,0.009891414948069723,0.07705263157894737,0.00019410526315789475,0.04210526315789474
2451,-0.5395625000000019,200,0,0,1,0.04814361485108119,0.04,1.0,1.0,0.0026218961832094973,0.005755480121792061,0.009869818054168717,0.07705263157894737,0.00019410526315789475,0.04210526315789474
2452,20.3435,127,1,0,1,0.04812398042414356,0.04,1.0,1.0,0.03130571204818117,0.011822799046494765,0.01594499427176197,0.07705263157894737,0.00019410526315789475,0.04210526315789474
2453,-0.4249062500000025,200,0,0,1,0.0481043620057073,0.04,1.0,1.0,0.010854667315717,0.01182388647456537,0.015948619416012663,0.07705263157894737,0.00019410526315789475,0.04210526315789474
2454,-2.918312500000002,200,0,0,1,0.04808475957620212,0.04,1.0,1.0,0.0038555280819410924,0.005974549962673336,0.009943823437672108,0.07705263157894737,0.00019410526315789475,0.04210526315789474
2455,20.23625,146,1,0,1,0.04806517311608961,0.04,1.0,1.0,0.001195951720023599,0.005831243189051747,0.009946809712797404,0.07705263157894737,0.00019410526315789475,0.04210526315789474
2456,-0.7470000000000018,200,0,0,1,0.04804560260586319,0.04,1.0,1.0,0.00011709907095759729,0.005873506923438981,0.009875979535514489,0.07705263157894737,0.00019410526315789475,0.04210526315789474
2457,20.4593125,131,1,0,1,0.04802604802604803,0.04,1.0,1.0,0.02996793407085549,0.011378668954595923,0.01520576468622312,0.07705263157894737,0.00019410526315789475,0.04210526315789474
2458,19.5873125,185,1,0,1,0.04800650935720097,0.04,1.0,1.0,0.011256418468339859,0.005267763067735359,0.008919793925015256,0.07705263157894737,0.00019410526315789475,0.04210526315789474
2459,20.388937499999997,132,1,0,1,0.04798698657991053,0.04,1.0,1.0,0.005399043929824604,0.005290311684599146,0.008941845891764387,0.07705263157894737,0.00019410526315789475,0.04210526315789474
2460,-0.6593750000000014,200,0,0,1,0.04796747967479675,0.04,1.0,1.0,0.002570946092437882,0.00562325504142791,0.009433590099681168,0.07705263157894737,0.00019410526315789475,0.04210526315789474
2461,20.07665625,162,1,0,1,0.04794798862251117,0.04,1.0,1.0,0.03349320552467691,0.012264117919607088,0.016048261328833177,0.07705263157894737,0.00019410526315789475,0.04210526315789474
2462,-0.8377500000000015,200,0,0,1,0.0479285134037368,0.04,1.0,1.0,0.011539515164799187,0.012093236065004022,0.01606213816581294,0.07705263157894737,0.00019410526315789475,0.04210526315789474
2463,-1.0380312500000013,200,0,0,1,0.04790905399918798,0.04,1.0,1.0,0.004625094201437531,0.006578226545359939,0.010729227453935892,0.07705263157894737,0.00019410526315789475,0.04210526315789474
2464,-0.4120000000000016,200,0,0,1,0.04788961038961039,0.04,1.0,1.0,0.001015278998989257,0.006537711429875344,0.01096303182700649,0.07705263157894737,0.00019410526315789475,0.04210526315789474
2465,-0.8040624999999995,200,0,0,1,0.04787018255578093,0.04,1.0,1.0,-0.0006042302900071717,0.005882975664455443,0.01062183853937313,0.07705263157894737,0.00019410526315789475,0.04210526315789474
2466,-0.7441250000000013,200,0,0,1,0.047850770478507706,0.04,1.0,1.0,-0.0006539928826282231,-0.0005501523716375232,0.0040309181371703745,0.07705263157894737,0.00019410526315789475,0.04210526315789474
2467,-0.9500000000000018,200,0,0,1,0.047831374138629916,0.04,1.0,1.0,-0.0016990595730645931,-0.0007355499740224332,0.004125356253935024,0.07705263157894737,0.00019410526315789475,0.04210526315789474
2468,-0.796374999999999,200,0,0,1,0.04781199351701783,0.04,1.0,1.0,-0.0001031966769959501,-0.000677483149105683,0.00412940176599659,0.07705263157894737,0.00019410526315789475,0.04210526315789474
2469,-2.7443125000000013,200,0,0,1,0.0477926285945727,0.04,1.0,1.0,-0.0008040107500291047,-0.0007574357015546411,0.004019454430555925,0.07705263157894737,0.00019410526315789475,0.04210526315789474
2470,-3.04125,200,0,0,1,0.04777327935222672,0.04,1.0,1.0,-0.0011636932648445854,-0.0006683346461504697,0.003909777341410518,0.07705263157894737,0.00019410526315789475,0.04210526315789474
2471,-2.864437499999998,200,0,0,1,0.04775394577094294,0.04,1.0,1.0,-0.0013734231306247067,-0.0008245247800368815,0.0038022026170510797,0.07705263157894737,0.00019410526315789475,0.04210526315789474
2472,-2.9477500000000005,200,0,0,1,0.04773462783171521,0.04,1.0,1.0,-0.0014041244639751119,-0.0006750898051541298,0.003709535202709958,0.07705263157894737,0.00019410526315789475,0.04210526315789474
2473,-0.5582500000000012,200,0,0,1,0.04771532551556813,0.04,1.0,1.0,0.0011661980192768824,-0.0005697959552053362,0.0036873824822250753,0.07705263157894737,0.00019410526315789475,0.04210526315789474
2474,-0.6515624999999995,200,0,0,1,0.047696038803556995,0.04,1.0,1.0,0.0017933181060553439,0.00010161937726661563,0.0042114615389145914,0.07705263157894737,0.00019410526315789475,0.04210526315789474
2475,-0.6064062500000018,200,0,0,1,0.04767676767676768,0.04,1.0,1.0,-0.0005527220692614361,-1.702897623181343e-05,0.0041264236252754926,0.07705263157894737,0.00019410526315789475,0.04210526315789474
2476,-0.6671250000000015,200,0,0,1,0.04765751211631664,0.04,1.0,1.0,0.0014082018804626284,0.0005463174895849079,0.0047264686694834385,0.07705263157894737,0.00019410526315789475,0.04210526315789474
2477,-0.7896250000000011,200,0,0,1,0.04763827210335083,0.04,1.0,1.0,-0.00022389185025592772,0.0005441764872521162,0.004848389020189643,0.07705263157894737,0.00019410526315789475,0.04210526315789474
2478,-0.569500000000001,200,0,0,1,0.047619047619047616,0.04,1.0,1.0,-0.0006295744583692534,-0.00012083110911771655,0.0042659109174273905,0.07705263157894737,0.00019410526315789475,0.04210526315789474
2479,20.17778125,155,1,0,1,0.04759983864461476,0.04,1.0,1.0,0.00221586883233553,-0.00014839704288169742,0.004480549107771367,0.07705263157894737,0.00019410526315789475,0.04210526315789474
2480,21.24,83,1,0,1,0.04758064516129032,0.04,1.0,1.0,0.0316194581055531,0.006037474141456187,0.010441875944845379,0.07705263157894737,0.00019410526315789475,0.04210526315789474
2481,-2.8600000000000003,200,0,0,1,0.0475614671503426,0.035,1.0,1.0,0.010778658313876895,0.0061574449841864404,0.010400332415010781,0.07705263157894737,0.00019410526315789475,0.04210526315789474
2482,-2.875125,200,0,0,1,0.04754230459307011,0.035,1.0,1.0,0.003376493679380858,0.005660656286170706,0.009681586059043184,0.07742105263157895,0.0001948421052631579,0.0368421052631579
2483,-2.877781250000001,200,0,0,1,0.04752315747080145,0.035,1.0,1.0,0.0003261388560850045,0.0055525355152785776,0.009636930866166949,0.07742105263157895,0.0001948421052631579,0.0368421052631579
2484,20.469,137,1,0,1,0.04750402576489533,0.035,1.0,1.0,-0.0006299069091588761,0.005531116648344323,0.009632626465754584,0.07742105263157895,0.0001948421052631579,0.0368421052631579
2485,-0.8826562500000026,200,0,0,1,0.04748490945674044,0.035,1.0,1.0,0.001337488591722238,0.005287019498064182,0.009642029371694661,0.07742105263157895,0.0001948421052631579,0.0368421052631579
2486,-1.094625000000002,200,0,0,1,0.04746580852775543,0.035,1.0,1.0,-0.00025783611009295494,-0.0007317652435740456,0.003659996864735149,0.07742105263157895,0.0001948421052631579,0.0368421052631579
2487,-0.8600000000000002,200,0,0,1,0.04744672295938882,0.035,1.0,1.0,0.0005842389056873301,-6.960068654734641e-05,0.0041959451903821905,0.07742105263157895,0.0001948421052631579,0.0368421052631579
2488,20.79075,110,1,0,1,0.04742765273311897,0.035,1.0,1.0,0.0016398566136068917,0.0004445781043032184,0.004953613850637339,0.07742105263157895,0.0001948421052631579,0.0368421052631579
2489,-0.741125000000001,200,0,0,1,0.047408597830454,0.035,1.0,1.0,-0.00028673747534906975,0.00047872878273483364,0.004778322322410531,0.07742105263157895,0.0001948421052631579,0.0368421052631579
2490,-2.8800000000000003,200,0,0,1,0.04738955823293173,0.035,1.0,1.0,-0.0008798625534841429,0.0006329405072610826,0.00473760669096373,0.07742105263157895,0.0001948421052631579,0.0368421052631579
2491,20.36440625,146,1,0,1,0.04737053392211963,0.035,1.0,1.0,0.0008177027019060135,0.0005971018003765494,0.004647554299095646,0.07742105263157895,0.0001948421052631579,0.0368421052631579
2492,-1.0771250000000014,200,0,0,1,0.04735152487961477,0.03,1.0,1.0,0.0016127642907789613,0.0006300864638760686,0.0044909395868889986,0.07742105263157895,0.0001948421052631579,0.0368421052631579
2493,-3.041281249999999,200,0,0,1,0.047332531087043724,0.025,1.0,1.0,-0.00022378696635308652,-5.261031910777092e-05,0.004002936114091426,0.07778947368421053,0.00019557894736842106,0.031578947368421054
2494,-0.8058750000000018,200,0,0,1,0.04731355252606255,0.025,1.0,1.0,0.0012079585159796014,0.0006072731832973659,0.004575970948673785,0.0781578947368421,0.00019631578947368423,0.026315789473684213
2495,-0.6418750000000011,200,0,0,1,0.047294589178356716,0.025,1.0,1.0,5.8480159419933366e-05,0.0007280208989977837,0.004696131117641926,0.0781578947368421,0.00019631578947368423,0.026315789473684213
2496,21.305999999999997,79,1,0,1,0.047275641025641024,0.025,1.0,1.0,0.03205738914380875,0.007335761094698683,0.011197413088520989,0.0781578947368421,0.00019631578947368423,0.026315789473684213
2497,-0.6190937500000016,200,0,0,1,0.04725670804965959,0.025,1.0,1.0,0.012963322681767992,0.007240694338688627,0.011346984766190872,0.0781578947368421,0.00019631578947368423,0.026315789473684213
2498,19.7046875,168,1,0,1,0.04723779023218575,0.025,1.0,1.0,0.004734485138946116,0.006579977487912401,0.010746726012090221,0.0781578947368421,0.00019631578947368423,0.026315789473684213
2499,20.08525,153,1,0,1,0.04721888755502201,0.025,1.0,1.0,0.03157857745806279,0.012620053914375604,0.016787567486055196,0.0781578947368421,0.00019631578947368423,0.026315789473684213
2500,-0.5650000000000008,200,0,0,1,0.0472,0.025,1.0,1.0,0.013213294424398177,0.012562503500375896,0.016801894530188294,0.0781578947368421,0.00019631578947368423,0.026315789473684213
2501,20.65475,124,1,0,1,0.047181127548980406,0.025,1.0,1.0,0.008932266894461163,0.013167835155967623,0.017347000695299358,0.0781578947368421,0.00019631578947368423,0.026315789473684213
2502,-2.9031875000000014,200,0,0,1,0.04716227018385292,0.025,1.0,1.0,0.002620956581269255,0.006528937838273123,0.010819517581490799,0.0781578947368421,0.00019631578947368423,0.026315789473684213
2503,-2.8799999999999946,200,0,0,1,0.04714342788653616,0.025,1.0,1.0,-7.914373843436902e-05,0.005894316329620779,0.010259629054926335,0.0781578947368421,0.00019631578947368423,0.026315789473684213
2504,-0.9732500000000022,200,0,0,1,0.04712460063897764,0.025,1.0,1.0,0.0006576542669351208,0.006650518997572363,0.010743346813134848,0.0781578947368421,0.00019631578947368423,0.026315789473684213
2505,19.70375,187,1,0,1,0.047105788423153695,0.025,1.0,1.0,-0.0008792032437236807,0.0006029550721868873,0.0046536284713074565,0.0781578947368421,0.00019631578947368423,0.026315789473684213
2506,-0.4398125000000018,200,0,0,1,0.047086991221069435,0.025,1.0,1.0,-0.000981865491364262,-0.0006219435246894136,0.0034623353331116958,0.0781578947368421,0.00019631578947368423,0.026315789473684213
2507,-0.5034062500000016,200,0,0,1,0.04706820901475867,0.025,1.0,1.0,-0.0015667514489209223,-0.000731051274924539,0.0035435007071355357,0.0781578947368421,0.00019631578947368423,0.026315789473684213
2508,-0.9633750000000013,200,0,0,1,0.04704944178628389,0.025,1.0,1.0,-0.0016464015329415828,-0.0007416783979861066,0.003515618325327523,0.0781578947368421,0.00019631578947368423,0.026315789473684213
2509,-0.7934062500000018,200,0,0,1,0.04703068951773615,0.025,1.0,1.0,-0.0017145925015145255,-0.0015133869695710019,0.0030662296403897926,0.0781578947368421,0.00019631578947368423,0.026315789473684213
2510,-2.7900000000000005,200,0,0,1,0.04701195219123506,0.025,1.0,1.0,-0.0014820532798715403,-0.0014415626054396853,0.0032050532839493825,0.0781578947368421,0.00019631578947368423,0.026315789473684213
2511,-0.6142812500000014,200,0,0,1,0.04699322978892871,0.025,1.0,1.0,-0.001322185548441124,-0.0014942493115086108,0.0034341044013854118,0.0781578947368421,0.00019631578947368423,0.026315789473684213
2512,-3.0429999999999993,200,0,0,1,0.046974522292993634,0.025,1.0,1.0,-0.001170185361171853,-0.0013453848059289157,0.0032370536271482705,0.0781578947368421,0.00019631578947368423,0.026315789473684213
2513,-2.8970624999999997,200,0,0,1,0.0469558296856347,0.025,1.0,1.0,-0.0009705388196222483,-0.0011913534270133824,0.0031883938976097854,0.0781578947368421,0.00019631578947368423,0.026315789473684213
2514,-0.7500000000000019,200,0,0,1,0.046937151949085126,0.025,1.0,1.0,-0.0010508136372017808,-0.0010711608619894833,0.00314712828095071,0.0781578947368421,0.00019631578947368423,0.026315789473684213
2515,21.7340625,54,1,1,1,0.04731610337972167,0.03,1.0,1.0,-0.0009258704873340145,-0.001051096151350066,0.003134016057243571,0.0781578947368421,0.00019631578947368423,0.026315789473684213
2516,-3.016375000000001,200,0,0,1,0.0472972972972973,0.03,1.0,1.0,-0.0012608304353419577,-0.001071032323408872,0.002997898131608963,0.07778947368421053,0.00019557894736842106,0.031578947368421054
2517,-3.06903125,200,0,0,1,0.047278506158124754,0.03,1.0,1.0,-0.0010382160131127607,-0.0009954129054676741,0.002861607402795926,0.07778947368421053,0.00019557894736842106,0.031578947368421054
2518,21.5215625,48,1,1,1,0.04765687053216839,0.035,1.0,1.0,0.0021077030330292935,-0.00034472677577286956,0.0034955828250385823,0.07778947368421053,0.00019557894736842106,0.031578947368421054
2519,-2.6511562500000005,200,0,0,1,0.04763795156808257,0.035,1.0,1.0,-0.00027179985941333323,-0.0004908248889259994,0.0036563838459551332,0.07742105263157895,0.0001948421052631579,0.0368421052631579
2520,-2.767500000000002,200,0,0,1,0.047619047619047616,0.035,1.0,1.0,-0.0007859617094552328,-0.0005257464749738574,0.0036824214342050256,0.07742105263157895,0.0001948421052631579,0.0368421052631579
2521,-0.7937812500000011,200,0,0,1,0.04760015866719556,0.035,1.0,1.0,-0.0009348816042987654,-0.0005198789720889181,0.003657028751214966,0.07742105263157895,0.0001948421052631579,0.0368421052631579
2522,-2.826187500000002,200,0,0,1,0.047581284694686754,0.035,1.0,1.0,-0.0012012261492954947,-0.00048660756647586823,0.003802757538855076,0.07742105263157895,0.0001948421052631579,0.0368421052631579
2523,-2.93615625,200,0,0,1,0.04756242568370987,0.035,1.0,1.0,-0.0014857391411206683,-0.001266028831480071,0.0033154467183630913,0.07742105263157895,0.0001948421052631579,0.0368421052631579
2524,-0.6993750000000016,200,0,0,1,0.04754358161648178,0.035,1.0,1.0,0.001011447903501354,-0.0005306842941790819,0.003628408893942833,0.07742105263157895,0.0001948421052631579,0.0368421052631579
2525,19.9765625,156,1,0,1,0.047524752475247525,0.035,1.0,1.0,-0.0003542961662962752,-0.0006433319114148617,0.0037176520824432372,0.07742105263157895,0.0001948421052631579,0.0368421052631579
2526,-0.569687499999998,200,0,0,1,0.047505938242280284,0.035,1.0,1.0,0.0011064794430569146,-0.00019399439261178487,0.004384430916019482,0.07742105263157895,0.0001948421052631579,0.0368421052631579
2527,20.34015625,143,1,0,1,0.04748713889988128,0.035,1.0,1.0,0.00037100087440183953,-9.045797187718563e-05,0.00423607554633054,0.07742105263157895,0.0001948421052631579,0.0368421052631579
2528,20.24,146,1,0,1,0.04746835443037975,0.035,1.0,1.0,0.00270279488203819,0.000809986613719957,0.00467491906878422,0.07742105263157895,0.0001948421052631579,0.0368421052631579
2529,20.487750000000002,129,1,0,1,0.04744958481613286,0.035,1.0,1.0,0.0029357883560010684,0.0015301545756228733,0.005123261052154703,0.07742105263157895,0.0001948421052631579,0.0368421052631579
2530,-0.7621875000000022,200,0,0,1,0.04743083003952569,0.035,1.0,1.0,0.0007168176880914967,0.0010122373835474718,0.004628579232346965,0.07742105263157895,0.0001948421052631579,0.0368421052631579
2531,-2.9800000000000004,200,0,0,1,0.047412090082971155,0.035,1.0,1.0,-0.0012040395073045556,0.0008610665535088628,0.004739188775653019,0.07742105263157895,0.0001948421052631579,0.0368421052631579
2532,-2.7423749999999956,200,0,0,1,0.04739336492890995,0.035,1.0,1.0,-0.0007630001852872896,0.00046314333262853323,0.004171875597210601,0.07742105263157895,0.0001948421052631579,0.0368421052631579
2533,21.4350625,58,1,1,1,0.04776944334780892,0.04,1.0,1.0,-0.0007454745454687033,0.0004348170468583703,0.004186161136720329,0.07742105263157895,0.0001948421052631579,0.0368421052631579
2534,-0.7309375000000002,200,0,0,1,0.04775059194948698,0.04,1.0,1.0,-0.0009549634481186599,-0.00035937010846100745,0.003760924871312454,0.07705263157894737,0.00019410526315789475,0.04210526315789474
2535,20.5546875,123,1,0,1,0.04773175542406312,0.04,1.0,1.0,-0.0008076478238935287,-0.0009420836218632757,0.003302548117469996,0.07705263157894737,0.00019410526315789475,0.04210526315789474
2536,-0.511250000000002,200,0,0,1,0.04771293375394322,0.04,1.0,1.0,-0.0009681276054546246,-0.0010976575904060155,0.00336428813287057,0.07705263157894737,0.00019410526315789475,0.04210526315789474
2537,21.34146875,75,1,1,1,0.04808829325975562,0.045,1.0,1.0,0.0013698275896609079,-0.00041920753906015307,0.003991889247554354,0.07705263157894737,0.00019410526315789475,0.04210526315789474
2538,-3.0043125,200,0,0,1,0.04806934594168637,0.045,1.0,1.0,-3.4701867908820806e-05,-0.0002670602457365021,0.003893259796896018,0.07668421052631579,0.00019336842105263159,0.04736842105263158
2539,-0.611718750000002,200,0,0,1,0.048050413548641195,0.045,1.0,1.0,-0.0010636118621503612,-0.0004163415435468778,0.003953098581288941,0.07668421052631579,0.00019336842105263159,0.04736842105263158
2540,-2.9268749999999994,200,0,0,1,0.048031496062992125,0.045,1.0,1.0,-0.0008893284792684468,-0.0003535464651649818,0.003831006906111725,0.07668421052631579,0.00019336842105263159,0.04736842105263158
2541,-0.7232187500000017,200,0,0,1,0.048012593467138924,0.045,1.0,1.0,-0.0002244176070623062,-0.00017690796416718513,0.0038297241166001185,0.07668421052631579,0.00019336842105263159,0.04736842105263158
2542,19.553375,182,1,0,1,0.04799370574350905,0.045,1.0,1.0,-0.0009515231060311544,-0.0009138321429491043,0.0032723318515345454,0.07668421052631579,0.00019336842105263159,0.04736842105263158
2543,-2.904468749999999,200,0,0,1,0.04797483287455761,0.045,1.0,1.0,-0.00027279236323870246,-0.0006964159407652914,0.0031818586955778302,0.07668421052631579,0.00019336842105263159,0.04736842105263158
2544,-2.854500000000001,200,0,0,1,0.0479559748427673,0.045,1.0,1.0,-0.0011023573091597319,-0.0007834916212596,0.0031971819517202676,0.07668421052631579,0.00019336842105263159,0.04736842105263158
2545,19.6228125,192,1,0,1,0.04793713163064833,0.045,1.0,1.0,-0.0008776552941399776,-0.0007267472132807597,0.0031794250739039854,0.07668421052631579,0.00019336842105263159,0.04736842105263158
2546,-2.9699999999999984,200,0,0,1,0.047918303220738416,0.045,1.0,1.0,-0.0012529551065498998,-0.0009146509413840249,0.003110303339431994,0.07668421052631579,0.00019336842105263159,0.04736842105263158
2547,-3.1616250000000004,200,0,0,1,0.04789948959560267,0.045,1.0,1.0,-0.0012313473595239035,-0.0009376197775127366,0.0030124054475454613,0.07668421052631579,0.00019336842105263159,0.04736842105263158
2548,-2.669249999999999,200,0,0,1,0.047880690737833596,0.045,1.0,1.0,-0.001308064039754464,-0.0011825287413084879,0.0031329725919058546,0.07668421052631579,0.00019336842105263159,0.04736842105263158
2549,-2.6800000000000006,200,0,0,1,0.047861906630051,0.045,1.0,1.0,-0.0013098307983338724,-0.0012013409753562883,0.003087702900986187,0.07668421052631579,0.00019336842105263159,0.04736842105263158
2550,-2.6981250000000014,200,0,0,1,0.04784313725490196,0.045,1.0,1.0,-0.000737631227585159,-0.0011140975099988282,0.0031073410040698946,0.07668421052631579,0.00019336842105263159,0.04736842105263158
2551,19.706968749999998,179,1,0,1,0.04782438259506076,0.045,1.0,1.0,-0.000858195313060913,-0.001059070276329294,0.0031448124761227518,0.07668421052631579,0.00019336842105263159,0.04736842105263158
2552,21.102999999999998,101,1,0,1,0.04780564263322884,0.045,1.0,1.0,-0.0005271220667142269,-0.000989346686284989,0.003203773903194815,0.07668421052631579,0.00019336842105263159,0.04736842105263158
2553,-2.754781250000001,200,0,0,1,0.04778691735213474,0.045,1.0,1.0,-0.00020437304803260913,-0.0007632626562844962,0.0032701351528521628,0.07668421052631579,0.00019336842105263159,0.04736842105263158
2554,-0.8044375000000016,200,0,0,1,0.047768206734534066,0.045,1.0,1.0,0.0024321254572975373,6.988510675728322e-05,0.00374830630607903,0.07668421052631579,0.00019336842105263159,0.04736842105263158
2555,-2.6593750000000007,200,0,0,1,0.047749510763209393,0.045,1.0,1.0,0.0008384817105906964,0.00017551294644363224,0.003850866338936612,0.07668421052631579,0.00019336842105263159,0.04736842105263158
2556,19.935624999999998,160,1,0,1,0.04773082942097027,0.045,1.0,1.0,-9.451473352556665e-05,0.00016422909311950207,0.0037244638167321683,0.07668421052631579,0.00019336842105263159,0.04736842105263158
2557,-0.7849062500000014,200,0,0,1,0.04771216269065311,0.045,1.0,1.0,-0.000753263074456146,0.000141182434046641,0.003700742363696918,0.07668421052631579,0.00019336842105263159,0.04736842105263158
2558,-2.9649375000000004,200,0,0,1,0.04769351055512119,0.045,1.0,1.0,-0.0010690329567042104,7.619007513858378e-05,0.003726498065283522,0.07668421052631579,0.00019336842105263159,0.04736842105263158
2559,-2.850000000000001,200,0,0,1,0.047674872997264556,0.045,1.0,1.0,-0.0012028286122985645,-0.00023501113266684114,0.003758491516346112,0.07668421052631579,0.00019336842105263159,0.04736842105263158
2560,-2.775,200,0,0,1,0.04765625,0.045,1.0,1.0,-0.0009383193763973748,-0.0010161017612554132,0.0031253077606670557,0.07668421052631579,0.00019336842105263159,0.04736842105263158
2561,-2.8449687500000014,200,0,0,1,0.04763764154627099,0.045,1.0,1.0,-0.0009331095357027361,-0.0010704978462308646,0.003188037686049938,0.07668421052631579,0.00019336842105263159,0.04736842105263158
2562,-0.5054375000000013,200,0,0,1,0.047619047619047616,0.045,1.0,1.0,-0.0008857011689263411,-0.0010377831779915141,0.003189187325027888,0.07668421052631579,0.00019336842105263159,0.04736842105263158
2563,19.549625,178,1,0,1,0.04760046820132657,0.045,1.0,1.0,-0.0009155435314658001,-0.0009136728411103832,0.0030678150569583523,0.07668421052631579,0.00019336842105263159,0.04736842105263158
2564,19.7195,165,1,0,1,0.04758190327613104,0.045,1.0,1.0,-0.0008530409832227973,-0.0008486398921377259,0.002961734472963144,0.07668421052631579,0.00019336842105263159,0.04736842105263158
2565,20.17359375,154,1,0,1,0.047563352826510724,0.045,1.0,1.0,-0.0009633066375867179,-0.0008233653073693859,0.002871823291716282,0.07668421052631579,0.00019336842105263159,0.04736842105263158
2566,20.6036875,122,1,0,1,0.0475448168355417,0.045,1.0,1.0,-0.0008109038821429525,-0.0008837603202118771,0.0029279753432638247,0.07668421052631579,0.00019336842105263159,0.04736842105263158
2567,-0.59653125,200,0,0,1,0.04752629528632645,0.045,1.0,1.0,-0.0004097534166941025,-0.0008304274833790259,0.0029220018947526114,0.07668421052631579,0.00019336842105263159,0.04736842105263158
2568,20.05325,163,1,0,1,0.04750778816199377,0.045,1.0,1.0,0.0015760582870017433,-0.00014317848505743315,0.0035461534454516368,0.07668421052631579,0.00019336842105263159,0.04736842105263158
2569,-0.9452812500000001,200,0,0,1,0.047489295445698715,0.045,1.0,1.0,0.0022103851290899393,0.0002652690235991031,0.004189970354782417,0.07668421052631579,0.00019336842105263159,0.04736842105263158
2570,-2.620625,200,0,0,1,0.047470817120622566,0.045,1.0,1.0,0.000410785243411078,0.00032060706499032675,0.004165687035536394,0.07668421052631579,0.00019336842105263159,0.04736842105263158
2571,-0.7060312500000018,200,0,0,1,0.047452353169972775,0.045,1.0,1.0,-0.00047631523775007586,0.00034696277580223975,0.004227943122154102,0.07668421052631579,0.00019336842105263159,0.04736842105263158
2572,-0.8807500000000017,200,0,0,1,0.04743390357698289,0.045,1.0,1.0,-0.0011349559310668271,0.00019459727429784834,0.004555510345147923,0.07668421052631579,0.00019336842105263159,0.04736842105263158
2573,-2.8654062500000017,200,0,0,1,0.04741546832491255,0.045,1.0,1.0,-0.0002057029990861584,-0.00032584218855481593,0.0037959148165537045,0.07668421052631579,0.00019336842105263159,0.04736842105263158
2574,21.8710625,42,1,1,1,0.047785547785547784,0.05,1.0,1.0,0.002867151994567592,0.0003396304992493242,0.004437309179222211,0.07668421052631579,0.00019336842105263159,0.04736842105263158
2575,-0.3937500000000014,200,0,0,1,0.047766990291262135,0.05,1.0,1.0,0.002799132601517351,0.0005118513079360128,0.004300987152848393,0.07631578947368421,0.00019263157894736842,0.052631578947368425
2576,20.711499999999997,111,1,0,1,0.047748447204968944,0.05,1.0,1.0,0.0021182443463165783,0.0007374035910470411,0.004584693471551873,0.07631578947368421,0.00019263157894736842,0.052631578947368425
2577,-0.9510625000000009,200,0,0,1,0.047729918509895226,0.045,1.0,1.0,0.0030947001296270102,0.0013690214345697313,0.005120432296069339,0.07631578947368421,0.00019263157894736842,0.052631578947368425
2578,-2.804437500000001,200,0,0,1,0.047711404189294024,0.045,1.0,1.0,0.0004962654367152199,0.0015276315736118705,0.0050842085715848955,0.07668421052631579,0.00019336842105263159,0.04736842105263158
2579,-3.0100000000000007,200,0,0,1,0.04769290422644436,0.045,1.0,1.0,-0.00026722469477212356,0.001515165845165029,0.005232191751012578,0.07668421052631579,0.00019336842105263159,0.04736842105263158
2580,-2.6568750000000008,200,0,0,1,0.047674418604651166,0.045,1.0,1.0,-0.0003695059089967216,0.0007218841963913292,0.004545656999805942,0.07668421052631579,0.00019336842105263159,0.04736842105263158
2581,-2.8600000000000008,200,0,0,1,0.047655947307245254,0.04,1.0,1.0,0.00014688004337372676,7.185504504013806e-05,0.003992569920490496,0.07668421052631579,0.00019336842105263159,0.04736842105263158
2582,-0.6027500000000018,200,0,0,1,0.04763749031758327,0.04,1.0,1.0,7.547334826873912e-05,-0.0004442837741225958,0.0033303105840459465,0.07705263157894737,0.00019410526315789475,0.04210526315789474
2583,19.84140625,159,1,0,1,0.047619047619047616,0.04,1.0,1.0,-0.0007256353119451264,-0.000616185522871092,0.0031580691880080847,0.07705263157894737,0.00019410526315789475,0.04210526315789474
2584,-2.761500000000001,200,0,0,1,0.04760061919504644,0.04,1.0,1.0,-9.339989491942115e-05,-0.00033871505735442043,0.003130354367662221,0.07705263157894737,0.00019410526315789475,0.04210526315789474
2585,-0.8657812500000015,200,0,0,1,0.04758220502901354,0.04,1.0,1.0,-0.0008885149745011661,-0.0004834606980439276,0.003238270330009982,0.07705263157894737,0.00019410526315789475,0.04210526315789474
2586,-2.9683750000000004,200,0,0,1,0.04756380510440835,0.035,1.0,1.0,-0.00026885052284044954,-0.0005293966575991362,0.003278950378065929,0.07705263157894737,0.00019410526315789475,0.04210526315789474
2587,-3.062468750000002,200,0,0,1,0.047545419404715884,0.03,1.0,1.0,-0.0011045222348527593,-0.0008357400514651089,0.003121067190775648,0.07742105263157895,0.0001948421052631579,0.0368421052631579
2588,-2.8300000000000005,200,0,0,1,0.047527047913446675,0.03,1.0,1.0,-0.001039238212807862,-0.0007939207346644253,0.0032315047623123973,0.07778947368421053,0.00019557894736842106,0.031578947368421054
2589,-0.6736250000000017,200,0,0,1,0.047508690614136734,0.03,1.0,1.0,0.0016431005845226648,-0.0004341234832536429,0.003935724780661985,0.07778947368421053,0.00019557894736842106,0.031578947368421054
2590,20.150625,159,1,0,1,0.04749034749034749,0.03,1.0,1.0,0.000604595931525379,-0.0002858051508665085,0.003870360027998686,0.07778947368421053,0.00019557894736842106,0.031578947368421054
2591,-2.8119375000000004,200,0,0,1,0.047472018525665766,0.03,1.0,1.0,-0.00037971237163054425,-0.0003250126277562231,0.003845527030294761,0.07778947368421053,0.00019557894736842106,0.031578947368421054
2592,-0.8300000000000013,200,0,0,1,0.047453703703703706,0.03,1.0,1.0,-5.989423299891563e-05,-0.00020691323117353022,0.003972736448282376,0.07778947368421053,0.00019557894736842106,0.031578947368421054
2593,-2.7460312499999966,200,0,0,1,0.047435403008098724,0.03,1.0,1.0,0.00014658281309230572,6.604571407660841e-05,0.004030635605100542,0.07778947368421053,0.00019557894736842106,0.031578947368421054
2594,-2.792125,200,0,0,1,0.04741711642251349,0.03,1.0,1.0,-0.00019687652256780854,0.00027466527139768005,0.004049201827961951,0.07778947368421053,0.00019557894736842106,0.031578947368421054
2595,-2.8578125,200,0,0,1,0.047398843930635835,0.03,1.0,1.0,-0.00042779272730828475,-0.00038277892069891095,0.0034648654167540372,0.07778947368421053,0.00019557894736842106,0.031578947368421054
2596,-2.6767499999999966,200,0,0,1,0.047380585516178735,0.03,1.0,1.0,-0.00100532047104653,-0.0004359727369155735,0.0034637768191751093,0.07778947368421053,0.00019557894736842106,0.031578947368421054
2597,-3.0661562500000015,200,0,0,1,0.047362341162880246,0.03,1.0,1.0,-0.0004064112652245257,-0.0004890308284666389,0.0034008523335214706,0.07778947368421053,0.00019557894736842106,0.031578947368421054
2598,-2.832375000000001,200,0,0,1,0.04734411085450346,0.03,1.0,1.0,-0.00039581533456914766,-0.0006358919551130384,0.0031962978502269833,0.07778947368421053,0.00019557894736842106,0.031578947368421054
2599,-2.722437499999998,200,0,0,1,0.04732589457483648,0.03,1.0,1.0,0.00014700029856169983,-0.0004910908027086407,0.0033682119941804557,0.07778947368421053,0.00019557894736842106,0.031578947368421054
2600,-2.635000000000002,200,0,0,1,0.04730769230769231,0.03,1.0,1.0,-0.0003141574083791378,-0.00048706314840819685,0.003558453473611735,0.07778947368421053,0.00019557894736842106,0.031578947368421054
2601,-0.7251250000000008,200,0,0,1,0.04728950403690888,0.03,1.0,1.0,-9.651471693144506e-05,-0.0002750553875230253,0.0037036740058101715,0.07778947368421053,0.00019557894736842106,0.031578947368421054
2602,-0.6215625000000016,200,0,0,1,0.04727132974634896,0.03,1.0,1.0,-0.0004212349232118195,-0.0003381027460563928,0.00355199127481319,0.07778947368421053,0.00019557894736842106,0.031578947368421054
2603,-2.8936562500000003,200,0,0,1,0.04725316941990011,0.03,1.0,1.0,-0.0005688326392539033,-0.0004195469565456733,0.0037774155786028133,0.07778947368421053,0.00019557894736842106,0.031578947368421054
2604,-2.8363750000000003,200,0,0,1,0.04723502304147465,0.03,1.0,1.0,-0.0012840340902573629,-0.0007538727426435798,0.003593200611649081,0.07778947368421053,0.00019557894736842106,0.031578947368421054
2605,-2.973593750000001,200,0,0,1,0.047216890595009595,0.025,1.0,1.0,-0.0010926765458458868,-0.0008009628530126065,0.0035105166386347262,0.07778947368421053,0.00019557894736842106,0.031578947368421054
2606,-2.9164375000000007,200,0,0,1,0.04719877206446661,0.025,1.0,1.0,-0.0010072075569076118,-0.0009028510626521893,0.003552686876442749,0.0781578947368421,0.00019631578947368423,0.026315789473684213
2607,20.26471875,153,1,0,1,0.047180667433831994,0.025,1.0,1.0,-0.0010145582516179975,-0.0010258346077171153,0.003607676054176409,0.0781578947368421,0.00019631578947368423,0.026315789473684213
2608,-0.812500000000002,200,0,0,1,0.04716257668711656,0.025,1.0,1.0,-0.0003540655534502611,-0.0008102357938769274,0.003741607083182316,0.0781578947368421,0.00019631578947368423,0.026315789473684213
2609,-2.726531249999998,200,0,0,1,0.047144499808355694,0.025,1.0,1.0,0.00046630830590416476,-0.0005185227518086322,0.0037279348860611208,0.0781578947368421,0.00019631578947368423,0.026315789473684213
2610,-2.5728125000000013,200,0,0,1,0.047126436781609195,0.025,1.0,1.0,0.00039699077006059174,-0.00023360724205849693,0.0036365937555092385,0.0781578947368421,0.00019631578947368423,0.026315789473684213
2611,-0.886593750000002,200,0,0,1,0.047108387590961316,0.025,1.0,1.0,0.0009316023939083336,0.0002856438496382907,0.00400891437928658,0.0781578947368421,0.00019631578947368423,0.026315789473684213
2612,-0.6697500000000006,200,0,0,1,0.04709035222052067,0.025,1.0,1.0,0.001115171900787888,0.0008359631897183135,0.004586022425326518,0.0781578947368421,0.00019631578947368423,0.026315789473684213
2613,-2.9666875000000004,200,0,0,1,0.04707233065442021,0.025,1.0,1.0,3.720871704155522e-05,0.0008409231203841045,0.004403171880054287,0.0781578947368421,0.00019631578947368423,0.026315789473684213
2614,-0.7533750000000006,200,0,0,1,0.047054322876817135,0.025,1.0,1.0,-0.0003963528389591326,0.0005909888768801466,0.004564642822719179,0.0781578947368421,0.00019631578947368423,0.026315789473684213
2615,-2.966718750000001,200,0,0,1,0.04703632887189293,0.025,1.0,1.0,-0.000991832704502576,0.0003115915742237121,0.0044395097678061575,0.0781578947368421,0.00019631578947368423,0.026315789473684213
2616,-2.8732500000000005,200,0,0,1,0.047018348623853214,0.025,1.0,1.0,-0.0010103194804263397,-0.0002896256297826767,0.003758486340753734,0.0781578947368421,0.00019631578947368423,0.026315789473684213
2617,-2.8399999999999994,200,0,0,1,0.04700038211692778,0.025,1.0,1.0,-0.0007371713196817721,-0.0007385835183085874,0.003101394374971278,0.0781578947368421,0.00019631578947368423,0.026315789473684213
2618,-2.7968125000000006,200,0,0,1,0.046982429335370515,0.025,1.0,1.0,-0.00010333928372725928,-0.0006509214935358613,0.0032165512170176953,0.0781578947368421,0.00019631578947368423,0.026315789473684213
2619,-0.6336875000000016,200,0,0,1,0.046964490263459335,0.025,1.0,1.0,5.383118298582439e-05,-0.0005634001252474263,0.0031229168336139993,0.0781578947368421,0.00019631578947368423,0.026315789473684213
2620,-0.9500000000000014,200,0,0,1,0.046946564885496186,0.025,1.0,1.0,-0.0005952283080766811,-0.0004807964072097093,0.0030568799248430877,0.0781578947368421,0.00019631578947368423,0.026315789473684213
2621,-2.78453125,200,0,0,1,0.04692865318580695,0.025,1.0,1.0,-0.0005621103497271995,-0.00038521903177024796,0.00342448713054182,0.0781578947368421,0.00019631578947368423,0.026315789473684213
2622,-0.8208125000000017,200,0,0,1,0.04691075514874142,0.025,1.0,1.0,-0.0009870081188745796,-0.00046658478636527436,0.003627688889915589,0.0781578947368421,0.00019631578947368423,0.026315789473684213
2623,-0.6148437500000011,200,0,0,1,0.04689287075867327,0.025,1.0,1.0,-0.0007744083580068112,-0.0005999807081534527,0.003580216248461511,0.0781578947368421,0.00019631578947368423,0.026315789473684213
2624,-0.8740000000000018,200,0,0,1,0.046875,0.025,1.0,1.0,-0.0006696129637775829,-0.0006971114231273532,0.0033410464245826007,0.0781578947368421,0.00019631578947368423,0.026315789473684213
2625,19.701874999999998,175,1,0,1,0.046857142857142854,0.025,1.0,1.0,0.0021461615585163176,8.963828909327276e-05,0.004202515747369034,0.0781578947368421,0.00019631578947368423,0.026315789473684213
2626,-0.8229375000000015,200,0,0,1,0.04683929931454684,0.025,1.0,1.0,0.0008110262015037624,0.00014227110458887182,0.004674084721744293,0.0781578947368421,0.00019631578947368423,0.026315789473684213
2627,-2.714187500000001,200,0,0,1,0.04682146935668063,0.025,1.0,1.0,0.00010053968957095354,0.00016691026868647895,0.004721378927730256,0.0781578947368421,0.00019631578947368423,0.026315789473684213
2628,20.78575,89,1,0,1,0.04680365296803653,0.025,1.0,1.0,0.03034467047713856,0.00628058733601938,0.010808082374773221,0.0781578947368421,0.00019631578947368423,0.026315789473684213
2629,-2.7771562500000004,200,0,0,1,0.04678585013313047,0.025,1.0,1.0,0.010714618433459343,0.006331900065561058,0.010819321381131886,0.0781578947368421,0.00019631578947368423,0.026315789473684213
2630,20.656875,110,1,0,1,0.0467680608365019,0.025,1.0,1.0,0.007922892450680261,0.006877101049438352,0.01156200704103685,0.0781578947368421,0.00019631578947368423,0.026315789473684213
2631,-0.8572187500000019,200,0,0,1,0.046750285062713795,0.025,1.0,1.0,0.0021771233226526954,0.00604948249401059,0.010720082763233222,0.0781578947368421,0.00019631578947368423,0.026315789473684213
2632,-0.8545000000000011,200,0,0,1,0.04673252279635259,0.025,1.0,1.0,0.00042633202316881173,0.006180242770118639,0.01017876706761308,0.0781578947368421,0.00019631578947368423,0.026315789473684213
2633,-0.7372812500000012,200,0,0,1,0.0467147740220281,0.025,1.0,1.0,0.0014807583557418214,0.0065900620247703046,0.010604294047923759,0.0781578947368421,0.00019631578947368423,0.026315789473684213
2634,-0.6565625000000015,200,0,0,1,0.04669703872437358,0.025,1.0,1.0,-3.890852479739829e-05,0.0004335142779164016,0.004542456291150302,0.0781578947368421,0.00019631578947368423,0.026315789473684213
2635,-2.5540625000000006,200,0,0,1,0.04667931688804554,0.025,1.0,1.0,0.0002607031601927092,6.018528004642576e-05,0.0038417186407605185,0.0781578947368421,0.00019631578947368423,0.026315789473684213
2636,-0.546875000000001,200,0,0,1,0.04666160849772382,0.025,1.0,1.0,0.0003512572103017449,0.0002740013240836561,0.0041047570868395266,0.0781578947368421,0.00019631578947368423,0.026315789473684213
2637,-0.7122187500000019,200,0,0,1,0.04664391353811149,0.025,1.0,1.0,9.331635702623315e-05,0.00027724516543094067,0.0043366741113131865,0.0781578947368421,0.00019631578947368423,0.026315789473684213
2638,-0.4643750000000004,200,0,0,1,0.0466262319939348,0.025,1.0,1.0,-0.0007090548818434805,-0.0004626544495113194,0.003668163668829948,0.0781578947368421,0.00019631578947368423,0.026315789473684213
2639,-0.6624062500000015,200,0,0,1,0.04660856384994316,0.025,1.0,1.0,0.0027804837585883556,0.00040337045525666327,0.004410772010334767,0.0781578947368421,0.00019631578947368423,0.026315789473684213
2640,21.585,30,1,1,1,0.04696969696969697,0.03,1.0,1.0,0.03585214063759045,0.007097616165294312,0.01102188538259361,0.0781578947368421,0.00019631578947368423,0.026315789473684213
2641,-0.7850625000000002,200,0,0,1,0.046951912154486936,0.03,1.0,1.0,0.012938594420769148,0.007046995323267765,0.01088546016102191,0.07778947368421053,0.00019557894736842106,0.031578947368421054
2642,19.5970625,189,1,0,1,0.046934140802422405,0.03,1.0,1.0,0.004275717972352352,0.006844661593087949,0.010757962212781422,0.07778947368421053,0.00019557894736842106,0.031578947368421054
2643,19.71925,184,1,0,1,0.04691638289822172,0.03,1.0,1.0,0.0007770163525338688,0.0066630770575720815,0.0104494469857309,0.07778947368421053,0.00019557894736842106,0.031578947368421054
2644,-2.9247499999999995,200,0,0,1,0.046898638426626324,0.03,1.0,1.0,0.0005783539248009864,0.0069099114515120165,0.010368436096119694,0.07778947368421053,0.00019557894736842106,0.031578947368421054
2645,-0.9353125000000018,200,0,0,1,0.046880907372400756,0.03,1.0,1.0,0.0010001443198053,0.006594747029012069,0.010361590893706307,0.07778947368421053,0.00019557894736842106,0.031578947368421054
2646,-2.97,200,0,0,1,0.04686318972033258,0.03,1.0,1.0,8.419112919386361e-05,-0.00016822359710931778,0.0036144468374550345,0.07778947368421053,0.00019557894736842106,0.031578947368421054
2647,-0.5117500000000013,200,0,0,1,0.04684548545523234,0.03,1.0,1.0,0.00190605986270567,0.000437028742628172,0.004270295861875638,0.07778947368421053,0.00019557894736842106,0.031578947368421054
2648,21.085749999999997,81,1,0,1,0.04682779456193353,0.03,1.0,1.0,0.0033574771458463,0.0010070258128107524,0.004917385231761728,0.07778947368421053,0.00019557894736842106,0.031578947368421054
2649,-2.9344375000000014,200,0,0,1,0.046810117025292565,0.03,1.0,1.0,0.0001647499001372903,0.000957355763122905,0.004911087519314606,0.07778947368421053,0.00019557894736842106,0.031578947368421054
2650,-2.9300000000000006,200,0,0,1,0.04679245283018868,0.03,1.0,1.0,-0.0006572550104687849,0.00019831679068738596,0.004237126586551313,0.07778947368421053,0.00019557894736842106,0.031578947368421054
2651,19.827250000000003,169,1,0,1,0.046774801961523955,0.03,1.0,1.0,-0.0007062701796953077,0.00021896262880181894,0.004060548169247341,0.07778947368421053,0.00019557894736842106,0.031578947368421054
2652,-1.0021250000000008,200,0,0,1,0.04675716440422323,0.03,1.0,1.0,-0.0014018130712957282,-1.6173690848518162e-05,0.00421969512331998,0.07778947368421053,0.00019557894736842106,0.031578947368421054
2653,-0.5311562500000008,200,0,0,1,0.04673954014323407,0.03,1.0,1.0,-0.0013925729842720804,-0.0013020482311258093,0.0029448947763303294,0.07778947368421053,0.00019557894736842106,0.031578947368421054
2654,-2.9199999999999977,200,0,0,1,0.04672192916352675,0.03,1.0,1.0,-0.000776312183380402,-0.0011264589498750865,0.00319039013562724,0.07778947368421053,0.00019557894736842106,0.031578947368421054
2655,-0.6818750000000011,200,0,0,1,0.046704331450094165,0.03,1.0,1.0,-0.0006898599551068981,-0.0009597467193379998,0.0033912591142579913,0.07778947368421053,0.00019557894736842106,0.031578947368421054
2656,19.697999999999997,172,1,0,1,0.046686746987951805,0.03,1.0,1.0,0.0015730465241611065,-0.00037344035122077913,0.004204969500075094,0.07778947368421053,0.00019557894736842106,0.031578947368421054
2657,20.55984375,112,1,0,1,0.04666917576213775,0.03,1.0,1.0,0.0001736338407666181,-0.0004530196163104847,0.004195017520454712,0.07778947368421053,0.00019557894736842106,0.031578947368421054
2658,-0.8600000000000019,200,0,0,1,0.046651617757712566,0.03,1.0,1.0,0.0022005097753258172,0.0006167466670740396,0.004978098000166938,0.07778947368421053,0.00019557894736842106,0.031578947368421054
2659,-0.7661875000000016,200,0,0,1,0.046634072959759305,0.03,1.0,1.0,0.0013877916067498038,0.0009737105367239564,0.004859277420910075,0.07778947368421053,0.00019557894736842106,0.031578947368421054
2660,20.439375000000002,127,1,0,1,0.04661654135338346,0.03,1.0,1.0,0.030896912625594325,0.006998891317751259,0.010873484684620053,0.07778947368421053,0.00019557894736842106,0.031578947368421054
2661,-2.91184375,200,0,0,1,0.04659902292371289,0.03,1.0,1.0,0.011098450106807245,0.0069541179861407725,0.010786767631070688,0.07778947368421053,0.00019557894736842106,0.031578947368421054
2662,19.730874999999997,172,1,0,1,0.04658151765589782,0.03,1.0,1.0,0.004452100097868666,0.00641372788301669,0.010222107227193192,0.07778947368421053,0.00019557894736842106,0.031578947368421054
2663,19.89890625,162,1,0,1,0.04656402553511078,0.03,1.0,1.0,0.034408721870015826,0.01324385578080546,0.016828107640263625,0.07778947368421053,0.00019557894736842106,0.031578947368421054
2664,-2.896500000000001,200,0,0,1,0.046546546546546545,0.03,1.0,1.0,0.012512470649593804,0.012558284938597354,0.01596478456587647,0.07778947368421053,0.00019557894736842106,0.031578947368421054
2665,19.376875,200,1,0,1,0.04652908067542214,0.03,1.0,1.0,0.00394227578000627,0.01224825874369708,0.015891599623049844,0.07778947368421053,0.00019557894736842106,0.031578947368421054
2666,20.3550625,123,1,0,1,0.046511627906976744,0.03,1.0,1.0,0.0016155385669573907,0.006257363964949036,0.009869490090437466,0.07778947368421053,0.00019557894736842106,0.031578947368421054
2667,19.9199375,157,1,0,1,0.046494188226471694,0.03,1.0,1.0,0.030815803966969774,0.012247593382169726,0.015783137739665106,0.07778947368421053,0.00019557894736842106,0.031578947368421054
2668,19.864874999999998,161,1,0,1,0.046476761619190406,0.03,1.0,1.0,0.015463664838128261,0.012895282757497625,0.016023208759521367,0.07778947368421053,0.00019557894736842106,0.031578947368421054
2669,19.77796875,177,1,0,1,0.04645934807043837,0.03,1.0,1.0,0.006999230771788964,0.006597904532100074,0.010007797234808095,0.07778947368421053,0.00019557894736842106,0.031578947368421054
2670,-2.941562500000001,200,0,0,1,0.04644194756554307,0.03,1.0,1.0,0.002209288850234163,0.006511324196588248,0.010362303965259343,0.07778947368421053,0.00019557894736842106,0.031578947368421054
2671,-0.5477500000000017,200,0,0,1,0.04642456008985399,0.03,1.0,1.0,0.0016660456809553961,0.00711503616720438,0.010872119406238199,0.07778947368421053,0.00019557894736842106,0.031578947368421054
2672,-0.8470000000000019,200,0,0,1,0.04640718562874251,0.03,1.0,1.0,0.001820482253882418,0.007689125650329516,0.011328255969332532,0.07778947368421053,0.00019557894736842106,0.031578947368421054
2673,-2.8555937499999997,200,0,0,1,0.04638982416760194,0.03,1.0,1.0,-9.88384616851869e-05,0.0008325405279174447,0.004780827093403786,0.07778947368421053,0.00019557894736842106,0.031578947368421054
2674,-0.8885625000000021,200,0,0,1,0.04637247569184742,0.03,1.0,1.0,-0.0007734087955163357,0.00024354115314781664,0.00418261985341087,0.07778947368421053,0.00019557894736842106,0.031578947368421054
2675,-0.7057812500000011,200,0,0,1,0.04635514018691589,0.03,1.0,1.0,-0.0008373904465967613,0.0001988522452302277,0.0038757792459800837,0.07778947368421053,0.00019557894736842106,0.031578947368421054
2676,-2.911374999999999,200,0,0,1,0.04633781763826607,0.03,1.0,1.0,-0.0009231497956780337,-0.0004124941360205412,0.003292306776624173,0.07778947368421053,0.00019557894736842106,0.031578947368421054
2677,-2.8359687500000006,200,0,0,1,0.04632050803137841,0.03,1.0,1.0,-0.0006464294868127535,-0.0009533046032302082,0.002692719499580562,0.07778947368421053,0.00019557894736842106,0.031578947368421054
2678,-3.0226249999999983,200,0,0,1,0.04630321135175504,0.03,1.0,1.0,-0.0002968836931333412,-0.0007804919516202063,0.002804206984816119,0.07778947368421053,0.00019557894736842106,0.031578947368421054
2679,-2.9400000000000013,200,0,0,1,0.04628592758491975,0.03,1.0,1.0,-5.972489843419405e-05,-0.000635685513028875,0.002685661317082122,0.07778947368421053,0.00019557894736842106,0.031578947368421054
2680,-0.6062500000000013,200,0,0,1,0.04626865671641791,0.03,1.0,1.0,-0.001072107342638421,-0.0007429395474027842,0.0030329486399423332,0.07778947368421053,0.00019557894736842106,0.031578947368421054
2681,-0.686343750000001,200,0,0,1,0.04625139873181649,0.03,1.0,1.0,-0.0010768660650020531,-0.0007206962091731839,0.0030389511956018397,0.07778947368421053,0.00019557894736842106,0.031578947368421054
2682,19.977124999999997,163,1,0,1,0.04623415361670395,0.03,1.0,1.0,0.02927022365102524,0.005291092994739301,0.009182051096227951,0.07778947368421053,0.00019557894736842106,0.031578947368421054
2683,-0.7065312500000012,200,0,0,1,0.04621692135669027,0.03,1.0,1.0,0.010522819214568194,0.0053094653153093535,0.009295469575677999,0.07778947368421053,0.00019557894736842106,0.031578947368421054
2684,-0.6032500000000017,200,0,0,1,0.046199701937406856,0.03,1.0,1.0,0.0034747970090377544,0.0051997395107755435,0.009429109855205751,0.07778947368421053,0.00019557894736842106,0.031578947368421054
2685,19.894375,163,1,0,1,0.04618249534450652,0.03,1.0,1.0,0.0010682004562942505,0.005119287328445353,0.009279232935630717,0.07778947368421053,0.00019557894736842106,0.031578947368421054
2686,20.6653125,109,1,0,1,0.04616530156366344,0.03,1.0,1.0,0.0004784100894178769,0.005284880265186075,0.009099094335979316,0.07778947368421053,0.00019557894736842106,0.031578947368421054
2687,-2.9179375,200,0,0,1,0.04614812058057313,0.03,1.0,1.0,-0.00027245175795543756,0.0052645402748603375,0.008933384615695103,0.07778947368421053,0.00019557894736842106,0.031578947368421054
2688,19.305999999999997,199,1,0,1,0.046130952380952384,0.03,1.0,1.0,0.029809903063838232,0.005352898501325399,0.008864956453908234,0.07778947368421053,0.00019557894736842106,0.031578947368421054
2689,-0.7090312499999991,200,0,0,1,0.046113796950539236,0.03,1.0,1.0,0.010546387978112002,0.005353816451388411,0.008639111029100604,0.07778947368421053,0.00019557894736842106,0.031578947368421054
2690,-0.6562500000000017,200,0,0,1,0.046096654275092935,0.03,1.0,1.0,0.005554650216013911,0.005982644916395657,0.009087880462524482,0.07778947368421053,0.00019557894736842106,0.031578947368421054
2691,-0.726375000000001,200,0,0,1,0.046079524340393904,0.03,1.0,1.0,0.001579073603704754,0.0059691382154123855,0.009250918496283702,0.07778947368421053,0.00019557894736842106,0.031578947368421054
2692,-3.062625000000001,200,0,0,1,0.04606240713224369,0.03,1.0,1.0,-3.1324732562090694e-05,0.005912732718628831,0.009318097730050795,0.07778947368421053,0.00019557894736842106,0.031578947368421054
2693,-0.817468750000002,200,0,0,1,0.04604530263646491,0.03,1.0,1.0,1.5472929330120335e-05,-6.634002493228763e-05,0.0035866004697745666,0.07778947368421053,0.00019557894736842106,0.031578947368421054
2694,-0.7800000000000011,200,0,0,1,0.04602821083890126,0.03,1.0,1.0,-9.608584779843832e-06,-1.3656135415658356e-06,0.00406485661061015,0.07778947368421053,0.00019557894736842106,0.031578947368421054
2695,-0.6260937500000017,200,0,0,1,0.04601113172541744,0.03,1.0,1.0,-0.0003292690627260889,-0.0005921207616338506,0.0035696701739216224,0.07778947368421053,0.00019557894736842106,0.031578947368421054
2696,-0.8500000000000025,200,0,0,1,0.04599406528189911,0.03,1.0,1.0,-0.0005570344892616147,-0.000592758288490586,0.0036973445228068156,0.07778947368421053,0.00019557894736842106,0.031578947368421054
2697,-0.6792812500000018,200,0,0,1,0.04597701149425287,0.03,1.0,1.0,-0.0009324501423467567,-0.0005837726574391127,0.003804823216050863,0.07778947368421053,0.00019557894736842106,0.031578947368421054
2698,20.114124999999998,149,1,0,1,0.04595997034840623,0.03,1.0,1.0,0.029461876190344603,0.005506268178694882,0.009920586746535264,0.07778947368421053,0.00019557894736842106,0.031578947368421054
2699,-2.8506562499999992,200,0,0,1,0.04594294183030752,0.03,1.0,1.0,0.00997774520938397,0.005343714090995491,0.009491561789996923,0.07778947368421053,0.00019557894736842106,0.031578947368421054
2700,20.244374999999998,145,1,0,1,0.045925925925925926,0.03,1.0,1.0,0.034053354439705856,0.011010055844439193,0.015377859649481252,0.07778947368421053,0.00019557894736842106,0.031578947368421054
2701,-2.880593749999999,200,0,0,1,0.04590892262125139,0.03,1.0,1.0,0.011666105483960604,0.010888150441576728,0.015462842340464704,0.07778947368421053,0.00019557894736842106,0.031578947368421054
2702,19.6628125,185,1,0,1,0.0458919319022946,0.03,1.0,1.0,0.004326724852570925,0.010870681494707242,0.0155434356124606,0.07778947368421053,0.00019557894736842106,0.031578947368421054
2703,-0.7478750000000017,200,0,0,1,0.04587495375508694,0.03,1.0,1.0,0.0029705172588395893,0.011730887665529736,0.016111248792032712,0.07778947368421053,0.00019557894736842106,0.031578947368421054
2704,-2.8395000000000015,200,0,0,1,0.04585798816568047,0.03,1.0,1.0,0.000647206888314322,0.005778763749869541,0.010005711111007258,0.07778947368421053,0.00019557894736842106,0.031578947368421054
2705,-2.6790625000000006,200,0,0,1,0.04584103512014787,0.03,1.0,1.0,-0.0003159547952476497,0.006011992133571766,0.010056474367738702,0.07778947368421053,0.00019557894736842106,0.031578947368421054
2706,19.5948125,192,1,0,1,0.04582409460458241,0.03,1.0,1.0,0.03041020027349048,0.00632179733121302,0.01006255159212742,0.07778947368421053,0.00019557894736842106,0.031578947368421054
2707,19.47325,200,1,0,1,0.04580716660509789,0.03,1.0,1.0,0.01262061919431708,0.007181287625571713,0.010765312713803724,0.07778947368421053,0.00019557894736842106,0.031578947368421054
2708,-3.009999999999999,200,0,0,1,0.04579025110782865,0.03,1.0,1.0,0.0038351087804731824,0.006334366273484193,0.010137535184505395,0.07778947368421053,0.00019557894736842106,0.031578947368421054
2709,21.6820625,40,1,1,1,0.04614248800295312,0.035,1.0,1.0,0.0359317700839338,0.012954974480089731,0.016868397224810906,0.07778947368421053,0.00019557894736842106,0.031578947368421054
2710,-0.6890625000000014,200,0,0,1,0.046125461254612546,0.035,1.0,1.0,0.01389452273430366,0.013508826575940476,0.01747883131960407,0.07742105263157895,0.0001948421052631579,0.0368421052631579
2711,19.531968749999997,185,1,0,1,0.046108447067502764,0.035,1.0,1.0,0.0069080637581590675,0.014269978061667644,0.01801110306370538,0.07742105263157895,0.0001948421052631579,0.0368421052631579
2712,-2.880250000000001,200,0,0,1,0.04609144542772861,0.035,1.0,1.0,0.0017645952313091718,0.007859311581472865,0.011846583704813384,0.07742105263157895,0.0001948421052631579,0.0368421052631579
2713,21.16196875,77,1,0,1,0.04607445632141541,0.035,1.0,1.0,0.0038287012719491705,0.007774149593315087,0.01167234675574582,0.07742105263157895,0.0001948421052631579,0.0368421052631579
2714,-2.849812500000002,200,0,0,1,0.04605747973470892,0.035,1.0,1.0,0.0006412542012758093,0.007714846863877028,0.011368782967794687,0.07742105263157895,0.0001948421052631579,0.0368421052631579
2715,-2.940781249999996,200,0,0,1,0.04604051565377532,0.03,1.0,1.0,-0.0004481534374393089,0.0004270504009909928,0.004210116020869464,0.07742105263157895,0.0001948421052631579,0.0368421052631579
2716,-2.8697500000000016,200,0,0,1,0.04602356406480118,0.03,1.0,1.0,-0.0008265881294728858,-0.00033984681474976243,0.003642843561945483,0.07778947368421053,0.00019557894736842106,0.031578947368421054
2717,20.59046875,113,1,0,1,0.04600662495399337,0.03,1.0,1.0,-0.0006174599437976947,-0.0003106632796116173,0.0036284473133273423,0.07778947368421053,0.00019557894736842106,0.031578947368421054
2718,-2.849999999999996,200,0,0,1,0.045989698307579104,0.025,1.0,1.0,-0.0008972131859662962,-0.0003577288002707064,0.0036795792900957166,0.07778947368421053,0.00019557894736842106,0.031578947368421054
2719,-0.8699375000000018,200,0,0,1,0.04597278411180581,0.025,1.0,1.0,-0.0010229401437201178,-0.001063495400827378,0.0031129255569539963,0.0781578947368421,0.00019631578947368423,0.026315789473684213
2720,-0.7200000000000015,200,0,0,1,0.04595588235294118,0.025,1.0,1.0,0.0010261232956543058,-0.00032965612481348214,0.0036530643093865365,0.0781578947368421,0.00019631578947368423,0.026315789473684213
2721,-0.7000937499999981,200,0,0,1,0.04593899301727306,0.025,1.0,1.0,-0.00046358137137939064,-0.000297654744470492,0.003533681735629216,0.0781578947368421,0.00019631578947368423,0.026315789473684213
2722,-2.7801250000000004,200,0,0,1,0.04592211609110948,0.025,1.0,1.0,-0.000913540792021275,-0.00045421891193836927,0.0036260407483205198,0.0781578947368421,0.00019631578947368423,0.026315789473684213
2723,-2.8701875000000014,200,0,0,1,0.04590525156077855,0.025,1.0,1.0,-0.0006951838827471587,-0.00033142989940824916,0.003676260868756799,0.0781578947368421,0.00019631578947368423,0.026315789473684213
2724,-2.7902499999999986,200,0,0,1,0.04588839941262849,0.025,1.0,1.0,-0.0012753921782209954,-0.00044234782687271944,0.0037079302654310594,0.0781578947368421,0.00019631578947368423,0.026315789473684213
2725,-0.7204687500000017,200,0,0,1,0.045871559633027525,0.025,1.0,1.0,0.0004673933432385996,-0.0004459871886938345,0.0036483719157695306,0.0781578947368421,0.00019631578947368423,0.026315789473684213
2726,-3.0894375000000007,200,0,0,1,0.045854732208363905,0.025,1.0,1.0,-0.000485583974435469,-0.0004642152902379166,0.003683424577553524,0.0781578947368421,0.00019631578947368423,0.026315789473684213
2727,-0.5906562500000018,200,0,0,1,0.04583791712504584,0.025,1.0,1.0,-0.0010518529042859894,-0.0004824337789032143,0.0036857785645115653,0.0781578947368421,0.00019631578947368423,0.026315789473684213
2728,-0.9890000000000023,200,0,0,1,0.04582111436950147,0.025,1.0,1.0,-0.0012136814954308635,-0.0006218592296354473,0.003620501881930977,0.0781578947368421,0.00019631578947368423,0.026315789473684213
2729,19.958031249999998,164,1,0,1,0.04580432392817882,0.025,1.0,1.0,0.031775150934272633,0.006032164161792025,0.010233260453911498,0.0781578947368421,0.00019631578947368423,0.026315789473684213
2730,-2.870312500000002,200,0,0,1,0.045787545787545784,0.025,1.0,1.0,0.010172265854534871,0.005222423578379676,0.009905856661731377,0.0781578947368421,0.00019631578947368423,0.026315789473684213
2731,21.91896875,15,1,1,1,0.046136946173562794,0.03,1.0,1.0,0.012740316717611158,0.005920675437198952,0.010530523389345035,0.0781578947368421,0.00019631578947368423,0.026315789473684213
2732,-2.9003750000000013,200,0,0,1,0.046120058565153735,0.03,1.0,1.0,0.004250318485536254,0.0060579509944655,0.010470326059963554,0.07778947368421053,0.00019557894736842106,0.031578947368421054
2733,-2.741625000000001,200,0,0,1,0.04610318331503842,0.025,1.0,1.0,0.0013136554189170921,0.006100142074748874,0.01049685153272003,0.07778947368421053,0.00019557894736842106,0.031578947368421054
2734,20.90825,92,1,0,1,0.046086320409656184,0.025,1.0,1.0,0.000648169530787286,0.006241769020911306,0.010537014873232692,0.0781578947368421,0.00019631578947368423,0.026315789473684213
2735,-0.7418750000000017,200,0,0,1,0.04606946983546618,0.025,1.0,1.0,-0.0004287627063749678,0.00626530355005525,0.010605057033943013,0.0781578947368421,0.00019631578947368423,0.026315789473684213
2736,-0.7510000000000008,200,0,0,1,0.046052631578947366,0.025,1.0,1.0,-0.0007558146709782002,-0.00024345791945233942,0.003840202312450856,0.0781578947368421,0.00019631578947368423,0.026315789473684213
2737,21.065749999999998,89,1,0,1,0.04603580562659847,0.02,1.0,1.0,0.02923059408395684,0.005877251328667626,0.009670998350018636,0.0781578947368421,0.00019631578947368423,0.026315789473684213
2738,-2.69225,200,0,0,1,0.04601899196493791,0.02,1.0,1.0,0.010111232646249493,0.0051383704768959435,0.009191715870751068,0.07852631578947368,0.00019705263157894737,0.02105263157894737
2739,-2.6323749999999997,200,0,0,1,0.04600219058050383,0.02,1.0,1.0,0.0030226882764038806,0.005108951410744339,0.009126086844597012,0.07852631578947368,0.00019705263157894737,0.02105263157894737
2740,-0.7112500000000007,200,0,0,1,0.04598540145985401,0.02,1.0,1.0,0.00030773166945152926,0.004952197939157486,0.009109516695141793,0.07852631578947368,0.00019705263157894737,0.02105263157894737
2741,-0.5239375000000009,200,0,0,1,0.045968624589565854,0.02,1.0,1.0,0.0001181051758729257,0.005089748998638242,0.00917907360335812,0.07852631578947368,0.00019705263157894737,0.02105263157894737
2742,20.725875,99,1,0,1,0.045951859956236324,0.02,1.0,1.0,-0.00036589469920571857,0.005122975493315607,0.009136632156092674,0.07852631578947368,0.00019705263157894737,0.02105263157894737
2743,-2.8592812500000004,200,0,0,1,0.04593510754648195,0.02,1.0,1.0,-0.0005774137123997885,-0.000799039599718526,0.0031057252634782346,0.07852631578947368,0.00019705263157894737,0.02105263157894737
2744,-2.7830000000000013,200,0,0,1,0.04591836734693878,0.02,1.0,1.0,-0.0005346644147138493,-0.0007551139632705599,0.0030096592942718417,0.07852631578947368,0.00019705263157894737,0.02105263157894737
2745,-2.7607812499999986,200,0,0,1,0.04590163934426229,0.02,1.0,1.0,-0.0009352874446052281,-0.0007277426368091256,0.0030286633411888034,0.07852631578947368,0.00019705263157894737,0.02105263157894737
2746,-2.9391874999999996,200,0,0,1,0.045884923525127456,0.02,1.0,1.0,-0.0009876050897062812,-0.0007008596438681707,0.003059537916094996,0.07852631578947368,0.00019705263157894737,0.02105263157894737
2747,-0.752531249999999,200,0,0,1,0.04586821987622861,0.02,1.0,1.0,-0.0009073084827766493,-0.0007932516149012372,0.003118386362795718,0.07852631578947368,0.00019705263157894737,0.02105263157894737
2748,-0.5552500000000006,200,0,0,1,0.04585152838427948,0.02,1.0,1.0,-0.0004714018991420896,-0.0006609502871287987,0.003237635257304646,0.07852631578947368,0.00019705263157894737,0.02105263157894737
2749,-3.0390937500000006,200,0,0,1,0.04583484903601309,0.02,1.0,1.0,-0.00015465326310815943,-0.0006016480860998855,0.0033265281688654794,0.07852631578947368,0.00019705263157894737,0.02105263157894737
2750,-3.0671874999999953,200,0,0,1,0.04581818181818182,0.02,1.0,1.0,-0.0006887149259854243,-0.0005984482723288238,0.0031205930279102176,0.07852631578947368,0.00019705263157894737,0.02105263157894737
2751,20.98709375,85,1,0,1,0.04580152671755725,0.02,1.0,1.0,0.029746961536755327,0.005431934118038043,0.00915686170407571,0.07852631578947368,0.00019705263157894737,0.02105263157894737
2752,19.716,175,1,0,1,0.04578488372093023,0.02,1.0,1.0,0.013447739565567716,0.0061270916399080305,0.00980762165854685,0.07852631578947368,0.00019705263157894737,0.02105263157894737
2753,-2.7751562499999944,200,0,0,1,0.04576825281511079,0.02,1.0,1.0,0.004296976216487088,0.006091583709232509,0.009774917763192207,0.07852631578947368,0.00019705263157894737,0.02105263157894737
2754,20.333624999999998,137,1,0,1,0.0457516339869281,0.02,1.0,1.0,0.03167184559077393,0.011937072777422146,0.015741703042993323,0.07852631578947368,0.00019705263157894737,0.02105263157894737
2755,-2.9021874999999993,200,0,0,1,0.04573502722323049,0.02,1.0,1.0,0.010833502901375974,0.011880549141438677,0.015810254274634644,0.07852631578947368,0.00019705263157894737,0.02105263157894737
2756,-0.8411250000000001,200,0,0,1,0.045718432510885344,0.02,1.0,1.0,0.0066346176320435145,0.012487088160938584,0.01648551912989933,0.07852631578947368,0.00019705263157894737,0.02105263157894737
2757,-2.7234687499999994,200,0,0,1,0.04570184983677911,0.02,1.0,1.0,0.0021616782700681894,0.005753192005562596,0.009810425290488638,0.07852631578947368,0.00019705263157894737,0.02105263157894737
2758,20.99525,80,1,0,1,0.04568527918781726,0.02,1.0,1.0,0.0013052924879046013,0.0057868189733708275,0.009743304286035709,0.07852631578947368,0.00019705263157894737,0.02105263157894737
2759,20.463906249999997,123,1,0,1,0.04566872055092425,0.02,1.0,1.0,0.002319315278996269,0.006469056683767121,0.010426849473558831,0.07852631578947368,0.00019705263157894737,0.02105263157894737
2760,-3.096249999999998,200,0,0,1,0.04565217391304348,0.02,1.0,1.0,3.219604461887578e-05,0.0004045225611771457,0.0043434362977859565,0.07852631578947368,0.00019705263157894737,0.02105263157894737
2761,-2.8812812500000016,200,0,0,1,0.04563563926113727,0.02,1.0,1.0,-0.0004962920811231468,0.0004742623592610471,0.004359591770276893,0.07852631578947368,0.00019705263157894737,0.02105263157894737
2762,19.420812499999997,199,1,0,1,0.04561911658218682,0.02,1.0,1.0,-0.000747986771161189,-0.00022436087937967387,0.003566758575165295,0.07852631578947368,0.00019705263157894737,0.02105263157894737
2763,20.04328125,152,1,0,1,0.04560260586319218,0.02,1.0,1.0,0.0011999678560634607,0.00041840163223969283,0.004028763779104338,0.07852631578947368,0.00019705263157894737,0.02105263157894737
2764,-0.7527500000000021,200,0,0,1,0.045586107091172216,0.02,1.0,1.0,-0.00010873488217149661,-0.00025850717960565814,0.0034064425937394846,0.07852631578947368,0.00019705263157894737,0.02105263157894737
2765,-3.0200000000000005,200,0,0,1,0.04556962025316456,0.02,1.0,1.0,-0.0003839588493957592,-0.00020193811556964647,0.0034504418726573932,0.07852631578947368,0.00019705263157894737,0.02105263157894737
2766,-0.7799999999999992,200,0,0,1,0.0455531453362256,0.02,1.0,1.0,-0.0009458912631076142,-0.00021490153115883004,0.003583554692057078,0.07852631578947368,0.00019705263157894737,0.02105263157894737
2767,-0.42321875000000203,200,0,0,1,0.04553668232743043,0.02,1.0,1.0,-0.0010196692143357772,-0.00020014179218560458,0.0036062602987512946,0.07852631578947368,0.00019705263157894737,0.02105263157894737
2768,-0.6320000000000019,200,0,0,1,0.04552023121387283,0.02,1.0,1.0,-0.0006913680276192164,-0.0008333962026517838,0.003150742119876668,0.07852631578947368,0.00019705263157894737,0.02105263157894737
2769,-2.9500000000000006,200,0,0,1,0.04550379198266522,0.02,1.0,1.0,-0.0009022635746874128,-0.0008384159540291876,0.003114460727898404,0.07852631578947368,0.00019705263157894737,0.02105263157894737
2770,-0.8631250000000026,200,0,0,1,0.04548736462093863,0.02,1.0,1.0,0.0017476771887574563,-0.0002117001571750734,0.0036994628160318824,0.07852631578947368,0.00019705263157894737,0.02105263157894737
2771,-0.8299999999999996,200,0,0,1,0.04547094911584266,0.02,1.0,1.0,0.0006868687106451165,-2.642740556620993e-05,0.0035079494124802294,0.07852631578947368,0.00019705263157894737,0.02105263157894737
2772,-3.0451250000000005,200,0,0,1,0.045454545454545456,0.02,1.0,1.0,6.550173250825552e-05,0.00013290526656783186,0.003805448685452575,0.07852631578947368,0.00019705263157894737,0.02105263157894737
2773,-2.848343750000002,200,0,0,1,0.04543815362423368,0.02,1.0,1.0,-0.001069392429469888,-5.896417624899186e-05,0.003879098767560208,0.07852631578947368,0.00019705263157894737,0.02105263157894737
2774,-0.8583125000000013,200,0,0,1,0.04542177361211247,0.015,1.0,1.0,-0.0012889354922500952,-0.00018300097147584893,0.004068004154512891,0.07852631578947368,0.00019705263157894737,0.02105263157894737
2775,20.8196875,97,1,0,1,0.04540540540540541,0.015,1.0,1.0,0.029161336167373993,0.005881336571997963,0.010105579943046904,0.07889473684210527,0.00019778947368421053,0.015789473684210527
2776,-0.5769999999999984,200,0,0,1,0.045389048991354465,0.015,1.0,1.0,0.010497289264589543,0.00535645789920818,0.009885550137725659,0.07889473684210527,0.00019778947368421053,0.015789473684210527
2777,-0.8335625000000016,200,0,0,1,0.045372704357220024,0.015,1.0,1.0,0.0031794316548117503,0.005042577875545249,0.010033263479359449,0.07889473684210527,0.00019778947368421053,0.015789473684210527
2778,20.755499999999998,102,1,0,1,0.04535637149028078,0.015,1.0,1.0,0.0020650566351405955,0.005152374939760194,0.009733722728677095,0.07889473684210527,0.00019778947368421053,0.015789473684210527
2779,20.377093750000004,138,1,0,1,0.04534005037783375,0.015,1.0,1.0,0.0008017035148388978,0.00527657401363831,0.009838111850316637,0.07889473684210527,0.00019778947368421053,0.015789473684210527
2780,21.366875,59,1,1,1,0.04568345323741007,0.02,1.0,1.0,0.03349450931214566,0.012035727674723603,0.016503456829232165,0.07889473684210527,0.00019778947368421053,0.015789473684210527
2781,-0.49525000000000113,200,0,0,1,0.04566702624955052,0.02,1.0,1.0,0.01208866571124888,0.012313321439083666,0.016359346204670146,0.07852631578947368,0.00019705263157894737,0.02105263157894737
2782,-2.8199999999999976,200,0,0,1,0.04565061107117182,0.02,1.0,1.0,0.0033363893884247467,0.006006202221265994,0.010070206384523772,0.07852631578947368,0.00019705263157894737,0.02105263157894737
2783,19.764249999999997,167,1,0,1,0.04563420768954366,0.02,1.0,1.0,0.0029210252250387258,0.006519351134076715,0.010683879130287096,0.07852631578947368,0.00019705263157894737,0.02105263157894737
2784,21.28,68,1,1,1,0.04597701149425287,0.025,1.0,1.0,0.001976859931919199,0.006549355123308487,0.010680655659059995,0.07852631578947368,0.00019705263157894737,0.02105263157894737
2785,-0.9420312499999988,200,0,0,1,0.04596050269299821,0.025,1.0,1.0,0.0014704818527537745,0.007083239543018862,0.011171058723237365,0.0781578947368421,0.00019631578947368423,0.026315789473684213
2786,20.397624999999998,126,1,0,1,0.04594400574300072,0.025,1.0,1.0,0.0006284959215826784,0.0071174666664446705,0.01105941358167911,0.0781578947368421,0.00019631578947368423,0.026315789473684213
2787,-2.9637187500000017,200,0,0,1,0.04592752063150341,0.025,1.0,1.0,0.00022796964231200037,0.0004976026975200511,0.004522068502556067,0.0781578947368421,0.00019631578947368423,0.026315789473684213
2788,-2.9678750000000007,200,0,0,1,0.04591104734576758,0.025,1.0,1.0,-0.0005027231379127984,0.000544338229636196,0.0046159285178291615,0.0781578947368421,0.00019631578947368423,0.026315789473684213
2789,-2.930000000000002,200,0,0,1,0.04589458587307279,0.025,1.0,1.0,-0.0009593716535388512,-2.6387562102172523e-05,0.004052938163105864,0.0781578947368421,0.00019631578947368423,0.026315789473684213
2790,-2.8421874999999996,200,0,0,1,0.045878136200716846,0.025,1.0,1.0,-0.00133317027850604,-0.0008606058107106946,0.0033771354192285797,0.0781578947368421,0.00019631578947368423,0.026315789473684213
2791,-0.7522187500000013,200,0,0,1,0.04586169831601576,0.025,1.0,1.0,-0.001261282125786438,-0.0009759863058570773,0.003677144252927974,0.0781578947368421,0.00019631578947368423,0.026315789473684213
2792,-0.7422500000000009,200,0,0,1,0.045845272206303724,0.025,1.0,1.0,-0.0011028929795099333,-0.0011755292997695506,0.0036302462606690824,0.0781578947368421,0.00019631578947368423,0.026315789473684213
2793,19.39859375,196,1,0,1,0.04582885785893305,0.025,1.0,1.0,0.029460753840024553,0.004958792289486155,0.009487042349530383,0.0781578947368421,0.00019631578947368423,0.026315789473684213
2794,-2.9753750000000005,200,0,0,1,0.04581245526127416,0.025,1.0,1.0,0.010072077550909575,0.0050763907643267886,0.00949267600744497,0.0781578947368421,0.00019631578947368423,0.026315789473684213
2795,-2.7646875000000004,200,0,0,1,0.04579606440071556,0.025,1.0,1.0,0.0033031291878749805,0.005167696792981588,0.009542298282147385,0.0781578947368421,0.00019631578947368423,0.026315789473684213
2796,21.178124999999998,70,1,1,1,0.046137339055793994,0.03,1.0,1.0,0.0014870063305406076,0.0050337999408366155,0.009560314179281704,0.0781578947368421,0.00019631578947368423,0.026315789473684213
2797,-0.7872187500000017,200,0,0,1,0.04612084376117268,0.03,1.0,1.0,8.543691213891381e-05,0.005211318477638997,0.009224738088785671,0.07778947368421053,0.00019557894736842106,0.031578947368421054
2798,-2.7997500000000004,200,0,0,1,0.046104360257326664,0.03,1.0,1.0,-0.00021720499095958655,0.005260604002396576,0.009328455470618792,0.07778947368421053,0.00019557894736842106,0.031578947368421054
2799,-0.8300000000000012,200,0,0,1,0.04608788853161844,0.03,1.0,1.0,0.0028004932065453735,-5.4950159043073654e-05,0.003928379942197352,0.07778947368421053,0.00019557894736842106,0.031578947368421054
2800,-2.865,200,0,0,1,0.04607142857142857,0.03,1.0,1.0,0.0007895800310392053,-1.1570875300094486e-05,0.0038395968817640097,0.07778947368421053,0.00019557894736842106,0.031578947368421054
2801,-0.5926562500000002,200,0,0,1,0.04605498036415566,0.03,1.0,1.0,-0.0004011076460166383,0.0001150186127051711,0.0038508279086090624,0.07778947368421053,0.00019557894736842106,0.031578947368421054
2802,-0.7725625000000017,200,0,0,1,0.046038543897216275,0.03,1.0,1.0,-0.0005481691268034505,9.246994071872905e-05,0.004063648534298409,0.07778947368421053,0.00019557894736842106,0.031578947368421054
2803,-0.6903750000000018,200,0,0,1,0.04602211915804495,0.03,1.0,1.0,-0.0005593876308600044,4.5821730222087354e-05,0.003920316851173993,0.07778947368421053,0.00019557894736842106,0.031578947368421054
2804,-0.7431250000000019,200,0,0,1,0.04600570613409415,0.03,1.0,1.0,-0.0009923189530235547,-0.0007391358666936867,0.0035245209641871045,0.07778947368421053,0.00019557894736842106,0.031578947368421054
2805,-0.553281250000002,200,0,0,1,0.045989304812834225,0.03,1.0,1.0,0.0019603740423755124,-0.00032638946297811343,0.004293347541417461,0.07778947368421053,0.00019557894736842106,0.031578947368421054
2806,-2.8573125000000013,200,0,0,1,0.045972915181753386,0.03,1.0,1.0,0.0005412618104592424,-0.00021326076338300481,0.004341762850934174,0.07778947368421053,0.00019557894736842106,0.031578947368421054
2807,20.05640625,150,1,0,1,0.04595653722835768,0.03,1.0,1.0,-0.00027105329166972987,-0.00026407599367666987,0.004400690774782561,0.07778947368421053,0.00019557894736842106,0.031578947368421054
2808,-0.6200000000000017,200,0,0,1,0.045940170940170943,0.03,1.0,1.0,-0.0009835432107287534,-0.0004630841214675456,0.004384883491788059,0.07778947368421053,0.00019557894736842106,0.031578947368421054
2809,19.48609375,192,1,0,1,0.04592381630473478,0.03,1.0,1.0,-0.0003543895484614637,-0.00024879979982506486,0.004464801477384753,0.07778947368421053,0.00019557894736842106,0.031578947368421054
2810,-0.5096875000000018,200,0,0,1,0.045907473309608544,0.03,1.0,1.0,0.0018392742342923558,0.0006758589543169364,0.005062418162939139,0.07778947368421053,0.00019557894736842106,0.031578947368421054
2811,-3.0200000000000014,200,0,0,1,0.04589114194236926,0.03,1.0,1.0,0.00016061051938158285,-6.184420234058053e-05,0.004257178082247265,0.07778947368421053,0.00019557894736842106,0.031578947368421054
2812,19.602749999999997,184,1,0,1,0.04587482219061166,0.03,1.0,1.0,0.0003610739666230465,6.352562457323074e-05,0.004189833000767976,0.07778947368421053,0.00019557894736842106,0.031578947368421054
2813,-2.8770937500000016,200,0,0,1,0.0458585140419481,0.03,1.0,1.0,-0.0007434373256863276,3.864159539807588e-05,0.004067300587776117,0.07778947368421053,0.00019557894736842106,0.031578947368421054
2814,21.412375,58,1,1,1,0.04619758351101635,0.035,1.0,1.0,0.029490733679092804,0.006110257571446709,0.010145218289573677,0.07778947368421053,0.00019557894736842106,0.031578947368421054
2815,-2.6329687500000007,200,0,0,1,0.046181172291296625,0.035,1.0,1.0,0.011222673793563795,0.0062331332542235034,0.010344617586000823,0.07742105263157895,0.0001948421052631579,0.0368421052631579
2816,-2.7790000000000012,200,0,0,1,0.04616477272727273,0.035,1.0,1.0,0.003555253868965596,0.005517152961459942,0.009698685101117007,0.07742105263157895,0.0001948421052631579,0.0368421052631579
2817,-0.7621250000000016,200,0,0,1,0.04614838480653177,0.035,1.0,1.0,0.0006472501268407636,0.005559980800841004,0.009461204149760306,0.07742105263157895,0.0001948421052631579,0.0368421052631579
2818,20.8955,95,1,0,1,0.046132008516678494,0.035,1.0,1.0,0.00025657675181152374,0.005508950344636105,0.009495010942337102,0.07742105263157895,0.0001948421052631579,0.0368421052631579
2819,-2.909999999999999,200,0,0,1,0.04611564384533522,0.035,1.0,1.0,0.00011522782785580428,0.0055442639164393764,0.009761297305230983,0.07742105263157895,0.0001948421052631579,0.0368421052631579
2820,-0.7356250000000019,200,0,0,1,0.04609929078014184,0.035,1.0,1.0,-0.0004082041070574721,-0.0005828118960198481,0.0036809788875107187,0.07742105263157895,0.0001948421052631579,0.0368421052631579
2821,19.48421875,191,1,0,1,0.04608294930875576,0.035,1.0,1.0,0.0017790685833674045,4.0743424528045577e-05,0.003994751677411841,0.07742105263157895,0.0001948421052631579,0.0368421052631579
2822,-2.946812500000001,200,0,0,1,0.04606661941885188,0.035,1.0,1.0,0.00045137361669049747,0.00012451929904636926,0.003818289017508505,0.07742105263157895,0.0001948421052631579,0.0368421052631579
2823,-0.676437500000002,200,0,0,1,0.04605030109812257,0.035,1.0,1.0,-0.00015623222908816748,0.00017881693414528854,0.004153773119644029,0.07742105263157895,0.0001948421052631579,0.0368421052631579
2824,-0.6927499999999999,200,0,0,1,0.04603399433427762,0.035,1.0,1.0,0.001079330941797516,0.00099299205726129,0.00493111969876918,0.07742105263157895,0.0001948421052631579,0.0368421052631579
2825,-0.6998437500000014,200,0,0,1,0.04601769911504425,0.035,1.0,1.0,0.0026618746012028907,0.0015671045421040617,0.005210242336906958,0.07742105263157895,0.0001948421052631579,0.0368421052631579
2826,20.930125,88,1,0,1,0.04600141542816702,0.035,1.0,1.0,0.0014826422050594583,0.0015475752120255493,0.005269883739587386,0.07742105263157895,0.0001948421052631579,0.0368421052631579
2827,20.78996875,88,1,0,1,0.04598514326140785,0.035,1.0,1.0,0.00048012956197260163,0.0008324677461641841,0.004567934816295746,0.07742105263157895,0.0001948421052631579,0.0368421052631579
2828,-2.933375,200,0,0,1,0.04596888260254597,0.035,1.0,1.0,-0.0003588228217693154,0.0006848301981226541,0.004556096290878486,0.07742105263157895,0.0001948421052631579,0.0368421052631579
2829,20.342968749999997,133,1,0,1,0.045952633439377874,0.035,1.0,1.0,-0.000634868601559753,0.0006863671917235479,0.00444439425773453,0.07742105263157895,0.0001948421052631579,0.0368421052631579
2830,21.4090625,66,1,1,1,0.04628975265017668,0.04,1.0,1.0,0.032071453420199174,0.007401984432362951,0.010976373834651896,0.07742105263157895,0.0001948421052631579,0.0368421052631579
2831,20.2391875,136,1,0,1,0.04627340162486754,0.04,1.0,1.0,0.046027740965680145,0.01260301440783951,0.016055266709139687,0.07705263157894737,0.00019410526315789475,0.04210526315789474
2832,19.674999999999997,189,1,0,1,0.04625706214689265,0.04,1.0,1.0,0.04739495336235715,0.018684089405272972,0.021824269495162297,0.07705263157894737,0.00019410526315789475,0.04210526315789474
2833,-2.84353125,200,0,0,1,0.046240734204024005,0.04,1.0,1.0,0.016805270154001108,0.01794845193884976,0.02133978480678343,0.07705263157894737,0.00019410526315789475,0.04210526315789474
2834,21.2750625,64,1,1,1,0.0465772759350741,0.045,1.0,1.0,0.04510999413687067,0.024653288859219174,0.028015473429768463,0.07705263157894737,0.00019410526315789475,0.04210526315789474
2835,-0.6515625000000012,200,0,0,1,0.04656084656084656,0.045,1.0,1.0,0.017364483417339694,0.025329546910172213,0.028781237490082275,0.07668421052631579,0.00019336842105263159,0.04736842105263158
2836,-0.8536250000000027,200,0,0,1,0.0465444287729196,0.045,1.0,1.0,0.005678072840693256,0.024536026938025316,0.028214694262533157,0.07668421052631579,0.00019336842105263159,0.04736842105263158
2837,21.5880625,47,1,1,1,0.04688050757842792,0.05,1.0,1.0,0.004376105384818566,0.018518385051145742,0.022246137603047826,0.07668421052631579,0.00019336842105263159,0.04736842105263158
2838,20.3894375,138,1,0,1,0.04686398872445384,0.05,1.0,1.0,0.004578672786748765,0.013127755745525065,0.016904883870833144,0.07631578947368421,0.00019263157894736842,0.052631578947368425
2839,-2.6285937500000003,200,0,0,1,0.04684748150757309,0.05,1.0,1.0,0.0007869397649138994,0.006912634859421814,0.01095421559233364,0.07631578947368421,0.00019263157894736842,0.052631578947368425
2840,-0.5787500000000008,200,0,0,1,0.04683098591549296,0.045,1.0,1.0,-0.00039748169991336873,0.0062148546709577205,0.010380288692111208,0.07631578947368421,0.00019263157894736842,0.052631578947368425
2841,-2.738906250000001,200,0,0,1,0.04681450193593805,0.045,1.0,1.0,-0.0008620960220091034,-0.0004130836785407155,0.003783445791959821,0.07668421052631579,0.00019336842105263159,0.04736842105263158
2842,-0.8038125000000018,200,0,0,1,0.046798029556650245,0.045,1.0,1.0,0.0014683479819254657,0.0001568789361626841,0.004616072786913719,0.07668421052631579,0.00019336842105263159,0.04736842105263158
2843,-0.8499999999999986,200,0,0,1,0.04678156876538867,0.045,1.0,1.0,0.000670951177147144,-6.880428950535133e-05,0.0048073628156562334,0.07668421052631579,0.00019336842105263159,0.04736842105263158
2844,-0.5532500000000012,200,0,0,1,0.04676511954992968,0.045,1.0,1.0,-0.0008208337130197454,-0.00011644834518665448,0.004668811719457153,0.07668421052631579,0.00019336842105263159,0.04736842105263158
2845,-2.8517187500000016,200,0,0,1,0.04674868189806678,0.045,1.0,1.0,-0.0009837867258259626,-0.00010733532044105232,0.0046176902286242695,0.07668421052631579,0.00019336842105263159,0.04736842105263158
2846,-2.869687499999999,200,0,0,1,0.04673225579761068,0.045,1.0,1.0,-0.0011619704806575522,-0.00013519421266391872,0.004419815805274993,0.07668421052631579,0.00019336842105263159,0.04736842105263158
2847,-0.9080937500000017,200,0,0,1,0.04671584123638918,0.045,1.0,1.0,-0.0014330157873765883,-0.0008143847822211683,0.0036714072148315608,0.07668421052631579,0.00019336842105263159,0.04736842105263158
2848,-2.860000000000001,200,0,0,1,0.046699438202247194,0.045,1.0,1.0,-0.0012724887383975972,-0.0013786113474052398,0.0031059208323713393,0.07668421052631579,0.00019336842105263159,0.04736842105263158
2849,20.2296875,150,1,0,1,0.04668304668304668,0.045,1.0,1.0,-0.0008832008639602828,-0.001230724919005297,0.003005191336735152,0.07668421052631579,0.00019336842105263159,0.04736842105263158
2850,-0.592500000000002,200,0,0,1,0.04666666666666667,0.045,1.0,1.0,-0.0008402879721445047,-0.0011237833120394498,0.003154868342448026,0.07668421052631579,0.00019336842105263159,0.04736842105263158
2851,-0.5586562500000012,200,0,0,1,0.04665029814100315,0.045,1.0,1.0,-0.0007023353185009172,-0.0010477392582688482,0.003192139295395464,0.07668421052631579,0.00019336842105263159,0.04736842105263158
2852,-2.85825,200,0,0,1,0.04663394109396914,0.045,1.0,1.0,-0.0010160892932405835,-0.0009553613008465618,0.003051675511524081,0.07668421052631579,0.00019336842105263159,0.04736842105263158
2853,-3.0300000000000007,200,0,0,1,0.046617595513494564,0.045,1.0,1.0,-0.0002564672779180662,-0.0007286790212383494,0.003164578181342222,0.07668421052631579,0.00019336842105263159,0.04736842105263158
2854,-0.7941875000000016,200,0,0,1,0.04660126138752628,0.045,1.0,1.0,-0.0005467988465522351,-0.0007335534440353513,0.002961994573706761,0.07668421052631579,0.00019336842105263159,0.04736842105263158
2855,-0.7800000000000012,200,0,0,1,0.04658493870402802,0.045,1.0,1.0,0.00174505260731295,2.2047844366170466e-05,0.0036798867328325284,0.07668421052631579,0.00019336842105263159,0.04736842105263158
2856,-2.7185000000000006,200,0,0,1,0.04656862745098039,0.045,1.0,1.0,0.0006846090429454017,8.926357491873205e-05,0.003711223944555968,0.07668421052631579,0.00019336842105263159,0.04736842105263158
2857,-0.8300000000000014,200,0,0,1,0.04655232761638082,0.045,1.0,1.0,-0.0007206650291091905,8.080157125368715e-05,0.0037560752832796426,0.07668421052631579,0.00019336842105263159,0.04736842105263158
2858,20.7055,109,1,0,1,0.046536039188243526,0.045,1.0,1.0,-0.00048797140845001374,0.00017361263558268546,0.0038166333867702632,0.07668421052631579,0.00019336842105263159,0.04736842105263158
2859,-0.6560625000000007,200,0,0,1,0.04651976215459951,0.045,1.0,1.0,-0.0010388796489463185,-8.873577031772584e-05,0.004035483787884004,0.07668421052631579,0.00019336842105263159,0.04736842105263158
2860,-2.768750000000001,200,0,0,1,0.04650349650349651,0.045,1.0,1.0,-0.0009253848522240244,-0.00020948025351390242,0.004009513537632302,0.07668421052631579,0.00019336842105263159,0.04736842105263158
2861,-2.837625000000002,200,0,0,1,0.04648724222299895,0.045,1.0,1.0,-0.0007636770646127791,-0.000795381773263216,0.0033347991607151927,0.07668421052631579,0.00019336842105263159,0.04736842105263158
2862,19.81225,163,1,0,1,0.04647099930118798,0.045,1.0,1.0,0.0008723377877239508,-0.0002933383862255141,0.003978457453078591,0.07668421052631579,0.00019336842105263159,0.04736842105263158
2863,-3.001062500000001,200,0,0,1,0.04645476772616137,0.045,1.0,1.0,-0.0002502856044317138,-0.00022450652916450054,0.004012977599748411,0.07668421052631579,0.00019336842105263159,0.04736842105263158
2864,-0.8645000000000008,200,0,0,1,0.04643854748603352,0.045,1.0,1.0,-0.000869777311893642,-0.00020987652230542152,0.0040515491886762905,0.07668421052631579,0.00019336842105263159,0.04736842105263158
2865,20.8428125,97,1,0,1,0.04642233856893543,0.045,1.0,1.0,-0.0005884212171779928,-0.00021594293124508113,0.0038767044356791303,0.07668421052631579,0.00019336842105263159,0.04736842105263158
2866,-3.1271874999999985,200,0,0,1,0.04640614096301465,0.045,1.0,1.0,-0.0006891559300059286,-0.00021845398080768064,0.0037449195387889633,0.07668421052631579,0.00019336842105263159,0.04736842105263158
2867,-2.8045937500000004,200,0,0,1,0.0463899546564353,0.045,1.0,1.0,-6.742561993970133e-05,-0.0006367535492754541,0.003355897361354437,0.07668421052631579,0.00019336842105263159,0.04736842105263158
2868,-0.6077500000000018,200,0,0,1,0.04637377963737797,0.045,1.0,1.0,0.0022760647344134918,2.2101647511590272e-05,0.003893862203869503,0.07668421052631579,0.00019336842105263159,0.04736842105263158
2869,-2.7746562499999996,200,0,0,1,0.046357615894039736,0.045,1.0,1.0,-0.00010367757060562768,1.8814247043337674e-05,0.003826493706845213,0.07668421052631579,0.00019336842105263159,0.04736842105263158
2870,-0.7393750000000013,200,0,0,1,0.046341463414634146,0.045,1.0,1.0,0.0006972371692696468,0.0005645876089693047,0.00446143294981448,0.07668421052631579,0.00019336842105263159,0.04736842105263158
2871,-2.9700000000000006,200,0,0,1,0.04632532218739115,0.045,1.0,1.0,-0.00045511686772384296,0.0005151423421921209,0.0044375251989113166,0.07668421052631579,0.00019336842105263159,0.04736842105263158
2872,19.585749999999997,188,1,0,1,0.046309192200557105,0.045,1.0,1.0,-0.0006945437951249685,0.0004196925306459889,0.004227819076622836,0.07668421052631579,0.00019336842105263159,0.04736842105263158
2873,-2.9252187500000013,200,0,0,1,0.04629307344239471,0.045,1.0,1.0,-0.0005610035913514473,-0.00034334030316676944,0.0035715194760123268,0.07668421052631579,0.00019336842105263159,0.04736842105263158
2874,21.6663125,47,1,1,1,0.04662491301322199,0.05,1.0,1.0,-0.0005750110386553261,-0.00036190351273398847,0.003477506630239077,0.07668421052631579,0.00019336842105263159,0.04736842105263158
2875,-0.639375000000002,200,0,0,1,0.04660869565217391,0.05,1.0,1.0,-0.0007920472188049406,-0.0008970972206443548,0.00280311768501997,0.07631578947368421,0.00019263157894736842,0.052631578947368425
2876,-0.6041250000000014,200,0,0,1,0.04659248956884562,0.05,1.0,1.0,0.001536195765574327,-0.00015922042273450643,0.0034885898410575464,0.07631578947368421,0.00019263157894736842,0.052631578947368425
2877,21.06565625,80,1,0,1,0.04657629475147723,0.05,1.0,1.0,0.0032695163735220623,0.0005373885227600112,0.0042128450659802185,0.07631578947368421,0.00019263157894736842,0.052631578947368425
2878,-0.6297500000000016,200,0,0,1,0.046560111188325225,0.05,1.0,1.0,0.0012468245774426275,0.0008018759944243357,0.004499077701126225,0.07631578947368421,0.00019263157894736842,0.052631578947368425
2879,-2.874906250000001,200,0,0,1,0.04654393886766238,0.05,1.0,1.0,-0.000552945010726756,0.0006900458601303398,0.004677805440034717,0.07631578947368421,0.00019263157894736842,0.052631578947368425
2880,-0.6900000000000016,200,0,0,1,0.04652777777777778,0.05,1.0,1.0,-0.0014470663020637977,0.0003119441019371152,0.004847177831456065,0.07631578947368421,0.00019263157894736842,0.052631578947368425
2881,-0.6750312500000016,200,0,0,1,0.046511627906976744,0.05,1.0,1.0,-0.0009634184590254917,0.0003726556667825207,0.004947664018371142,0.07631578947368421,0.00019263157894736842,0.052631578947368425
2882,-2.924937500000001,200,0,0,1,0.046495489243580844,0.05,1.0,1.0,-0.0006728791567910484,-0.0008375404491089284,0.0035187109424732626,0.07631578947368421,0.00019263157894736842,0.052631578947368425
2883,-0.7354687500000012,200,0,0,1,0.046479361775927854,0.05,1.0,1.0,-0.0006944371037426801,-0.0010121488341828808,0.003431134648039006,0.07631578947368421,0.00019263157894736842,0.052631578947368425
2884,-2.8248750000000022,200,0,0,1,0.046463245492371706,0.05,1.0,1.0,-0.00107469634778395,-0.0009063755117822438,0.0034502038659993558,0.07631578947368421,0.00019263157894736842,0.052631578947368425
2885,-0.5909374999999997,200,0,0,1,0.046447140381282497,0.05,1.0,1.0,-0.0007542337633212831,-0.0006797071759938263,0.0034120187125517986,0.07631578947368421,0.00019263157894736842,0.052631578947368425
2886,-0.5063125000000015,200,0,0,1,0.04643104643104643,0.05,1.0,1.0,-0.0006974432154019228,-0.0006156542828539386,0.003410886481986381,0.07631578947368421,0.00019263157894736842,0.052631578947368425
2887,-0.6808750000000019,200,0,0,1,0.046414963630065816,0.05,1.0,1.0,-0.0004526263942101519,-0.0005690106532420031,0.003589854249439668,0.07631578947368421,0.00019263157894736842,0.052631578947368425
2888,-2.735250000000001,200,0,0,1,0.046398891966759004,0.05,1.0,1.0,-0.00020364198290663644,-0.0004775149978522677,0.0035203453803260344,0.07631578947368421,0.00019263157894736842,0.052631578947368425
2889,19.668875,169,1,0,1,0.0463828314295604,0.05,1.0,1.0,0.00010654256357219718,-0.00024001916442648508,0.003557540445966879,0.07631578947368421,0.00019263157894736842,0.052631578947368425
2890,-1.0340625000000017,200,0,0,1,0.04636678200692042,0.05,1.0,1.0,0.00024041008982139293,6.994025025051087e-07,0.0036117459016677456,0.07631578947368421,0.00019263157894736842,0.052631578947368425
2891,-2.98465625,200,0,0,1,0.04635074368730543,0.05,1.0,1.0,-0.00016585974364291726,-2.3327445467657525e-05,0.0034775356639602253,0.07631578947368421,0.00019263157894736842,0.052631578947368425
2892,19.762375,172,1,0,1,0.04633471645919779,0.05,1.0,1.0,0.002979043593780148,0.0007026084205117514,0.003922104340048463,0.07631578947368421,0.00019263157894736842,0.052631578947368425
2893,20.11675,154,1,0,1,0.04631870031109575,0.05,1.0,1.0,0.0352057216317658,0.007542028514826597,0.010780512826970153,0.07631578947368421,0.00019263157894736842,0.052631578947368425
2894,19.802812499999998,172,1,0,1,0.04630269523151347,0.05,1.0,1.0,0.04518182350997997,0.01350765857191982,0.01663873529031298,0.07631578947368421,0.00019263157894736842,0.052631578947368425
2895,-0.766406250000002,200,0,0,1,0.046286701208981,0.05,1.0,1.0,0.016136385755527588,0.013341043413891385,0.016612983324901506,0.07631578947368421,0.00019263157894736842,0.052631578947368425
2896,-0.6385000000000011,200,0,0,1,0.0462707182320442,0.05,1.0,1.0,0.007870893860595191,0.013989396374017814,0.017406529658808723,0.07631578947368421,0.00019263157894736842,0.052631578947368425
2897,-2.80553125,200,0,0,1,0.04625474628926476,0.05,1.0,1.0,0.0031370023819714673,0.014129943994703353,0.017390576101621265,0.07631578947368421,0.00019263157894736842,0.052631578947368425
2898,-2.7766875000000018,200,0,0,1,0.04623878536922015,0.05,1.0,1.0,0.0005810910589649746,0.013327653826971073,0.016586931575264315,0.07631578947368421,0.00019263157894736842,0.052631578947368425
2899,21.747625,32,1,1,1,0.04656778199379096,0.055,1.0,1.0,0.0006266772435991376,0.006549102132034022,0.00981502988113789,0.07631578947368421,0.00019263157894736842,0.052631578947368425
2900,-2.973125000000001,200,0,0,1,0.04655172413793104,0.055,1.0,1.0,-0.00023164655103521606,0.0004208137787936721,0.00370096498876228,0.07594736842105264,0.00019189473684210528,0.05789473684210526
2901,-0.7656562499999972,200,0,0,1,0.04653567735263702,0.055,1.0,1.0,-0.00047173722423666424,0.0002931198096193839,0.00364642011091928,0.07594736842105264,0.00019189473684210528,0.05789473684210526
2902,-0.5554999999999997,200,0,0,1,0.046519641626464506,0.055,1.0,1.0,0.00201856734837267,0.00019511701553710738,0.003697068370733177,0.07594736842105264,0.00019189473684210528,0.05789473684210526
2903,-0.7600000000000007,200,0,0,1,0.04650361694798484,0.055,1.0,1.0,-4.111618652140236e-05,-0.00019956339438795113,0.0037316152677813077,0.07594736842105264,0.00019189473684210528,0.05789473684210526
2904,-0.6687499999999978,200,0,0,1,0.04648760330578512,0.055,1.0,1.0,-0.000597215688738953,-0.0002288670762864058,0.0036533528370273414,0.07594736842105264,0.00019189473684210528,0.05789473684210526
2905,-1.0057812500000005,200,0,0,1,0.04647160068846816,0.055,1.0,1.0,-0.0007550957453647264,-0.0002894717796953046,0.003532140253788384,0.07594736842105264,0.00019189473684210528,0.05789473684210526
2906,-2.8116250000000007,200,0,0,1,0.04645560908465245,0.055,1.0,1.0,-0.0006430636320100477,-0.00031718977491982514,0.0035682280002874906,0.07594736842105264,0.00019189473684210528,0.05789473684210526
2907,-0.8399999999999982,200,0,0,1,0.04643962848297214,0.055,1.0,1.0,0.000680095284549073,-0.0005651592754074954,0.0034845837794491674,0.07594736842105264,0.00019189473684210528,0.05789473684210526
2908,20.2065,141,1,0,1,0.04642365887207703,0.055,1.0,1.0,0.0002558985860766878,-0.0003620977105820202,0.0035431465452784323,0.07594736842105264,0.00019189473684210528,0.05789473684210526
2909,-2.7077187499999997,200,0,0,1,0.04640770024063252,0.05,1.0,1.0,-0.00038873305139546166,-0.00026606070306297626,0.0035239528516322026,0.07594736842105264,0.00019189473684210528,0.05789473684210526
2910,-0.6837500000000011,200,0,0,1,0.04639175257731959,0.05,1.0,1.0,-0.0007412091657369688,-0.0003400772262830287,0.003697220561094582,0.07631578947368421,0.00019263157894736842,0.052631578947368425
2911,-2.9240312500000005,200,0,0,1,0.046375815870834766,0.05,1.0,1.0,-0.0013303937864794066,-0.00037211350863799455,0.00391409594961442,0.07631578947368421,0.00019263157894736842,0.052631578947368425
2912,-0.570000000000001,200,0,0,1,0.04635989010989011,0.05,1.0,1.0,-0.0014318583766624626,-0.00111850231513381,0.0032499905785080044,0.07631578947368421,0.00019263157894736842,0.052631578947368425
2913,-2.8479375000000005,200,0,0,1,0.046343975283213185,0.05,1.0,1.0,-0.0014249393328619215,-0.0012118021417409182,0.0032334563981276003,0.07631578947368421,0.00019263157894736842,0.052631578947368425
2914,-0.6703125000000018,200,0,0,1,0.04632807137954702,0.05,1.0,1.0,0.0006739320829155365,-0.00048072579561267046,0.0039387282732641325,0.07631578947368421,0.00019263157894736842,0.052631578947368425
2915,-0.7682812500000011,200,0,0,1,0.04631217838765009,0.05,1.0,1.0,0.0007385968147355679,8.409789798315614e-05,0.004635803751298227,0.07631578947368421,0.00019263157894736842,0.052631578947368425
2916,-0.5767500000000018,200,0,0,1,0.046296296296296294,0.05,1.0,1.0,0.0001374860988336382,0.00034448289091233166,0.00459882320871111,0.07631578947368421,0.00019263157894736842,0.052631578947368425
2917,-2.712312499999999,200,0,0,1,0.04628042509427494,0.05,1.0,1.0,0.00039009127404474866,0.0006887491332599893,0.004784484345815144,0.07631578947368421,0.00019263157894736842,0.052631578947368425
2918,-2.961437500000001,200,0,0,1,0.046264564770390676,0.05,1.0,1.0,0.00035014525303663055,0.0008882708543678745,0.005081920625292696,0.07631578947368421,0.00019263157894736842,0.052631578947368425
2919,-2.9200000000000004,200,0,0,1,0.046248715313463515,0.05,1.0,1.0,2.0675260997385597e-05,0.00022922611027024686,0.004560540288919583,0.07631578947368421,0.00019263157894736842,0.052631578947368425
2920,-0.7462499999999987,200,0,0,1,0.046232876712328765,0.05,1.0,1.0,-0.00041005115305592664,-0.0002657095185713842,0.0036809364777291194,0.07631578947368421,0.00019263157894736842,0.052631578947368425
2921,-2.85,200,0,0,1,0.046217048955837045,0.05,1.0,1.0,-0.0007655179768435075,-0.0004126749003771692,0.0035497371947858483,0.07631578947368421,0.00019263157894736842,0.052631578947368425
2922,-0.8363125000000022,200,0,0,1,0.04620123203285421,0.05,1.0,1.0,-0.0009229454810954648,-0.0006859890453051776,0.0033977588086854665,0.07631578947368421,0.00019263157894736842,0.052631578947368425
2923,-2.9673125000000007,200,0,0,1,0.046185425932261374,0.05,1.0,1.0,-0.0010459289432608156,-0.000839940077974461,0.0031918855080148205,0.07631578947368421,0.00019263157894736842,0.052631578947368425
2924,-2.862750000000002,200,0,0,1,0.04616963064295486,0.05,1.0,1.0,-0.00043868312842038266,-0.0008842945532524026,0.0033826307977433316,0.07631578947368421,0.00019263157894736842,0.052631578947368425
2925,-0.6520312500000006,200,0,0,1,0.046153846153846156,0.05,1.0,1.0,0.0020854491929467468,-6.575661891838536e-05,0.004193706516700331,0.07631578947368421,0.00019263157894736842,0.052631578947368425
2926,20.3006875,115,1,0,1,0.04613807245386193,0.05,1.0,1.0,0.031324163422499184,0.0060799992865067905,0.01009724340523826,0.07631578947368421,0.00019263157894736842,0.052631578947368425
2927,20.49178125,127,1,0,1,0.04612230953194397,0.05,1.0,1.0,0.01625008709214685,0.006151788356539328,0.010231237245548983,0.07631578947368421,0.00019263157894736842,0.052631578947368425
2928,20.148,152,1,0,1,0.04610655737704918,0.05,1.0,1.0,0.0073476691390318444,0.006222810849489178,0.009952747791714501,0.07631578947368421,0.00019263157894736842,0.052631578947368425
2929,-2.9334687500000003,200,0,0,1,0.04609081597814954,0.05,1.0,1.0,0.003053131617293964,0.0064810598493204455,0.009870769274944905,0.07631578947368421,0.00019263157894736842,0.052631578947368425
2930,-2.8968750000000005,200,0,0,1,0.04607508532423208,0.05,1.0,1.0,0.0012503822044409754,0.0067100657142000275,0.010018601138493977,0.07631578947368421,0.00019263157894736842,0.052631578947368425
2931,-0.7465937500000023,200,0,0,1,0.04605936540429888,0.045,1.0,1.0,0.002911932275056953,0.0064509817725047465,0.009865638319868595,0.07631578947368421,0.00019263157894736842,0.052631578947368425
2932,-2.966750000000001,200,0,0,1,0.04604365620736699,0.045,1.0,1.0,0.0010781592372424232,0.000365610426524654,0.004020830084802583,0.07668421052631579,0.00019336842105263159,0.04736842105263158
2933,-0.5832812500000017,200,0,0,1,0.04602795772246846,0.045,1.0,1.0,0.000135215856402399,0.0003964175805449486,0.004292834252119064,0.07668421052631579,0.00019336842105263159,0.04736842105263158
2934,-0.5101250000000016,200,0,0,1,0.046012269938650305,0.045,1.0,1.0,-0.00048790944359082024,0.00016371998004615306,0.004303072893992067,0.07668421052631579,0.00019336842105263159,0.04736842105263158
2935,-2.9001562500000015,200,0,0,1,0.04599659284497445,0.045,1.0,1.0,-0.0006838653333100837,2.6423533214256166e-05,0.00399995247204788,0.07668421052631579,0.00019336842105263159,0.04736842105263158
2936,-0.6470000000000018,200,0,0,1,0.04598092643051771,0.045,1.0,1.0,-0.0009670836928977131,-0.0007085304160136729,0.0033002638763282447,0.07668421052631579,0.00019336842105263159,0.04736842105263158
2937,-0.5639062500000017,200,0,0,1,0.045965270684371805,0.045,1.0,1.0,-0.0006242643886143108,-0.0007501971145393326,0.0029728571797022598,0.07668421052631579,0.00019336842105263159,0.04736842105263158
2938,-2.803187500000001,200,0,0,1,0.04594962559564329,0.045,1.0,1.0,-0.00014173280534539084,-0.0007507977988570929,0.0029852376631461083,0.07668421052631579,0.00019336842105263159,0.04736842105263158
2939,19.881562499999998,171,1,0,1,0.045933991153453556,0.045,1.0,1.0,0.0014679415531351036,-7.927779760211706e-05,0.0035595146957784892,0.07668421052631579,0.00019336842105263159,0.04736842105263158
2940,-2.8137500000000006,200,0,0,1,0.04591836734693878,0.045,1.0,1.0,-7.504807723978345e-05,-0.00012732141790911555,0.0035730690411292015,0.07668421052631579,0.00019336842105263159,0.04736842105263158
2941,20.698562499999998,100,1,0,1,0.045902754165249915,0.045,1.0,1.0,4.3849487136826875e-05,-0.00011859711969736964,0.0035252036122838037,0.07668421052631579,0.00019336842105263159,0.04736842105263158
2942,-2.9661250000000012,200,0,0,1,0.04588715159755268,0.045,1.0,1.0,-0.0006837692789233409,-4.418575414456427e-05,0.003667131143156439,0.07668421052631579,0.00019336842105263159,0.04736842105263158
2943,-2.9439374999999997,200,0,0,1,0.045871559633027525,0.045,1.0,1.0,-0.0008585937869817862,-0.00011991059919819236,0.0036625322576146575,0.07668421052631579,0.00019336842105263159,0.04736842105263158
2944,-2.7549999999999986,200,0,0,1,0.04585597826086957,0.045,1.0,1.0,-0.0002786474993415208,-8.546441805083305e-05,0.0037294080256251617,0.07668421052631579,0.00019336842105263159,0.04736842105263158
2945,-2.638125000000002,200,0,0,1,0.04584040747028863,0.045,1.0,1.0,3.134053780757856e-05,-0.0004859288347652182,0.0032380417837994174,0.07668421052631579,0.00019336842105263159,0.04736842105263158
2946,-0.8770625000000024,200,0,0,1,0.045824847250509164,0.045,1.0,1.0,-0.0007810616096282916,-0.000658612632076256,0.003423898589913733,0.07668421052631579,0.00019336842105263159,0.04736842105263158
2947,-0.7883750000000014,200,0,0,1,0.04580929759077027,0.045,1.0,1.0,0.0005147488848842828,-4.839658981654793e-05,0.0040058742325054485,0.07668421052631579,0.00019336842105263159,0.04736842105263158
2948,19.518625,179,1,0,1,0.045793758480325644,0.045,1.0,1.0,-4.852782133937118e-06,4.365653672721237e-05,0.0039961732636438685,0.07668421052631579,0.00019336842105263159,0.04736842105263158
2949,-2.91715625,200,0,0,1,0.04577822990844354,0.045,1.0,1.0,-0.0008838065240030149,-0.00010165295039769261,0.003972431938978844,0.07668421052631579,0.00019336842105263159,0.04736842105263158
2950,20.615312499999998,120,1,0,1,0.04576271186440678,0.045,1.0,1.0,-0.0007207280385754594,-0.0002240378385176882,0.003925696596386842,0.07668421052631579,0.00019336842105263159,0.04736842105263158
2951,-0.6760937500000019,200,0,0,1,0.045747204337512705,0.045,1.0,1.0,-0.001086887059875375,-0.0003688337820349261,0.003933922483003698,0.07668421052631579,0.00019336842105263159,0.04736842105263158
2952,-2.8244999999999996,200,0,0,1,0.04573170731707317,0.045,1.0,1.0,-0.0011959211984854962,-0.0009972598442109302,0.0030731043649138883,0.07668421052631579,0.00019336842105263159,0.04736842105263158
2953,-0.842718750000002,200,0,0,1,0.0457162207924145,0.045,1.0,1.0,0.0008240616330350953,-0.00034583326801657674,0.003680965888313949,0.07668421052631579,0.00019336842105263159,0.04736842105263158
2954,-2.787312500000001,200,0,0,1,0.045700744752877456,0.045,1.0,1.0,0.000199110015805121,-0.00020869186683557928,0.0036084846595767885,0.07668421052631579,0.00019336842105263159,0.04736842105263158
2955,-2.919999999999999,200,0,0,1,0.04568527918781726,0.045,1.0,1.0,0.0003472868465790501,-6.911545596085489e-05,0.0035946519661229103,0.07668421052631579,0.00019336842105263159,0.04736842105263158
2956,-2.7521250000000004,200,0,0,1,0.04566982408660352,0.045,1.0,1.0,0.0001708004326548956,0.00016250248707365246,0.0034312561369733885,0.07668421052631579,0.00019336842105263159,0.04736842105263158
2957,-0.6070312500000017,200,0,0,1,0.045654379438620225,0.045,1.0,1.0,0.0028102419323337256,0.000904879329376854,0.004266463366919197,0.07668421052631579,0.00019336842105263159,0.04736842105263158
2958,21.425125,43,1,1,1,0.04597701149425287,0.05,1.0,1.0,0.0020700972845536956,0.000888673619250767,0.004287842879421078,0.07668421052631579,0.00019336842105263159,0.04736842105263158
2959,19.94265625,152,1,0,1,0.04596147347076715,0.05,1.0,1.0,0.03301767969250741,0.006962611559545621,0.01025853978516534,0.07631578947368421,0.00019263157894736842,0.052631578947368425
2960,-0.8100000000000014,200,0,0,1,0.04594594594594595,0.05,1.0,1.0,0.0140429554936471,0.007639351625577546,0.010966430738917551,0.07631578947368421,0.00019263157894736842,0.052631578947368425
2961,-2.9099999999999993,200,0,0,1,0.04593042890915231,0.05,1.0,1.0,0.0048449871083644305,0.007630410507437773,0.010841364525607787,0.07631578947368421,0.00019263157894736842,0.052631578947368425
2962,-0.9151250000000015,200,0,0,1,0.04591492234976367,0.05,1.0,1.0,0.0013970434192034642,0.0074751510472269725,0.010788781780167483,0.07631578947368421,0.00019263157894736842,0.052631578947368425
2963,19.72165625,177,1,0,1,0.045899426257171784,0.05,1.0,1.0,-3.4569535898950474e-05,0.0074354315641103315,0.01057978438527789,0.07631578947368421,0.00019263157894736842,0.052631578947368425
2964,-2.91,200,0,0,1,0.04588394062078273,0.05,1.0,1.0,-0.0009644725301932963,0.005909493785497034,0.009261571595532586,0.07631578947368421,0.00019263157894736842,0.052631578947368425
2965,20.341718750000002,130,1,0,1,0.045868465430016866,0.05,1.0,1.0,0.03178520532735118,0.00643214111510315,0.010056275351293152,0.07631578947368421,0.00019263157894736842,0.052631578947368425
2966,-2.7900000000000014,200,0,0,1,0.045853000674308836,0.05,1.0,1.0,0.01181007316368404,0.005809017587365815,0.009621430279774358,0.07631578947368421,0.00019263157894736842,0.052631578947368425
2967,19.45825,195,1,0,1,0.045837546343107514,0.05,1.0,1.0,0.03358265890070139,0.01166140582904336,0.015575533908529905,0.07631578947368421,0.00019263157894736842,0.052631578947368425
2968,-0.7910000000000001,200,0,0,1,0.04582210242587601,0.05,1.0,1.0,0.013513900133733046,0.012127459105366143,0.01625047803806956,0.07631578947368421,0.00019263157894736842,0.052631578947368425
2969,-2.760000000000001,200,0,0,1,0.04580666891209161,0.05,1.0,1.0,0.004626509737841602,0.012215557443210855,0.01637874528346583,0.07631578947368421,0.00019263157894736842,0.052631578947368425
2970,-0.7812499999999998,200,0,0,1,0.04579124579124579,0.05,1.0,1.0,0.003934995652994118,0.012362353108939714,0.016168807212845422,0.07631578947368421,0.00019263157894736842,0.052631578947368425
2971,-0.639218749999995,200,0,0,1,0.04577583305284416,0.05,1.0,1.0,0.001156934642932881,0.006353633261052892,0.010224461600184441,0.07631578947368421,0.00019263157894736842,0.052631578947368425
2972,-2.827875,200,0,0,1,0.04576043068640646,0.05,1.0,1.0,-0.0003587197623754284,0.0003024097471497953,0.004039579333039001,0.07631578947368421,0.00019263157894736842,0.052631578947368425
2973,-2.8879062500000003,200,0,0,1,0.04574503868146653,0.05,1.0,1.0,-0.001118550817983671,-0.0004180747444042936,0.0036857408656505867,0.07631578947368421,0.00019263157894736842,0.052631578947368425
2974,19.680312500000003,175,1,0,1,0.04572965702757229,0.05,1.0,1.0,-0.0009202159892641827,-0.0004207503505749628,0.0034590260266559197,0.07631578947368421,0.00019263157894736842,0.052631578947368425
2975,-2.874062500000001,200,0,0,1,0.045714285714285714,0.05,1.0,1.0,-0.0011856757246743706,-0.0004432504490250722,0.003617968284408562,0.07631578947368421,0.00019263157894736842,0.052631578947368425
2976,-3.0120000000000013,200,0,0,1,0.0456989247311828,0.05,1.0,1.0,-0.0012045259279406693,-0.0011541942140538594,0.003067877157685871,0.07631578947368421,0.00019263157894736842,0.052631578947368425
2977,20.099843749999998,142,1,0,1,0.04568357406785355,0.05,1.0,1.0,0.029302496158530734,0.004978575380147959,0.009036660713936726,0.07631578947368421,0.00019263157894736842,0.052631578947368425
2978,-0.7861250000000012,200,0,0,1,0.04566823371390195,0.05,1.0,1.0,0.010489794589591362,0.005159020731669443,0.008865706052609312,0.07631578947368421,0.00019263157894736842,0.052631578947368425
2979,-2.8161875000000003,200,0,0,1,0.045652903658945955,0.05,1.0,1.0,0.003048354535671177,0.00513786027077731,0.008860510654842073,0.07631578947368421,0.00019263157894736842,0.052631578947368425
2980,-0.6425000000000016,200,0,0,1,0.04563758389261745,0.045,1.0,1.0,0.000762704092152294,0.005186905043410661,0.008846077563452128,0.07631578947368421,0.00019263157894736842,0.052631578947368425
2981,-2.91815625,200,0,0,1,0.04562227440456223,0.045,1.0,1.0,0.00015084493314823752,0.005415622839820571,0.008845658389036544,0.07668421052631579,0.00019336842105263159,0.04736842105263158
2982,-0.8381875000000014,200,0,0,1,0.04560697518443997,0.045,1.0,1.0,0.0012723778632280096,-3.77856717677787e-05,0.0035609366797143592,0.07668421052631579,0.00019336842105263159,0.04736842105263158
2983,-0.46396874999999976,200,0,0,1,0.045591686221924235,0.045,1.0,1.0,0.0023256945459221804,0.00039723535894881936,0.004367366499383934,0.07668421052631579,0.00019336842105263159,0.04736842105263158
2984,-0.8382500000000003,200,0,0,1,0.045576407506702415,0.04,1.0,1.0,0.00010378341079265172,0.0003804197693243623,0.004504083781037479,0.07668421052631579,0.00019336842105263159,0.04736842105263158
2985,-2.87828125,200,0,0,1,0.045561139028475715,0.04,1.0,1.0,-0.00045264404469986315,0.00035946910874918106,0.004495135526405647,0.07705263157894737,0.00019410526315789475,0.04210526315789474
2986,20.480125,122,1,0,1,0.04554588077695914,0.04,1.0,1.0,-0.000434842659145531,0.0004512574495747685,0.004437643443001434,0.07705263157894737,0.00019410526315789475,0.04210526315789474
2987,19.6165625,195,1,0,1,0.04553063274188149,0.04,1.0,1.0,0.02958612064827452,0.005804640015005134,0.00987808333116118,0.07705263157894737,0.00019410526315789475,0.04210526315789474
2988,19.874624999999998,175,1,0,1,0.04551539491298527,0.04,1.0,1.0,0.01245424161240181,0.00607335381838493,0.010092621450545266,0.07705263157894737,0.00019410526315789475,0.04210526315789474
2989,21.846375000000002,23,1,1,1,0.045834727333556376,0.045,1.0,1.0,0.011102919913191159,0.0061118873114464805,0.010119677798938938,0.07705263157894737,0.00019410526315789475,0.04210526315789474
2990,19.699375,180,1,0,1,0.045819397993311035,0.045,1.0,1.0,0.0040121973701894974,0.005544232914457097,0.009680685577215627,0.07668421052631579,0.00019336842105263159,0.04736842105263158
2991,20.614593749999997,96,1,0,1,0.045804078903376795,0.045,1.0,1.0,0.002473004934278059,0.005623375413706526,0.00949268809496425,0.07668421052631579,0.00019336842105263159,0.04736842105263158
2992,-2.758500000000002,200,0,0,1,0.04578877005347594,0.045,1.0,1.0,0.0008480438987720507,0.005741612869896926,0.009642794687184505,0.07668421052631579,0.00019336842105263159,0.04736842105263158
2993,20.313218749999997,137,1,0,1,0.04577347143334447,0.045,1.0,1.0,0.0322579226746505,0.012392538121785037,0.01626340727659408,0.07668421052631579,0.00019336842105263159,0.04736842105263158
2994,20.2771875,137,1,0,1,0.04575818303273213,0.045,1.0,1.0,0.015467455195086051,0.012165329778916203,0.01611536306340713,0.07668421052631579,0.00019336842105263159,0.04736842105263158
2995,19.599843749999998,183,1,0,1,0.04574290484140234,0.045,1.0,1.0,0.006887785530059508,0.006625462136464194,0.010285541707416997,0.07668421052631579,0.00019336842105263159,0.04736842105263158
2996,-0.7317500000000023,200,0,0,1,0.045727636849132176,0.04,1.0,1.0,0.003794948357940221,0.007159005368128419,0.010703605299815535,0.07668421052631579,0.00019336842105263159,0.04736842105263158
2997,-2.9926874999999944,200,0,0,1,0.045712379045712376,0.04,1.0,1.0,0.00023204480388424535,0.0068512593368068335,0.010817495146766306,0.07705263157894737,0.00019410526315789475,0.04210526315789474
2998,-0.8073750000000008,200,0,0,1,0.0456971314209473,0.04,1.0,1.0,-0.00038959673770248376,0.006717998742358759,0.010899970983853563,0.07705263157894737,0.00019410526315789475,0.04210526315789474
2999,-0.8587187500000019,200,0,0,1,0.045681893964654885,0.04,1.0,1.0,0.0015521242556704596,0.00082351987157017,0.0049786625076085325,0.07705263157894737,0.00019410526315789475,0.04210526315789474
3000,19.67625,171,1,0,1,0.04566666666666667,0.04,1.0,1.0,-8.409125602479717e-05,0.00019138700375697227,0.004436516303107055,0.07705263157894737,0.00019410526315789475,0.04210526315789474
3001,19.4621875,194,1,0,1,0.04565144951682772,0.04,1.0,1.0,0.02945836044440747,0.005578677779765713,0.00967919664387955,0.07705263157894737,0.00019410526315789475,0.04210526315789474
3002,-2.7564375,200,0,0,1,0.04563624250499667,0.04,1.0,1.0,0.010184287651501166,0.005681360238235357,0.00967358866613722,0.07705263157894737,0.00019410526315789475,0.04210526315789474
3003,-0.7930624999999971,200,0,0,1,0.045621045621045624,0.04,1.0,1.0,0.0030896287795492746,0.005613009782511654,0.009457699385009618,0.07705263157894737,0.00019410526315789475,0.04210526315789474
3004,-2.8066250000000013,200,0,0,1,0.04560585885486019,0.04,1.0,1.0,0.0001483262901480967,0.004840598286366003,0.008809395125372248,0.07705263157894737,0.00019410526315789475,0.04210526315789474
3005,-0.6434375000000012,200,0,0,1,0.04559068219633943,0.04,1.0,1.0,-0.001356556794540569,0.004674843829823658,0.008913240680238231,0.07705263157894737,0.00019410526315789475,0.04210526315789474
3006,21.226375,70,1,1,1,0.04590818363273453,0.045,1.0,1.0,0.028794061912648366,0.010588198263430968,0.014933280905010178,0.07705263157894737,0.00019410526315789475,0.04210526315789474
3007,-2.97309375,200,0,0,1,0.045892916528101096,0.045,1.0,1.0,0.009759802500588954,0.0045688379385974255,0.008921689489623531,0.07668421052631579,0.00019336842105263159,0.04736842105263158
3008,-0.858000000000001,200,0,0,1,0.045877659574468085,0.045,1.0,1.0,0.0026098556753797832,0.004527705371379852,0.008851150401867926,0.07668421052631579,0.00019336842105263159,0.04736842105263158
3009,-0.6941875000000018,200,0,0,1,0.045862412761714856,0.045,1.0,1.0,0.003144222979101434,0.005360831038793549,0.009659786292584613,0.07668421052631579,0.00019336842105263159,0.04736842105263158
3010,21.565625,44,1,1,1,0.04617940199335548,0.05,1.0,1.0,0.002482478146591761,0.005465243000071496,0.009558583368081599,0.07668421052631579,0.00019336842105263159,0.04736842105263158
3011,-0.7754687500000018,200,0,0,1,0.04616406509465294,0.05,1.0,1.0,0.0022043725886453413,0.006155794579302892,0.010104450518498197,0.07631578947368421,0.00019263157894736842,0.052631578947368425
3012,-0.7356250000000021,200,0,0,1,0.04614873837981408,0.05,1.0,1.0,0.00019266829592086144,0.00026698831445537505,0.004017799584427849,0.07631578947368421,0.00019263157894736842,0.052631578947368425
3013,-0.9091562500000002,200,0,0,1,0.04613342183869897,0.05,1.0,1.0,-0.000388283350595818,0.0004040582273155451,0.004086227090097963,0.07631578947368421,0.00019263157894736842,0.052631578947368425
3014,-3.0232500000000004,200,0,0,1,0.04611811546118116,0.045,1.0,1.0,-0.00028941801301484365,0.0005950457074213773,0.004167563326423988,0.07631578947368421,0.00019263157894736842,0.052631578947368425
3015,20.09390625,142,1,0,1,0.046102819237147596,0.045,1.0,1.0,0.029515832318556763,0.005922784113325179,0.00926603243406862,0.07668421052631579,0.00019336842105263159,0.04736842105263158
3016,-0.6977499999999993,200,0,0,1,0.046087533156498675,0.045,1.0,1.0,0.010282018494730236,0.005214184858021326,0.008822923248517326,0.07668421052631579,0.00019336842105263159,0.04736842105263158
3017,-0.7478437500000022,200,0,0,1,0.04607225720914816,0.045,1.0,1.0,0.004418014921559034,0.005897283990634605,0.009549624470993877,0.07668421052631579,0.00019336842105263159,0.04736842105263158
3018,-0.9986250000000008,200,0,0,1,0.04605699138502319,0.045,1.0,1.0,0.0007490470678022041,0.0057842081433627755,0.009704572403337806,0.07668421052631579,0.00019336842105263159,0.04736842105263158
3019,-2.9606562500000013,200,0,0,1,0.04604173567406426,0.045,1.0,1.0,0.00021346477553734454,0.00580452534777578,0.00980347402242478,0.07668421052631579,0.00019336842105263159,0.04736842105263158
3020,21.035,87,1,0,1,0.04602649006622517,0.045,1.0,1.0,0.030007416681446786,0.011734455938800238,0.015731501675560138,0.07668421052631579,0.00019336842105263159,0.04736842105263158
3021,-2.5770312500000006,200,0,0,1,0.04601125455147302,0.045,1.0,1.0,0.010380098834322591,0.005733602799475193,0.01002202801569365,0.07668421052631579,0.00019336842105263159,0.04736842105263158
3022,20.673375,117,1,0,1,0.04599602911978822,0.045,1.0,1.0,0.03537468491939957,0.011737140785437077,0.015882654602872207,0.07668421052631579,0.00019336842105263159,0.04736842105263158
3023,-0.718406250000001,200,0,0,1,0.045980813761164405,0.045,1.0,1.0,0.012362013201116953,0.011070743633899838,0.01510667167743668,0.07668421052631579,0.00019336842105263159,0.04736842105263158
3024,-0.7190000000000013,200,0,0,1,0.045965608465608467,0.045,1.0,1.0,0.005685708183260693,0.011939536054502242,0.015764432627824135,0.07668421052631579,0.00019336842105263159,0.04736842105263158
3025,-2.929531250000001,200,0,0,1,0.045950413223140495,0.045,1.0,1.0,0.0019401472458083287,0.011953546737204305,0.015680790132959373,0.07668421052631579,0.00019336842105263159,0.04736842105263158
3026,20.352625,128,1,0,1,0.04593522802379379,0.045,1.0,1.0,0.0005398688298680907,0.005890477303531952,0.009546825981582515,0.07668421052631579,0.00019336842105263159,0.04736842105263158
3027,-3.1312187500000004,200,0,0,1,0.0459200528576148,0.045,1.0,1.0,0.00028933115252544804,0.006046433800482191,0.009255728334537708,0.07668421052631579,0.00019336842105263159,0.04736842105263158
3028,19.692999999999998,182,1,0,1,0.045904887714663146,0.045,1.0,1.0,3.802919494323325e-05,0.00022235916077625008,0.0033466323906322943,0.07668421052631579,0.00019336842105263159,0.04736842105263158
3029,19.40171875,200,1,0,1,0.045889732585011556,0.045,1.0,1.0,-0.00043150483448082134,-0.00044013574661221354,0.002911233128164895,0.07668421052631579,0.00019336842105263159,0.04736842105263158
3030,-0.8293750000000013,200,0,0,1,0.045874587458745876,0.04,1.0,1.0,-0.0005541968750742587,-0.0004418118091998622,0.002968481235788204,0.07668421052631579,0.00019336842105263159,0.04736842105263158
3031,20.0216875,151,1,0,1,0.04585945232596503,0.04,1.0,1.0,0.029307811522736146,0.0054845773299457504,0.008922129384358414,0.07705263157894737,0.00019410526315789475,0.04210526315789474
3032,-2.719499999999995,200,0,0,1,0.045844327176781004,0.04,1.0,1.0,0.010652194351692398,0.005653814660268835,0.009392447188845836,0.07705263157894737,0.00019410526315789475,0.04210526315789474
3033,20.53153125,124,1,0,1,0.04582921200131883,0.04,1.0,1.0,0.005427654124799276,0.005469986059935763,0.00936569737852551,0.07705263157894737,0.00019410526315789475,0.04210526315789474
3034,20.5916875,124,1,0,1,0.04581410678971654,0.035,1.0,1.0,0.03571384632458765,0.012275649663177318,0.016230205593048594,0.07705263157894737,0.00019410526315789475,0.04210526315789474
3035,-2.8598437499999974,200,0,0,1,0.045799011532125206,0.035,1.0,1.0,0.012906902357818864,0.01232554085541051,0.01621181302901823,0.07742105263157895,0.0001948421052631579,0.0368421052631579
3036,-0.568875,200,0,0,1,0.045783926218708824,0.035,1.0,1.0,0.004221316771993287,0.012273475832007535,0.016065707715628378,0.07742105263157895,0.0001948421052631579,0.0368421052631579
3037,-0.8296250000000013,200,0,0,1,0.04576885083964439,0.03,1.0,1.0,0.000981917590081542,0.006160084155439108,0.010008068220740825,0.07742105263157895,0.0001948421052631579,0.0368421052631579
3038,-2.8800625000000006,200,0,0,1,0.045753785385121794,0.03,1.0,1.0,0.00023928391314360006,0.0061244571382922,0.009969796604644216,0.07778947368421053,0.00019557894736842106,0.031578947368421054
3039,-0.789968750000002,200,0,0,1,0.04573872984534386,0.03,1.0,1.0,0.0010272369282929756,-0.00012584817858441965,0.0037710946446095476,0.07778947368421053,0.00019557894736842106,0.031578947368421054
3040,-2.929999999999999,200,0,0,1,0.04572368421052632,0.03,1.0,1.0,-0.0001450651024489433,-0.0001740613781803404,0.003876331729865342,0.07778947368421053,0.00019557894736842106,0.031578947368421054
3041,19.72990625,168,1,0,1,0.04570864847089773,0.03,1.0,1.0,0.029661654488812073,0.005955081744119525,0.009948324095690624,0.07778947368421053,0.00019557894736842106,0.031578947368421054
3042,19.7095625,176,1,0,1,0.04569362261669954,0.03,1.0,1.0,0.01423130242881608,0.006572496827924624,0.010583466863725334,0.07778947368421053,0.00019557894736842106,0.031578947368421054
3043,-2.959812500000001,200,0,0,1,0.045678606638186,0.03,1.0,1.0,0.0043264125811826575,0.006510886235511861,0.010413950933259912,0.07778947368421053,0.00019557894736842106,0.031578947368421054
3044,-0.8203750000000022,200,0,0,1,0.04566360052562418,0.03,1.0,1.0,0.00092446747725598,0.005715567281120457,0.009731373452232218,0.07778947368421053,0.00019557894736842106,0.031578947368421054
3045,20.8990625,91,1,0,1,0.04564860426929392,0.03,1.0,1.0,0.0005853537658090168,0.005741242230287753,0.009643717898870818,0.07778947368421053,0.00019557894736842106,0.031578947368421054
3046,20.2994375,117,1,0,1,0.04563361785948785,0.03,1.0,1.0,0.00034943267681145535,0.005910580214112997,0.009434646424138918,0.07778947368421053,0.00019557894736842106,0.031578947368421054
3047,19.2495625,199,1,0,1,0.04561864128651132,0.03,1.0,1.0,0.0013695551088970298,0.0064438093739445325,0.009928481182490942,0.07778947368421053,0.00019557894736842106,0.031578947368421054
3048,-0.7215000000000005,200,0,0,1,0.04560367454068241,0.03,1.0,1.0,-0.000276439415324697,-0.00029651462548645213,0.0032867359527735973,0.07778947368421053,0.00019557894736842106,0.031578947368421054
3049,-0.6714062500000016,200,0,0,1,0.045588717612331915,0.03,1.0,1.0,-0.0008960626324183745,-0.00022437835246091707,0.003380953447718639,0.07778947368421053,0.00019557894736842106,0.031578947368421054
3050,-0.8124999999999989,200,0,0,1,0.04557377049180328,0.03,1.0,1.0,-0.0007433033193610292,-0.00015992570336675272,0.0033446034168009646,0.07778947368421053,0.00019557894736842106,0.031578947368421054
3051,-0.6613750000000002,200,0,0,1,0.04555883316945264,0.03,1.0,1.0,-0.0013396063518550001,-0.0005294379049446434,0.0034318306787172333,0.07778947368421053,0.00019557894736842106,0.031578947368421054
3052,19.797749999999997,178,1,0,1,0.04554390563564875,0.03,1.0,1.0,-0.0011345600835294704,-0.0011277894401573575,0.002892736580746714,0.07778947368421053,0.00019557894736842106,0.031578947368421054
3053,-2.7512187500000005,200,0,0,1,0.04552898788077301,0.03,1.0,1.0,-0.0012433454641231567,-0.0011519310409785247,0.0028577032052562574,0.07778947368421053,0.00019557894736842106,0.031578947368421054
3054,-3.108687500000001,200,0,0,1,0.045514079895219384,0.03,1.0,1.0,-0.0006209234308642438,-0.0010284601868479513,0.0028619388890801928,0.07778947368421053,0.00019557894736842106,0.031578947368421054
3055,-2.9400000000000013,200,0,0,1,0.045499181669394435,0.03,1.0,1.0,-0.00018795552055458285,-0.0008538525741896592,0.002864091149473097,0.07778947368421053,0.00019557894736842106,0.031578947368421054
3056,-0.7140000000000017,200,0,0,1,0.04548429319371728,0.03,1.0,1.0,0.0018058863148906607,-5.5223221716005354e-05,0.0034627752884407526,0.07778947368421053,0.00019557894736842106,0.031578947368421054
3057,21.067875,75,1,1,1,0.04579653254824992,0.035,1.0,1.0,0.004127616089196157,0.000733092462120112,0.003906563557742629,0.07778947368421053,0.00019557894736842106,0.031578947368421054
3058,-0.5439375000000017,200,0,0,1,0.04578155657292348,0.035,1.0,1.0,0.0011457312910163038,0.0008019779120222666,0.004058016874303576,0.07742105263157895,0.0001948421052631579,0.0368421052631579
3059,-2.8405937500000005,200,0,0,1,0.04576659038901602,0.035,1.0,1.0,-0.0005466701343957357,0.0007159242666675709,0.004377142611483578,0.07742105263157895,0.0001948421052631579,0.0368421052631579
3060,-0.941250000000002,200,0,0,1,0.0457516339869281,0.035,1.0,1.0,-0.0006695475781078637,0.0006805017789010889,0.00423132415272994,0.07742105263157895,0.0001948421052631579,0.0368421052631579
3061,19.733437499999997,186,1,0,1,0.04573668735707285,0.035,1.0,1.0,-0.00046048533546082807,0.0006305505941854789,0.0041487815770087765,0.07742105263157895,0.0001948421052631579,0.0368421052631579
3062,20.115875,134,1,0,1,0.045721750489875895,0.035,1.0,1.0,-0.0004116583343974749,1.070910133421421e-05,0.0033946625851094723,0.07742105263157895,0.0001948421052631579,0.0368421052631579
3063,-2.868562500000001,200,0,0,1,0.045706823375775384,0.035,1.0,1.0,6.832254664600461e-05,-0.000609136626824693,0.0028916239764093916,0.07742105263157895,0.0001948421052631579,0.0368421052631579
3064,19.685499999999998,177,1,0,1,0.04569190600522193,0.035,1.0,1.0,0.02895991111356077,0.005229599971205971,0.009002186395346144,0.07742105263157895,0.0001948421052631579,0.0368421052631579
3065,20.2821875,139,1,0,1,0.04567699836867863,0.035,1.0,1.0,0.013778691661853408,0.005282031736451245,0.00875254490028783,0.07742105263157895,0.0001948421052631579,0.0368421052631579
3066,-0.7032500000000015,200,0,0,1,0.045662100456621,0.035,1.0,1.0,0.00464633891303984,0.005287235474794216,0.00882344217354148,0.07742105263157895,0.0001948421052631579,0.0368421052631579
3067,-2.9200000000000017,200,0,0,1,0.04564721225953701,0.035,1.0,1.0,0.001073009210076784,0.005123374275279275,0.009040766767810056,0.07742105263157895,0.0001948421052631579,0.0368421052631579
3068,-2.7735000000000016,200,0,0,1,0.04563233376792699,0.035,1.0,1.0,-0.00039229445733012175,0.004995483460252217,0.009148037269364067,0.07742105263157895,0.0001948421052631579,0.0368421052631579
3069,-0.7718125000000011,200,0,0,1,0.045617464972303685,0.035,1.0,1.0,-0.0011153249327972986,0.00478586456424091,0.008786679452634416,0.07742105263157895,0.0001948421052631579,0.0368421052631579
3070,20.9153125,86,1,0,1,0.04560260586319218,0.035,1.0,1.0,-0.0008432751460905974,-0.0011254620434483513,0.002665917592472397,0.07742105263157895,0.0001948421052631579,0.0368421052631579
3071,-0.6648437500000017,200,0,0,1,0.045587756431129924,0.035,1.0,1.0,-0.0006191639633528096,-0.0010063735791482032,0.002896978008095175,0.07742105263157895,0.0001948421052631579,0.0368421052631579
3072,-0.736000000000001,200,0,0,1,0.045572916666666664,0.035,1.0,1.0,-0.0007640334454145636,-0.0009719330929219723,0.003046364611014724,0.07742105263157895,0.0001948421052631579,0.0368421052631579
3073,-0.704125000000001,200,0,0,1,0.04555808656036447,0.035,1.0,1.0,0.0019077300125383047,-0.00024770843429723757,0.003902041890716646,0.07742105263157895,0.0001948421052631579,0.0368421052631579
3074,-0.8200000000000005,200,0,0,1,0.04554326610279766,0.03,1.0,1.0,1.3628087008933816e-05,-0.00017676787328673525,0.0038370601592469028,0.07742105263157895,0.0001948421052631579,0.0368421052631579
3075,-0.8489062500000021,200,0,0,1,0.04552845528455285,0.03,1.0,1.0,-0.0002861092980972527,-6.815466127591208e-05,0.004291217119258363,0.07778947368421053,0.00019557894736842106,0.031578947368421054
3076,-2.8900000000000015,200,0,0,1,0.045513654096228866,0.03,1.0,1.0,-0.0007085415984656916,-0.0001736846544663422,0.004212606693792622,0.07778947368421053,0.00019557894736842106,0.031578947368421054
3077,-2.8246249999999993,200,0,0,1,0.04549886252843679,0.03,1.0,1.0,1.6635529445021332e-05,-1.791549607878551e-05,0.004175735412107315,0.07778947368421053,0.00019557894736842106,0.031578947368421054
3078,-2.850000000000001,200,0,0,1,0.04548408057179987,0.03,1.0,1.0,0.0007596928675201431,-0.0003915801686234772,0.003564428010955453,0.07778947368421053,0.00019557894736842106,0.031578947368421054
3079,20.98390625,87,1,0,1,0.04546930821695356,0.03,1.0,1.0,0.00027929601121686793,-0.0003957192209782079,0.003626010353327729,0.07778947368421053,0.00019557894736842106,0.031578947368421054
3080,-2.8249999999999993,200,0,0,1,0.045454545454545456,0.03,1.0,1.0,-0.00028667761341390294,-0.0003327087202342227,0.003762981286388822,0.07778947368421053,0.00019557894736842106,0.031578947368421054
3081,-2.9000000000000004,200,0,0,1,0.04543979227523531,0.03,1.0,1.0,-0.0002683465627235527,-0.0002090771977091208,0.00345710712170694,0.07778947368421053,0.00019557894736842106,0.031578947368421054
3082,-2.7826250000000003,200,0,0,1,0.045425048669695,0.03,1.0,1.0,-0.00055279930685098,-0.00016124740580562502,0.0035152630178490653,0.07778947368421053,0.00019557894736842106,0.031578947368421054
3083,-0.8240312500000008,200,0,0,1,0.0454103146286085,0.03,1.0,1.0,-0.0007341220149990815,-0.0004193166005425155,0.003413789230864495,0.07778947368421053,0.00019557894736842106,0.031578947368421054
3084,-2.8600000000000003,200,0,0,1,0.04539559014267185,0.03,1.0,1.0,-0.000715107176904686,-0.0006877199230948463,0.003109661970869638,0.07778947368421053,0.00019557894736842106,0.031578947368421054
3085,-0.6942187500000017,200,0,0,1,0.04538087520259319,0.03,1.0,1.0,-0.0007674399158869057,-0.0006454699885798618,0.0030173596170498056,0.07778947368421053,0.00019557894736842106,0.031578947368421054
3086,-2.97,200,0,0,1,0.04536616979909268,0.03,1.0,1.0,-0.0009724177082195205,-0.0008592092213220894,0.0030685205250047145,0.07778947368421053,0.00019557894736842106,0.031578947368421054
3087,-0.7744062500000012,200,0,0,1,0.045351473922902494,0.03,1.0,1.0,-7.231702891609217e-05,-0.0006426854061428457,0.002968403827631846,0.07778947368421053,0.00019557894736842106,0.031578947368421054
3088,-2.869999999999999,200,0,0,1,0.04533678756476684,0.03,1.0,1.0,-0.0008300207470341846,-0.0007467157305673026,0.003154287680006746,0.07778947368421053,0.00019557894736842106,0.031578947368421054
3089,-2.699187500000002,200,0,0,1,0.04532211071544189,0.03,1.0,1.0,-0.0006067866021567167,-0.00068617183227434,0.003166363518934304,0.07778947368421053,0.00019557894736842106,0.031578947368421054
3090,20.14375,143,1,0,1,0.045307443365695796,0.03,1.0,1.0,0.02987215653813896,0.005334491374598656,0.009376337875453828,0.07778947368421053,0.00019557894736842106,0.031578947368421054
3091,-0.8915937500000006,200,0,0,1,0.045292785506308636,0.03,1.0,1.0,0.011110557522617921,0.005572960465464348,0.009592744408220824,0.07778947368421053,0.00019557894736842106,0.031578947368421054
3092,-2.8432500000000007,200,0,0,1,0.045278137128072445,0.03,1.0,1.0,0.004072936304123894,0.005657183921246542,0.009922404931521668,0.07778947368421053,0.00019557894736842106,0.031578947368421054
3093,19.8500625,160,1,0,1,0.04526349822179114,0.03,1.0,1.0,0.004116638729862361,0.006555871770999147,0.010797603231518224,0.07778947368421053,0.00019557894736842106,0.031578947368421054
3094,19.956625,147,1,0,1,0.04524886877828054,0.03,1.0,1.0,0.0014447331721765637,0.00642130434833598,0.01086288116196738,0.07778947368421053,0.00019557894736842106,0.031578947368421054
3095,-0.5803125000000015,200,0,0,1,0.045234248788368334,0.03,1.0,1.0,0.0028190980976138752,0.007202118495482864,0.011555893418317283,0.07778947368421053,0.00019557894736842106,0.031578947368421054
3096,-0.6969999999999991,200,0,0,1,0.04521963824289406,0.03,1.0,1.0,0.0001658509100752534,0.0009629815738335311,0.005530162677514454,0.07778947368421053,0.00019557894736842106,0.031578947368421054
3097,-0.9817812500000014,200,0,0,1,0.045205037132709076,0.03,1.0,1.0,-0.0004026856424539507,0.0007374871698302741,0.005066862253555882,0.07778947368421053,0.00019557894736842106,0.031578947368421054
3098,-3.0281875,200,0,0,1,0.045190445448676564,0.03,1.0,1.0,-0.0005788647784710396,-0.00023437941490556113,0.004021840773260919,0.07778947368421053,0.00019557894736842106,0.031578947368421054
3099,-0.803687499999996,200,0,0,1,0.04517586318167151,0.025,1.0,1.0,0.0029338767993516484,0.0007114933385455515,0.004591172407293925,0.07778947368421053,0.00019557894736842106,0.031578947368421054
3100,-0.7868750000000021,200,0,0,1,0.04516129032258064,0.025,1.0,1.0,0.0004483150276687506,-4.0918363316450266e-05,0.0038622435145662165,0.0781578947368421,0.00019631578947368423,0.026315789473684213
3101,-0.7533437500000011,200,0,0,1,0.045146726862302484,0.025,1.0,1.0,-0.00019254464599082182,0.00012413800013018773,0.0038635503233526835,0.0781578947368421,0.00019631578947368423,0.026315789473684213
3102,-2.9100000000000006,200,0,0,1,0.04513217279174726,0.025,1.0,1.0,-0.00015413302919954508,0.0002698794737589196,0.00398029144040629,0.0781578947368421,0.00019631578947368423,0.026315789473684213
3103,-2.725906249999999,200,0,0,1,0.045117628101836935,0.025,1.0,1.0,0.0008245161512985292,0.0005543015153161832,0.004302495394913421,0.0781578947368421,0.00019631578947368423,0.026315789473684213
3104,-2.8840000000000017,200,0,0,1,0.045103092783505154,0.025,1.0,1.0,4.572449523099749e-05,-0.0001947721418036963,0.003663582317523833,0.0781578947368421,0.00019631578947368423,0.026315789473684213
3105,-2.9279687500000007,200,0,0,1,0.04508856682769726,0.025,1.0,1.0,0.00042609399760681736,1.526915797876427e-05,0.003881466691753303,0.0781578947368421,0.00019631578947368423,0.026315789473684213
3106,-0.5247500000000008,200,0,0,1,0.04507405022537025,0.025,1.0,1.0,7.527680154487731e-05,8.17944061018352e-05,0.0037296042285270233,0.0781578947368421,0.00019631578947368423,0.026315789473684213
3107,-2.827906249999999,200,0,0,1,0.04505954296749276,0.025,1.0,1.0,-8.379998221786997e-05,3.0477934644295603e-05,0.00365873676711999,0.0781578947368421,0.00019631578947368423,0.026315789473684213
3108,20.391499999999997,124,1,0,1,0.04504504504504504,0.025,1.0,1.0,0.0018538828211478189,0.0007775380316124938,0.004417119623354665,0.0781578947368421,0.00019631578947368423,0.026315789473684213
3109,-2.90215625,200,0,0,1,0.045030556449018974,0.025,1.0,1.0,0.0009373702491782674,0.0005806968480574141,0.004278023144161125,0.0781578947368421,0.00019631578947368423,0.026315789473684213
3110,-0.7465625000000015,200,0,0,1,0.04501607717041801,0.025,1.0,1.0,0.00011069902362547853,0.0006214810811325151,0.004269299421564938,0.0781578947368421,0.00019631578947368423,0.026315789473684213
3111,-2.738875,200,0,0,1,0.04500160720025715,0.025,1.0,1.0,-0.0001360640840901993,0.00044721651322834075,0.003899795133726002,0.0781578947368421,0.00019631578947368423,0.026315789473684213
3112,-2.946750000000001,200,0,0,1,0.04498714652956298,0.025,1.0,1.0,0.0008065499296992462,0.0007292878411826678,0.0042989770257263445,0.0781578947368421,0.00019631578947368423,0.026315789473684213
3113,-0.8422812500000019,200,0,0,1,0.0449726951493736,0.025,1.0,1.0,-0.0001996718726548699,-2.658206468913704e-05,0.0035561177375493572,0.0781578947368421,0.00019631578947368423,0.026315789473684213
3114,-2.997687500000001,200,0,0,1,0.0449582530507386,0.025,1.0,1.0,-0.0006868023262133504,-0.00024163274798775093,0.003423885359952692,0.0781578947368421,0.00019631578947368423,0.026315789473684213
3115,-2.8753124999999997,200,0,0,1,0.0449438202247191,0.025,1.0,1.0,-0.0009707719023167344,-0.0003384421223890968,0.0033815320730791426,0.0781578947368421,0.00019631578947368423,0.026315789473684213
3116,-2.9176250000000006,200,0,0,1,0.044929396662387676,0.025,1.0,1.0,8.920537088097065e-05,-0.00022881240607239305,0.0035021567069925368,0.0781578947368421,0.00019631578947368423,0.026315789473684213
3117,19.9855625,164,1,0,1,0.04491498235482836,0.025,1.0,1.0,0.029980490958043053,0.005574318122991827,0.00927026041719364,0.0781578947368421,0.00019631578947368423,0.026315789473684213
3118,21.1029375,76,1,0,1,0.04490057729313662,0.025,1.0,1.0,0.020687184383032214,0.005579601023287978,0.009090085666452068,0.0781578947368421,0.00019631578947368423,0.026315789473684213
3119,-0.6697500000000015,200,0,0,1,0.04488618146841936,0.025,1.0,1.0,0.007055472175544232,0.005545604174083564,0.008987520181282889,0.0781578947368421,0.00019631578947368423,0.026315789473684213
3120,-2.9875000000000003,200,0,0,1,0.04487179487179487,0.025,1.0,1.0,0.0026720714172521493,0.005629284358525183,0.009165690995578188,0.0781578947368421,0.00019631578947368423,0.026315789473684213
3121,21.31240625,53,1,1,1,0.045177827619352774,0.03,1.0,1.0,0.001934985286544964,0.005667466553801205,0.009057925901201087,0.0781578947368421,0.00019631578947368423,0.026315789473684213
3122,21.6971875,35,1,1,1,0.04548366431774504,0.035,1.0,1.0,0.0014183074049562887,0.005668658973358106,0.009042277454922441,0.07778947368421053,0.00019557894736842106,0.031578947368421054
3123,-3.0448125000000004,200,0,0,1,0.04546910022414345,0.035,1.0,1.0,-0.0005614321740439757,0.005514705921872519,0.00921641966945026,0.07742105263157895,0.0001948421052631579,0.0368421052631579
3124,-2.770000000000002,200,0,0,1,0.045454545454545456,0.035,1.0,1.0,-0.0004082067361129261,0.005418060875555966,0.009133170057961252,0.07742105263157895,0.0001948421052631579,0.0368421052631579
3125,-0.7132812500000019,200,0,0,1,0.04544,0.035,1.0,1.0,-0.0008459955209443135,-0.0008465511401882396,0.003185495635843836,0.07742105263157895,0.0001948421052631579,0.0368421052631579
3126,-2.9226875000000008,200,0,0,1,0.045425463851567496,0.035,1.0,1.0,-0.0009213892553793077,-0.0008101345574250445,0.0031623684851219878,0.07742105263157895,0.0001948421052631579,0.0368421052631579
3127,-2.803593750000001,200,0,0,1,0.0454109370003198,0.035,1.0,1.0,-0.0006816392181891455,-0.0008799851493531605,0.003048088541123434,0.07742105263157895,0.0001948421052631579,0.0368421052631579
3128,-0.8455000000000019,200,0,0,1,0.04539641943734015,0.035,1.0,1.0,-0.0004164158253725219,-0.0005658338961511617,0.0027942431301198668,0.07742105263157895,0.0001948421052631579,0.0368421052631579
3129,-0.6566875000000014,200,0,0,1,0.04538191115372323,0.035,1.0,1.0,-0.0007892392832693531,-0.0006439144838223001,0.0027524377427616854,0.07742105263157895,0.0001948421052631579,0.0368421052631579
3130,20.580312499999998,112,1,0,1,0.04536741214057508,0.035,1.0,1.0,0.029612143674925602,0.0054356472389044935,0.008979939937140443,0.07742105263157895,0.0001948421052631579,0.0368421052631579
3131,-0.802843750000002,200,0,0,1,0.045352922389013096,0.035,1.0,1.0,0.012796500889154658,0.006242535549841705,0.00979119840382191,0.07742105263157895,0.0001948421052631579,0.0368421052631579
3132,-2.9656249999999997,200,0,0,1,0.04533844189016603,0.035,1.0,1.0,0.0042174913842671575,0.006222618978950777,0.009984258622323978,0.07742105263157895,0.0001948421052631579,0.0368421052631579
3133,-0.6645312500000014,200,0,0,1,0.04532397063517395,0.035,1.0,1.0,0.0013047735764706442,0.006097637441082043,0.010043722445014282,0.07742105263157895,0.0001948421052631579,0.0368421052631579
3134,21.316499999999998,64,1,1,1,0.04562858966177409,0.04,1.0,1.0,0.003985892391909239,0.006843239486697712,0.01072626356575347,0.07742105263157895,0.0001948421052631579,0.0368421052631579
3135,21.3121875,56,1,1,1,0.045933014354066985,0.045,1.0,1.0,0.03317798383551415,0.012833660245829378,0.016750163174569024,0.07705263157894737,0.00019410526315789475,0.04210526315789474
3136,21.518,44,1,1,1,0.04623724489795918,0.05,1.0,1.0,0.02616486410307301,0.01283577772830904,0.01674734239220561,0.07668421052631579,0.00019336842105263159,0.04736842105263158
3137,21.42484375,45,1,1,1,0.04654128147912018,0.055,1.0,1.0,0.020801695215649105,0.012816833730976213,0.01670137347151467,0.07631578947368421,0.00019263157894736842,0.052631578947368425
3138,-2.979999999999999,200,0,0,1,0.04652644996813257,0.055,1.0,1.0,0.007019642114140359,0.0066741366321075475,0.010371633045739145,0.07594736842105264,0.00019189473684210528,0.05789473684210526
3139,-2.843093749999998,200,0,0,1,0.046511627906976744,0.055,1.0,1.0,0.0025313741935855515,0.005957421093422454,0.009676582699816208,0.07594736842105264,0.00019189473684210528,0.05789473684210526
3140,-0.8293750000000017,200,0,0,1,0.0464968152866242,0.055,1.0,1.0,0.0003494875999005416,0.006029466024658177,0.009582113229960668,0.07594736842105264,0.00019189473684210528,0.05789473684210526
3141,-0.8394687499999993,200,0,0,1,0.04648201209805794,0.055,1.0,1.0,0.0025683847473177332,0.006554015272355173,0.010359900154930074,0.07594736842105264,0.00019189473684210528,0.05789473684210526
3142,-0.7027500000000021,200,0,0,1,0.046467218332272436,0.055,1.0,1.0,0.0004210641481774434,-0.0001477068583481014,0.0036209703120402992,0.07594736842105264,0.00019189473684210528,0.05789473684210526
3143,-2.9803437499999994,200,0,0,1,0.04645243398027362,0.055,1.0,1.0,-0.000765889471621432,-0.00015851736717741006,0.0036783124143548777,0.07594736842105264,0.00019189473684210528,0.05789473684210526
3144,-2.9065,200,0,0,1,0.04643765903307888,0.055,1.0,1.0,-0.00041613329740804845,-0.00019106626091524957,0.0037468893011682667,0.07594736842105264,0.00019189473684210528,0.05789473684210526
3145,-0.5798437500000021,200,0,0,1,0.04642289348171701,0.055,1.0,1.0,-0.00028947645061843785,-7.062656455673277e-05,0.003830856900487561,0.07594736842105264,0.00019189473684210528,0.05789473684210526
3146,-0.8265625000000014,200,0,0,1,0.046408137317228225,0.055,1.0,1.0,-0.0007307726539191822,-0.0007078792923130095,0.003145156700455118,0.07594736842105264,0.00019189473684210528,0.05789473684210526
3147,-0.8500000000000015,200,0,0,1,0.04639339053066412,0.055,1.0,1.0,-0.0008340277835952718,-0.0007495706279878505,0.003032280705519952,0.07594736842105264,0.00019189473684210528,0.05789473684210526
3148,-0.6503750000000024,200,0,0,1,0.04637865311308768,0.055,1.0,1.0,-0.0006675976604982622,-0.0006026482653978747,0.0030847656521655153,0.07594736842105264,0.00019189473684210528,0.05789473684210526
3149,-0.8002187500000013,200,0,0,1,0.0463639250555732,0.055,1.0,1.0,-0.0007473360252153966,-0.0006320036262040958,0.0029017048167297617,0.07594736842105264,0.00019189473684210528,0.05789473684210526
3150,-0.6043750000000017,200,0,0,1,0.04634920634920635,0.055,1.0,1.0,-0.000986525777994701,-0.0007808071727631613,0.0031615377579582854,0.07594736842105264,0.00019189473684210528,0.05789473684210526
3151,-0.703875000000001,200,0,0,1,0.0463344969850841,0.055,1.0,1.0,-0.0011581877305619818,-0.000871302736864891,0.003254181546799373,0.07594736842105264,0.00019189473684210528,0.05789473684210526
3152,-2.8765000000000014,200,0,0,1,0.04631979695431472,0.055,1.0,1.0,0.0009191198944818384,-0.0004758659551807796,0.003755674691936292,0.07594736842105264,0.00019189473684210528,0.05789473684210526
3153,20.93234375,89,1,0,1,0.04630510624801776,0.055,1.0,1.0,0.0004999686866940634,-0.00043390514478232946,0.0038949517699438728,0.07594736842105264,0.00019189473684210528,0.05789473684210526
3154,-0.637812499999997,200,0,0,1,0.046290424857324035,0.055,1.0,1.0,0.003983274608303954,0.00046495620990026507,0.004702648830461839,0.07594736842105264,0.00019189473684210528,0.05789473684210526
3155,-2.89921875,200,0,0,1,0.046275752773375596,0.055,1.0,1.0,0.0011507786437041695,0.0005556571536508273,0.004568653419446491,0.07594736842105264,0.00019189473684210528,0.05789473684210526
3156,-2.9263750000000006,200,0,0,1,0.046261089987325726,0.055,1.0,1.0,0.0008482423867106017,0.0008092987924974295,0.004478954600293946,0.07594736842105264,0.00019189473684210528,0.05789473684210526
3157,-2.832687499999995,200,0,0,1,0.04624643649033893,0.055,1.0,1.0,-0.00046831872631651817,0.000740915223977936,0.004549051817717554,0.07594736842105264,0.00019189473684210528,0.05789473684210526
3158,-2.863687500000001,200,0,0,1,0.04623179227359088,0.05,1.0,1.0,0.00029422745255453474,0.0004639705757435877,0.004531420788232936,0.07594736842105264,0.00019189473684210528,0.05789473684210526
3159,20.412812499999998,129,1,0,1,0.04621715732826844,0.05,1.0,1.0,0.0003508882090145359,0.0005030130009981803,0.004574775743822102,0.07631578947368421,0.00019263157894736842,0.052631578947368425
3160,-0.599999999999999,200,0,0,1,0.046202531645569624,0.05,1.0,1.0,-0.0006033692995094394,-0.0003141213381022681,0.0039084104837675115,0.07631578947368421,0.00019263157894736842,0.052631578947368425
3161,-0.6989062500000017,200,0,0,1,0.046187915216703575,0.05,1.0,1.0,-0.0009071144128651276,-0.00044384205964161083,0.0039026602950762027,0.07631578947368421,0.00019263157894736842,0.052631578947368425
3162,-2.8138125,200,0,0,1,0.046173308032890575,0.05,1.0,1.0,-0.0006556124361720775,-0.000602884606400039,0.003512832951208111,0.07631578947368421,0.00019263157894736842,0.052631578947368425
3163,-2.9138437499999985,200,0,0,1,0.046158710085362,0.05,1.0,1.0,1.0111029448884126e-05,-0.000369115142559167,0.003221551065973472,0.07631578947368421,0.00019263157894736842,0.052631578947368425
3164,-2.801625,200,0,0,1,0.0461441213653603,0.05,1.0,1.0,0.0002544103578153383,-0.0005816111008170992,0.0029699223558418454,0.07631578947368421,0.00019263157894736842,0.052631578947368425
3165,-2.8439062500000007,200,0,0,1,0.04612954186413902,0.05,1.0,1.0,0.000681985900193721,-0.00028487908834358677,0.0030611266362830067,0.07631578947368421,0.00019263157894736842,0.052631578947368425
3166,-0.47181250000000075,200,0,0,1,0.04611497157296273,0.05,1.0,1.0,0.0001177605341512968,-8.744561887579039e-05,0.0035306538486038334,0.07631578947368421,0.00019263157894736842,0.052631578947368425
3167,-0.9160312500000004,200,0,0,1,0.04610041048310704,0.05,1.0,1.0,0.0019195657989592857,0.000479101991339121,0.004360641243343707,0.07631578947368421,0.00019263157894736842,0.052631578947368425
3168,-0.7580000000000012,200,0,0,1,0.046085858585858584,0.05,1.0,1.0,0.0028693516740184973,0.0009366768763284199,0.0051297251014621,0.07631578947368421,0.00019263157894736842,0.052631578947368425
3169,20.167749999999998,147,1,0,1,0.04607131587251499,0.05,1.0,1.0,0.03321018512080504,0.00765162960276939,0.01179897786444053,0.07631578947368421,0.00019263157894736842,0.052631578947368425
3170,20.2896875,131,1,0,1,0.04605678233438486,0.05,1.0,1.0,0.04875408571713561,0.014053410844353494,0.01825338993832702,0.07631578947368421,0.00019263157894736842,0.052631578947368425
3171,20.617718749999998,103,1,0,1,0.04604225796278776,0.05,1.0,1.0,0.028846176822130226,0.014060556712734979,0.018168491140764673,0.07631578947368421,0.00019263157894736842,0.052631578947368425
3172,-2.835875,200,0,0,1,0.046027742749054225,0.05,1.0,1.0,0.010030450588392968,0.013752859030442778,0.017712164578435476,0.07631578947368421,0.00019263157894736842,0.052631578947368425
3173,-0.8107812500000008,200,0,0,1,0.046013236684525685,0.05,1.0,1.0,0.002986443117917349,0.013004055617784616,0.016874101580644493,0.07631578947368421,0.00019263157894736842,0.052631578947368425
3174,-3.010000000000001,200,0,0,1,0.045998739760554505,0.05,1.0,1.0,0.0003261080814210525,0.012337091808440163,0.016093234159750863,0.07631578947368421,0.00019263157894736842,0.052631578947368425
3175,-2.8599999999999994,200,0,0,1,0.045984251968503934,0.05,1.0,1.0,-0.00018474013078121534,0.005792707297019661,0.00951001195795834,0.07631578947368421,0.00019263157894736842,0.052631578947368425
3176,-2.7757500000000004,200,0,0,1,0.045969773299748114,0.05,1.0,1.0,-0.0004592516226088513,-0.0008452163632027804,0.002878256123047322,0.07631578947368421,0.00019263157894736842,0.052631578947368425
3177,-2.937125000000001,200,0,0,1,0.04595530374567202,0.05,1.0,1.0,-0.0004579439078735949,-0.0007629717354429886,0.0027095050484640523,0.07631578947368421,0.00019263157894736842,0.052631578947368425
3178,-0.8129375000000014,200,0,0,1,0.045940843297671494,0.05,1.0,1.0,-0.0006749953158850104,-0.000637016597087495,0.0028483913455856964,0.07631578947368421,0.00019263157894736842,0.052631578947368425
3179,-0.7830312500000018,200,0,0,1,0.04592639194715319,0.05,1.0,1.0,-0.0009988705140684527,-0.0007143290840322152,0.0028999107439303773,0.07631578947368421,0.00019263157894736842,0.052631578947368425
3180,19.912499999999998,164,1,0,1,0.04591194968553459,0.05,1.0,1.0,0.031430890885291544,0.005898776220274158,0.009428415846428834,0.07631578947368421,0.00019263157894736842,0.052631578947368425
3181,-2.7523749999999993,200,0,0,1,0.04589751650424395,0.05,1.0,1.0,0.01092815062747191,0.005892302533960901,0.009550480010104365,0.07631578947368421,0.00019263157894736842,0.052631578947368425
3182,19.625625,186,1,0,1,0.0458830923947203,0.05,1.0,1.0,0.006245696582405309,0.0066592557881958786,0.010498573332559318,0.07631578947368421,0.00019263157894736842,0.052631578947368425
3183,19.4853125,191,1,0,1,0.04586867734841345,0.05,1.0,1.0,0.004116805678537265,0.00720148313534446,0.011011348138796166,0.07631578947368421,0.00019263157894736842,0.052631578947368425
3184,-2.8490000000000015,200,0,0,1,0.04585427135678392,0.05,1.0,1.0,0.0009370703510446539,0.007520849316264503,0.01061775063967798,0.07631578947368421,0.00019263157894736842,0.052631578947368425
3185,19.88734375,154,1,0,1,0.04583987441130298,0.05,1.0,1.0,-0.000190611320576698,0.006792562672693748,0.010021652377967257,0.07631578947368421,0.00019263157894736842,0.052631578947368425
3186,20.037187499999998,152,1,0,1,0.045825486503452605,0.05,1.0,1.0,0.029524094972866347,0.006618289705307688,0.009937426302756649,0.07631578947368421,0.00019263157894736842,0.052631578947368425
3187,-2.9400000000000013,200,0,0,1,0.04581110762472545,0.05,1.0,1.0,0.010328058210675338,0.006554482887877384,0.009885397792531876,0.07631578947368421,0.00019263157894736842,0.052631578947368425
3188,21.276875,68,1,1,1,0.04611041405269762,0.055,1.0,1.0,0.007377521118357388,0.005870883814503031,0.009288077542230894,0.07631578947368421,0.00019263157894736842,0.052631578947368425
3189,19.536031249999997,181,1,0,1,0.04609595484477893,0.05,1.0,1.0,0.001947519354572659,0.005028887827160361,0.008621533349993115,0.07594736842105264,0.00019189473684210528,0.05789473684210526
3190,-0.7140625000000012,200,0,0,1,0.04608150470219436,0.05,1.0,1.0,-6.867033970677014e-05,0.004895832900983805,0.008740991509075684,0.07631578947368421,0.00019263157894736842,0.052631578947368425
3191,-2.8141562500000004,200,0,0,1,0.04606706361642118,0.05,1.0,1.0,-0.0007108066561239494,0.004924624842162302,0.008741136777643987,0.07631578947368421,0.00019263157894736842,0.052631578947368425
3192,-2.8342500000000017,200,0,0,1,0.046052631578947366,0.05,1.0,1.0,-0.0009178925542489559,-0.0010454780853397096,0.0028084841862364555,0.07631578947368421,0.00019263157894736842,0.052631578947368425
3193,-2.859562500000001,200,0,0,1,0.04603820858127153,0.05,1.0,1.0,-0.00015284300103916024,-0.0010346064859768375,0.002959243761491962,0.07631578947368421,0.00019263157894736842,0.052631578947368425
3194,20.50075,116,1,0,1,0.04602379461490294,0.05,1.0,1.0,-0.0004495695130179403,-0.0008738142038928345,0.002975106092984788,0.07631578947368421,0.00019263157894736842,0.052631578947368425
3195,20.826406249999998,99,1,0,1,0.046009389671361506,0.05,1.0,1.0,0.03311485019513209,0.006041819385834969,0.009655074615147896,0.07631578947368421,0.00019263157894736842,0.052631578947368425
3196,-2.945124999999999,200,0,0,1,0.04599499374217772,0.05,1.0,1.0,0.011726295128619897,0.006067524893442169,0.009776920353993773,0.07631578947368421,0.00019263157894736842,0.052631578947368425
3197,-2.9701874999999993,200,0,0,1,0.04598060681889271,0.05,1.0,1.0,0.004295637381574522,0.00612784582155291,0.00980653190833982,0.07631578947368421,0.00019263157894736842,0.052631578947368425
3198,-2.9299999999999997,200,0,0,1,0.04596622889305816,0.05,1.0,1.0,0.0015364980197150819,0.006302618731791881,0.009718235829426703,0.07631578947368421,0.00019263157894736842,0.052631578947368425
3199,-2.9550312499999993,200,0,0,1,0.045951859956236324,0.05,1.0,1.0,-8.477743877824177e-06,0.006200493432163058,0.009573328597285581,0.07631578947368421,0.00019263157894736842,0.052631578947368425
3200,-3.090000000000001,200,0,0,1,0.0459375,0.05,1.0,1.0,-0.0005237637681334141,-0.0006429643922710966,0.002822943434748595,0.07631578947368421,0.00019263157894736842,0.052631578947368425
3201,20.674843749999997,104,1,0,1,0.04592314901593252,0.05,1.0,1.0,-0.0008411506665759402,-0.0006018393116064545,0.0028590617957997893,0.07631578947368421,0.00019263157894736842,0.052631578947368425
3202,-0.7450625000000001,200,0,0,1,0.04590880699562773,0.05,1.0,1.0,-0.0011301546361690699,-0.0006980882243951782,0.0029977977494490913,0.07631578947368421,0.00019263157894736842,0.052631578947368425
3203,-2.8850937500000016,200,0,0,1,0.04589447393068998,0.05,1.0,1.0,-0.0012846834011499852,-0.000975520181516913,0.003152415092848969,0.07631578947368421,0.00019263157894736842,0.052631578947368425
3204,-1.074625000000002,200,0,0,1,0.04588014981273408,0.05,1.0,1.0,0.00120564269325405,-0.0004906608354540368,0.004025988710509409,0.07631578947368421,0.00019263157894736842,0.052631578947368425
3205,21.019375,83,1,0,1,0.04586583463338534,0.05,1.0,1.0,0.03061575605069021,0.005579751358669455,0.010036649742793087,0.07631578947368421,0.00019263157894736842,0.052631578947368425
3206,-2.8796250000000008,200,0,0,1,0.04585152838427948,0.045,1.0,1.0,0.01164767848869485,0.005846664518536273,0.010116171904654038,0.07631578947368421,0.00019263157894736842,0.052631578947368425
3207,19.81390625,163,1,0,1,0.04583723105706267,0.045,1.0,1.0,0.007296017288279399,0.00650747979271182,0.010777743185386499,0.07668421052631579,0.00019336842105263159,0.04736842105263158
3208,-0.7714999999999997,200,0,0,1,0.04582294264339152,0.045,1.0,1.0,0.0018033474733598607,0.006575259322249622,0.010777120162551,0.07668421052631579,0.00019336842105263159,0.04736842105263158
3209,-0.8500000000000016,200,0,0,1,0.045808663134933,0.045,1.0,1.0,-1.1055873812530403e-05,0.006588868367551186,0.010592106242365845,0.07668421052631579,0.00019336842105263159,0.04736842105263158
3210,-0.7865625000000014,200,0,0,1,0.04579439252336449,0.04,1.0,1.0,-0.0006609019205265207,0.005852686978942074,0.00963047460832604,0.07668421052631579,0.00019336842105263159,0.04736842105263158
3211,-2.740687500000003,200,0,0,1,0.045780130800373714,0.04,1.0,1.0,-1.5698070078965984e-05,-6.519261019275292e-05,0.0038615030240544,0.07705263157894737,0.00019410526315789475,0.04210526315789474
3212,-2.9292500000000015,200,0,0,1,0.04576587795765878,0.04,1.0,1.0,-0.0010750084978065418,-0.0009495558846529093,0.0029424092819253927,0.07705263157894737,0.00019410526315789475,0.04210526315789474
3213,-2.8462187500000002,200,0,0,1,0.0457516339869281,0.04,1.0,1.0,-0.001147424702857968,-0.0009557243393055614,0.002783359059206305,0.07705263157894737,0.00019410526315789475,0.04210526315789474
3214,-0.7643750000000015,200,0,0,1,0.045737398879900436,0.04,1.0,1.0,-0.0007443830027472735,-0.000860536793027677,0.0028479087954774514,0.07705263157894737,0.00019410526315789475,0.04210526315789474
3215,-2.8009374999999963,200,0,0,1,0.045723172628304824,0.04,1.0,1.0,5.2922689834486144e-05,-0.0006057284827247713,0.0029595441990686597,0.07705263157894737,0.00019410526315789475,0.04210526315789474
3216,-2.814500000000001,200,0,0,1,0.0457089552238806,0.04,1.0,1.0,-0.0003516726077787532,-0.0007845517462255885,0.0028910580725796534,0.07705263157894737,0.00019410526315789475,0.04210526315789474
3217,-2.8134062499999994,200,0,0,1,0.04569474665837737,0.04,1.0,1.0,-0.0007427568731902022,-0.0006878262087120675,0.002784753361309413,0.07705263157894737,0.00019410526315789475,0.04210526315789474
3218,-2.821124999999998,200,0,0,1,0.045680546923555006,0.04,1.0,1.0,-0.0009006305150454605,-0.000613874792761635,0.0027981877311249264,0.07705263157894737,0.00019410526315789475,0.04210526315789474
3219,20.6064375,114,1,0,1,0.045666356011183594,0.04,1.0,1.0,-0.0003566128709314791,-0.0004622179573052563,0.002883786791644525,0.07705263157894737,0.00019410526315789475,0.04210526315789474
3220,-2.8699999999999997,200,0,0,1,0.04565217391304348,0.04,1.0,1.0,0.00018513903817340212,-0.00033438560960348697,0.0029112303777365013,0.07705263157894737,0.00019410526315789475,0.04210526315789474
3221,-0.7826250000000001,200,0,0,1,0.04563800062092518,0.04,1.0,1.0,-0.0007419570398649765,-0.0005815732963965275,0.0028241589208482763,0.07705263157894737,0.00019410526315789475,0.04210526315789474
3222,-2.7713750000000004,200,0,0,1,0.04562383612662942,0.04,1.0,1.0,-0.0003228267845241514,-0.0004927706085145474,0.0027895323173142967,0.07705263157894737,0.00019410526315789475,0.04210526315789474
3223,-2.874281250000001,200,0,0,1,0.045609680421967114,0.04,1.0,1.0,-0.0002740884331175669,-0.00043539832218084486,0.0029488042296143247,0.07705263157894737,0.00019410526315789475,0.04210526315789474
3224,-2.867249999999997,200,0,0,1,0.045595533498759305,0.04,1.0,1.0,-0.0008599578644956561,-0.0006300142223481089,0.0029996903238352387,0.07705263157894737,0.00019410526315789475,0.04210526315789474
3225,-0.8357812500000024,200,0,0,1,0.045581395348837206,0.04,1.0,1.0,-0.0006942702497807413,-0.0007626090836711228,0.0029454981852322817,0.07705263157894737,0.00019410526315789475,0.04210526315789474
3226,-2.8299999999999983,200,0,0,1,0.045567265964042154,0.04,1.0,1.0,-4.705865333965787e-05,-0.0005221794046810828,0.0029330596700892783,0.07705263157894737,0.00019410526315789475,0.04210526315789474
3227,-0.7809062500000001,200,0,0,1,0.0455531453362256,0.04,1.0,1.0,-0.00016626867532736685,-0.0005415993250207975,0.002879322871682234,0.07705263157894737,0.00019410526315789475,0.04210526315789474
3228,-2.880000000000001,200,0,0,1,0.04553903345724907,0.04,1.0,1.0,0.0003019477909107313,-0.00035200192959746347,0.0028944285725592636,0.07705263157894737,0.00019410526315789475,0.04210526315789474
3229,21.3009375,72,1,1,1,0.04583462372251471,0.045,1.0,1.0,0.00029055922348715307,-0.0002121718588168733,0.002927182148850989,0.07705263157894737,0.00019410526315789475,0.04210526315789474
3230,-0.8940625000000013,200,0,0,1,0.045820433436532505,0.045,1.0,1.0,0.0015178698501321568,0.0004280538987950422,0.0036232175649493,0.07668421052631579,0.00019336842105263159,0.04736842105263158
3231,-2.7898437499999993,200,0,0,1,0.04580625193438564,0.045,1.0,1.0,-7.504783566355935e-05,0.0003773861323134042,0.0035759918335243127,0.07668421052631579,0.00019336842105263159,0.04736842105263158
3232,-2.9740000000000006,200,0,0,1,0.04579207920792079,0.045,1.0,1.0,-0.0003676272754364815,0.00024379987857537345,0.003685636656766292,0.07668421052631579,0.00019336842105263159,0.04736842105263158
3233,-3.0220625000000005,200,0,0,1,0.045777915248994744,0.045,1.0,1.0,-0.0002533738680484173,0.00015667255461448802,0.003811111498798709,0.07668421052631579,0.00019336842105263159,0.04736842105263158
3234,-2.8539375000000007,200,0,0,1,0.045763760049474335,0.045,1.0,1.0,-0.0006920366643551764,-7.231882016640157e-05,0.0037918552249902857,0.07668421052631579,0.00019336842105263159,0.04736842105263158
3235,-0.7743750000000016,200,0,0,1,0.04574961360123648,0.045,1.0,1.0,-0.0009388258739117337,-0.0007545853634364903,0.0030794186268467455,0.07668421052631579,0.00019336842105263159,0.04736842105263158
3236,-0.6245000000000017,200,0,0,1,0.04573547589616811,0.045,1.0,1.0,0.0006746320173923888,-5.168420600239188e-05,0.003645845172344707,0.07668421052631579,0.00019336842105263159,0.04736842105263158
3237,-2.7738437499999993,200,0,0,1,0.0457213469261662,0.045,1.0,1.0,-0.0007298444121768362,-0.00027974690205883235,0.0035182765637291596,0.07668421052631579,0.00019336842105263159,0.04736842105263158
3238,-2.9999999999999996,200,0,0,1,0.04570722668313774,0.045,1.0,1.0,0.0004940838549384453,-5.317951482720673e-05,0.003715420127147809,0.07668421052631579,0.00019336842105263159,0.04736842105263158
3239,-2.9086562500000004,200,0,0,1,0.04569311515899969,0.045,1.0,1.0,-0.0007663317574678789,-0.00016260454314760863,0.0035794446950312706,0.07668421052631579,0.00019336842105263159,0.04736842105263158
3240,-2.759999999999998,200,0,0,1,0.04567901234567901,0.045,1.0,1.0,-0.0013907735411454111,-0.0003220525338547304,0.003740956032765098,0.07668421052631579,0.00019336842105263159,0.04736842105263158
3241,20.108593749999997,145,1,0,1,0.04566491823511262,0.045,1.0,1.0,-0.001008212326894029,-0.000956882350728847,0.0033253029031911864,0.07668421052631579,0.00019336842105263159,0.04736842105263158
3242,-2.7963125000000018,200,0,0,1,0.04565083281924738,0.045,1.0,1.0,-2.423477007431848e-05,-0.0006666216962621548,0.0035843751552165487,0.07668421052631579,0.00019336842105263159,0.04736842105263158
3243,19.70559375,172,1,0,1,0.04563675609004009,0.045,1.0,1.0,0.0304649345762792,0.005605822156328941,0.00961849797036848,0.07668421052631579,0.00019336842105263159,0.04736842105263158
3244,20.308999999999997,136,1,0,1,0.04562268803945746,0.045,1.0,1.0,0.04525691806276497,0.011401725881907623,0.015558072759595233,0.07668421052631579,0.00019336842105263159,0.04736842105263158
3245,21.354375,56,1,1,1,0.04591679506933744,0.05,1.0,1.0,0.03400169582568566,0.011447779491601978,0.015461498099553864,0.07668421052631579,0.00019336842105263159,0.04736842105263158
3246,-0.7021875000000022,200,0,0,1,0.0459026494146642,0.05,1.0,1.0,0.011678295208226348,0.011494791598699521,0.015341234317107592,0.07631578947368421,0.00019263157894736842,0.052631578947368425
3247,-0.8129374999999979,200,0,0,1,0.04588851247305205,0.05,1.0,1.0,0.00375013798754389,0.0115442644735449,0.01537535461987136,0.07631578947368421,0.00019263157894736842,0.052631578947368425
3248,-2.9135000000000013,200,0,0,1,0.0458743842364532,0.05,1.0,1.0,0.0004518864086935619,0.01142597275984008,0.015455782880657352,0.07631578947368421,0.00019263157894736842,0.052631578947368425
3249,-0.9030625000000019,200,0,0,1,0.04586026469682979,0.05,1.0,1.0,0.0022695992802655917,0.011822632328869076,0.016037709319934947,0.07631578947368421,0.00019263157894736842,0.052631578947368425
3250,-2.7968749999999964,200,0,0,1,0.04584615384615385,0.05,1.0,1.0,0.0006701910155216052,-0.0002197560532949865,0.004102593952324241,0.07631578947368421,0.00019263157894736842,0.052631578947368425
3251,-0.8663750000000018,200,0,0,1,0.04583205167640726,0.05,1.0,1.0,-3.8167990303387554e-05,-9.2567507061176e-05,0.004119661447941326,0.07631578947368421,0.00019263157894736842,0.052631578947368425
3252,-2.893125,200,0,0,1,0.04581795817958179,0.05,1.0,1.0,0.00040061648689694026,9.654969733674079e-05,0.003959052783786319,0.07631578947368421,0.00019263157894736842,0.052631578947368425
3253,-0.716656250000002,200,0,0,1,0.04580387334767907,0.05,1.0,1.0,0.0012333982626591316,0.0009023099744226783,0.0046075176463928075,0.07631578947368421,0.00019263157894736842,0.052631578947368425
3254,20.3931875,115,1,0,1,0.04578979717271051,0.05,1.0,1.0,0.0002445449462886929,0.0008887661913176999,0.004591123931226321,0.07631578947368421,0.00019263157894736842,0.052631578947368425
3255,-3.1132812499999987,200,0,0,1,0.04577572964669739,0.05,1.0,1.0,-0.0001911694232068895,0.00013307377090677618,0.0033571631987579166,0.07631578947368421,0.00019263157894736842,0.052631578947368425
3256,-0.9235000000000018,200,0,0,1,0.04576167076167076,0.05,1.0,1.0,0.00040408386448767905,0.0005496993472333998,0.004171371497446671,0.07631578947368421,0.00019263157894736842,0.052631578947368425
3257,-0.7467812500000003,200,0,0,1,0.045747620509671474,0.045,1.0,1.0,-0.0004420543463147155,0.00046701150550507007,0.004001761822262779,0.07631578947368421,0.00019263157894736842,0.052631578947368425
3258,-0.6772500000000015,200,0,0,1,0.045733578882750155,0.045,1.0,1.0,-0.0007126352045227817,-0.0004809272903949022,0.0032990126200020315,0.07668421052631579,0.00019336842105263159,0.04736842105263158
3259,-0.5773750000000016,200,0,0,1,0.04571954587296717,0.045,1.0,1.0,-0.000579983959196811,-0.0003599207221413963,0.003878906540281605,0.07668421052631579,0.00019336842105263159,0.04736842105263158
3260,21.825625,23,1,1,1,0.046012269938650305,0.05,1.0,1.0,-0.0004292613377567883,-0.00030690812802640723,0.003902411033574026,0.07668421052631579,0.00019336842105263159,0.04736842105263158
3261,-2.8899999999999997,200,0,0,1,0.045998160073597055,0.05,1.0,1.0,0.0003022580119923388,-0.00012852642795769498,0.004057977489370387,0.07631578947368421,0.00019263157894736842,0.052631578947368425
3262,-0.7108125000000017,200,0,0,1,0.04598405885959534,0.05,1.0,1.0,-2.280118398874144e-05,-0.0004256085496454034,0.0034945826133771334,0.07631578947368421,0.00019263157894736842,0.052631578947368425
3263,20.275156250000002,130,1,0,1,0.04596996628869139,0.05,1.0,1.0,0.032622406936636525,0.006385476437018952,0.010230620494490722,0.07631578947368421,0.00019263157894736842,0.052631578947368425
3264,-2.8430000000000013,200,0,0,1,0.04595588235294118,0.05,1.0,1.0,0.011306104245318322,0.0062799064670398365,0.010325834911578567,0.07631578947368421,0.00019263157894736842,0.052631578947368425
3265,-2.9010937500000002,200,0,0,1,0.045941807044410414,0.05,1.0,1.0,0.004012344105327577,0.006507596114621265,0.009586922750371742,0.07631578947368421,0.00019263157894736842,0.052631578947368425
3266,-2.972937500000001,200,0,0,1,0.04592774035517452,0.05,1.0,1.0,0.000929025367774212,0.006334845278091961,0.009417412503476953,0.07631578947368421,0.00019263157894736842,0.052631578947368425
3267,-0.7154687500000019,200,0,0,1,0.04591368227731864,0.05,1.0,1.0,0.0026986218333660216,0.006895192026393488,0.009926513267913833,0.07631578947368421,0.00019263157894736842,0.052631578947368425
3268,19.708625,171,1,0,1,0.04589963280293757,0.05,1.0,1.0,0.004348415829772794,0.006826830722857267,0.00983904770296067,0.07631578947368421,0.00019263157894736842,0.052631578947368425
3269,-0.6657812499999984,200,0,0,1,0.04588559192413582,0.05,1.0,1.0,0.004695691254354698,0.0015126954675652087,0.004716975640971214,0.07631578947368421,0.00019263157894736842,0.052631578947368425
3270,21.366875,56,1,1,1,0.04617737003058104,0.055,1.0,1.0,0.0058461934342783975,0.002112230614759028,0.005435395937412977,0.07631578947368421,0.00019263157894736842,0.052631578947368425
3271,-3.02278125,200,0,0,1,0.04616325282788138,0.055,1.0,1.0,0.0020804586664072396,0.002162079523433931,0.005664466125774197,0.07594736842105264,0.00019189473684210528,0.05789473684210526
3272,-0.8817500000000014,200,0,0,1,0.046149144254278726,0.055,1.0,1.0,0.0022166261199208794,0.002781929790973663,0.006444204216822982,0.07594736842105264,0.00019189473684210528,0.05789473684210526
3273,-0.7564062500000008,200,0,0,1,0.046135044301863735,0.055,1.0,1.0,0.00034631738154040475,0.001956459341221489,0.005592146810027771,0.07594736842105264,0.00019189473684210528,0.05789473684210526
3274,-2.8719375,200,0,0,1,0.046120952962736717,0.055,1.0,1.0,-0.0009776363836957176,0.0010676190928788855,0.004883074681623839,0.07594736842105264,0.00019189473684210528,0.05789473684210526
3275,-0.6687500000000015,200,0,0,1,0.046106870229007633,0.055,1.0,1.0,-0.0010262435997466176,-0.00037703074514865875,0.003472598250489682,0.07594736842105264,0.00019189473684210528,0.05789473684210526
3276,-0.8421249999999979,200,0,0,1,0.046092796092796096,0.055,1.0,1.0,-0.0010046958586863192,-0.0005194748078938574,0.0034223798245657236,0.07594736842105264,0.00019189473684210528,0.05789473684210526
3277,-2.762218750000001,200,0,0,1,0.04607873054623131,0.055,1.0,1.0,-0.0009509176478458576,-0.0011270599006675183,0.002668801709543914,0.07594736842105264,0.00019189473684210528,0.05789473684210526
3278,19.7076875,158,1,0,1,0.0460646735814521,0.055,1.0,1.0,0.03100364271534869,0.005583778012543917,0.009350115374661983,0.07594736842105264,0.00019189473684210528,0.05789473684210526
3279,20.40265625,114,1,0,1,0.04605062519060689,0.055,1.0,1.0,0.019010267593611328,0.006267233913764357,0.009962172551080584,0.07594736842105264,0.00019189473684210528,0.05789473684210526
3280,-0.8650000000000019,200,0,0,1,0.04603658536585366,0.055,1.0,1.0,0.008642231726770129,0.007114510957850143,0.01066932825394906,0.07594736842105264,0.00019189473684210528,0.05789473684210526
3281,-0.7776562500000014,200,0,0,1,0.04602255409935995,0.055,1.0,1.0,0.0024399323627117197,0.007052115613594651,0.01063082835264504,0.07594736842105264,0.00019189473684210528,0.05789473684210526
3282,-0.742687499999997,200,0,0,1,0.04600853138330287,0.055,1.0,1.0,0.00038778661735221383,0.007076494903303683,0.010525742589961737,0.07594736842105264,0.00019189473684210528,0.05789473684210526
3283,-2.847593750000001,200,0,0,1,0.045994517209869024,0.055,1.0,1.0,-0.00015151397588826507,0.006510812441352755,0.00986576279019937,0.07594736842105264,0.00019189473684210528,0.05789473684210526
3284,-0.8676250000000012,200,0,0,1,0.045980511571254566,0.055,1.0,1.0,0.0005780118420795705,0.0003477806341834366,0.0038857558155432344,0.07594736842105264,0.00019189473684210528,0.05789473684210526
3285,-2.9453124999999982,200,0,0,1,0.045966514459665146,0.055,1.0,1.0,-0.00013864369090301674,-0.0003502505491487682,0.0032442616326734423,0.07594736842105264,0.00019189473684210528,0.05789473684210526
3286,19.389249999999997,185,1,0,1,0.04595252586731589,0.055,1.0,1.0,0.029124623727874676,0.005626642964314669,0.009218696062918752,0.07594736842105264,0.00019189473684210528,0.05789473684210526
3287,-0.7900000000000014,200,0,0,1,0.045938545786431396,0.055,1.0,1.0,0.010172847628007546,0.005679407796822488,0.00925896207569167,0.07594736842105264,0.00019189473684210528,0.05789473684210526
3288,20.668,107,1,0,1,0.04592457420924574,0.055,1.0,1.0,0.005897328745120252,0.005775977392448112,0.009267846813192591,0.07594736842105264,0.00019189473684210528,0.05789473684210526
3289,20.64109375,105,1,0,1,0.04591061112800243,0.055,1.0,1.0,0.002961166984861031,0.005653148851371952,0.009472530043232837,0.07594736842105264,0.00019189473684210528,0.05789473684210526
3290,20.013125,156,1,0,1,0.04589665653495441,0.055,1.0,1.0,0.0034082999623618136,0.0058313828951359024,0.009564707719968283,0.07594736842105264,0.00019189473684210528,0.05789473684210526
3291,-3.012156250000001,200,0,0,1,0.045882710422364026,0.055,1.0,1.0,0.0009340673553209892,0.005999422688051709,0.009572736855610857,0.07594736842105264,0.00019189473684210528,0.05789473684210526
3292,-1.0021250000000004,200,0,0,1,0.04586877278250304,0.055,1.0,1.0,0.0012524195733470513,0.0066053310490824515,0.010190082498607807,0.07594736842105264,0.00019189473684210528,0.05789473684210526
3293,19.44628125,175,1,0,1,0.045854843607652594,0.055,1.0,1.0,0.001898206213057578,0.0011093257567990804,0.004809648507289239,0.07594736842105264,0.00019189473684210528,0.05789473684210526
3294,-2.9058750000000013,200,0,0,1,0.04584092289010322,0.055,1.0,1.0,0.000190086569828829,0.0009866390689421678,0.004790645301356563,0.07594736842105264,0.00019189473684210528,0.05789473684210526
3295,-2.9579687500000005,200,0,0,1,0.04582701062215478,0.055,1.0,1.0,-0.0005899471218942954,0.00033664438780397175,0.003942600627895445,0.07594736842105264,0.00019189473684210528,0.05789473684210526
3296,-0.9800000000000024,200,0,0,1,0.045813106796116505,0.055,1.0,1.0,-0.0009498744965110894,0.00021690316265448928,0.004014698786195367,0.07594736842105264,0.00019189473684210528,0.05789473684210526
3297,-3.0300000000000007,200,0,0,1,0.04579921140430695,0.055,1.0,1.0,-0.0004886929172321049,-0.00034337412123568357,0.0033065711252857,0.07594736842105264,0.00019189473684210528,0.05789473684210526
3298,-0.9122500000000004,200,0,0,1,0.04578532443905397,0.055,1.0,1.0,-0.000557796023436378,-0.0008423915689345449,0.002603309714933857,0.07594736842105264,0.00019189473684210528,0.05789473684210526
3299,20.383343749999998,120,1,0,1,0.04577144589269476,0.055,1.0,1.0,-0.00036585136556109685,-0.0006782468089368194,0.0025958232132252306,0.07594736842105264,0.00019189473684210528,0.05789473684210526
3300,-2.80625,200,0,0,1,0.04575757575757576,0.055,1.0,1.0,-0.00035368738042542943,-0.0006705471049062908,0.002601593566592783,0.07594736842105264,0.00019189473684210528,0.05789473684210526
3301,20.0010625,146,1,0,1,0.04574371402605271,0.055,1.0,1.0,-0.0004371109047356738,-0.0005391882436233573,0.002511739704583306,0.07594736842105264,0.00019189473684210528,0.05789473684210526
3302,-2.8818125000000014,200,0,0,1,0.04572986069049061,0.055,1.0,1.0,-0.0004400174541017457,-0.0005170678255963139,0.00253476811182918,0.07594736842105264,0.00019189473684210528,0.05789473684210526
3303,-2.9682187500000006,200,0,0,1,0.0457160157432637,0.055,1.0,1.0,-0.0009505198585162381,-0.0005754200807423331,0.0023047733203857205,0.07594736842105264,0.00019189473684210528,0.05789473684210526
3304,-3.0217500000000013,200,0,0,1,0.045702179176755446,0.055,1.0,1.0,-0.0009182033995513845,-0.0007517645410844124,0.0023682131645618937,0.07594736842105264,0.00019189473684210528,0.05789473684210526
3305,-0.6179687500000014,200,0,0,1,0.04568835098335855,0.055,1.0,1.0,-0.00094454461908398,-0.0008003831853275187,0.002311614962469321,0.07594736842105264,0.00019189473684210528,0.05789473684210526
3306,-2.8000000000000007,200,0,0,1,0.045674531155474894,0.055,1.0,1.0,-0.0003419428913584404,-0.0007400297643616795,0.002340316127287224,0.07594736842105264,0.00019189473684210528,0.05789473684210526
3307,-2.760000000000001,200,0,0,1,0.04566071968551557,0.055,1.0,1.0,-0.0006403791944360141,-0.0007879462896380573,0.0023498782659880815,0.07594736842105264,0.00019189473684210528,0.05789473684210526
3308,-0.7767500000000017,200,0,0,1,0.04564691656590085,0.055,1.0,1.0,-0.0013084795181635854,-0.0008943008614005521,0.0024921467957319692,0.07594736842105264,0.00019189473684210528,0.05789473684210526
3309,19.426375,181,1,0,1,0.04563312178906014,0.055,1.0,1.0,0.001616412834589324,-0.00024439838447142394,0.003298715914716013,0.07594736842105264,0.00019189473684210528,0.05789473684210526
3310,-3.0084375000000008,200,0,0,1,0.045619335347432025,0.055,1.0,1.0,0.00017341832980213764,-0.0001840050594182685,0.0032951843835180624,0.07594736842105264,0.00019189473684210528,0.05789473684210526
3311,-1.0430625000000018,200,0,0,1,0.04560555723346421,0.055,1.0,1.0,-0.0005646764600879664,-0.00036453194834757595,0.0032906473715556784,0.07594736842105264,0.00019189473684210528,0.05789473684210526
3312,-0.6380000000000019,200,0,0,1,0.04559178743961353,0.055,1.0,1.0,-0.0005090304496626672,-0.00033600027655484156,0.003278139515372459,0.07594736842105264,0.00019189473684210528,0.05789473684210526
3313,21.1488125,79,1,0,1,0.04557802595834591,0.055,1.0,1.0,0.02972544189438342,0.00582551632943796,0.009434551367012317,0.07594736842105264,0.00019189473684210528,0.05789473684210526
3314,21.368624999999998,53,1,1,1,0.045866022933011466,0.06,1.0,1.0,0.022672596529605894,0.005819304884818848,0.009447999104915653,0.07594736842105264,0.00019189473684210528,0.05789473684210526
3315,-2.9056250000000015,200,0,0,1,0.045852187028657614,0.06,1.0,1.0,0.007817615526515347,0.0059455511679989284,0.009470825814350974,0.07557894736842105,0.0001911578947368421,0.06315789473684211
3316,20.122374999999998,154,1,0,1,0.045838359469240045,0.06,1.0,1.0,0.003207276161976543,0.005326962680032011,0.009010779196221848,0.07557894736842105,0.0001911578947368421,0.06315789473684211
3317,-2.78,200,0,0,1,0.04582454024721134,0.06,1.0,1.0,0.0008594052321210792,0.005340460781415458,0.009073055504180957,0.07557894736842105,0.0001911578947368421,0.06315789473684211
3318,-0.638187500000001,200,0,0,1,0.04581072935503315,0.06,1.0,1.0,-9.970166173621834e-05,0.005419049931690097,0.00921679170965217,0.07557894736842105,0.0001911578947368421,0.06315789473684211
3319,20.5976875,115,1,0,1,0.04579692678517626,0.06,1.0,1.0,-0.0004313148848420114,0.005354887576948386,0.009206024425511715,0.07557894736842105,0.0001911578947368421,0.06315789473684211
3320,21.2275,65,1,1,1,0.04608433734939759,0.065,1.0,1.0,0.0024607073736002557,0.006077921136107761,0.009757427599572112,0.07557894736842105,0.0001911578947368421,0.06315789473684211
3321,21.30365625,57,1,1,1,0.04637157482685938,0.065,1.0,1.0,0.0020399287615384507,6.622627674369141e-05,0.0036621223373222165,0.07521052631578948,0.00019042105263157897,0.06842105263157895
3322,-2.9399999999999986,200,0,0,1,0.046357615894039736,0.06,1.0,1.0,0.0009071900228789866,0.00021336751099443064,0.003710905920655932,0.07521052631578948,0.00019042105263157897,0.06842105263157895
3323,-0.6761250000000019,200,0,0,1,0.04634366536262414,0.06,1.0,1.0,0.0015677771138434323,0.0008194862050586381,0.004196887731377501,0.07557894736842105,0.0001911578947368421,0.06315789473684211
3324,-2.918875000000001,200,0,0,1,0.04632972322503008,0.06,1.0,1.0,-1.1489678896452996e-06,0.000649871809000615,0.004152638404455501,0.07557894736842105,0.0001911578947368421,0.06315789473684211
3325,-2.8489062500000015,200,0,0,1,0.04631578947368421,0.06,1.0,1.0,-0.00035852220979675295,0.0006339157616603188,0.0042410829190048386,0.07557894736842105,0.0001911578947368421,0.06315789473684211
3326,-0.824687500000002,200,0,0,1,0.04630186410102225,0.06,1.0,1.0,0.0010427463856122314,0.0005206410838291049,0.004044080885127187,0.07557894736842105,0.0001911578947368421,0.06315789473684211
3327,-0.9289687499999998,200,0,0,1,0.04628794709948903,0.06,1.0,1.0,-0.0006412633945392084,0.00021025541110429913,0.004133836690685712,0.07557894736842105,0.0001911578947368421,0.06315789473684211
3328,-0.8070000000000017,200,0,0,1,0.046274038461538464,0.06,1.0,1.0,-0.0011969989656954064,-0.0005214896546676755,0.0034366461923345925,0.07557894736842105,0.0001911578947368421,0.06315789473684211
3329,-0.817093750000002,200,0,0,1,0.04626013817963352,0.06,1.0,1.0,-0.0010842269985066458,-0.0004765603713458404,0.0033463472643634304,0.07557894736842105,0.0001911578947368421,0.06315789473684211
3330,-2.9109375,200,0,0,1,0.04624624624624624,0.06,1.0,1.0,-9.659565887958966e-05,-0.00032272572710644455,0.0036280026022577658,0.07557894736842105,0.0001911578947368421,0.06315789473684211
3331,-0.6963750000000014,200,0,0,1,0.0462323626538577,0.06,1.0,1.0,-0.00037146943186268285,-0.0009487503701820969,0.0032443551148753614,0.07557894736842105,0.0001911578947368421,0.06315789473684211
3332,-0.8130000000000016,200,0,0,1,0.046218487394957986,0.06,1.0,1.0,-0.0006533942959200345,-0.0007796044165734202,0.0029641303839161993,0.07557894736842105,0.0001911578947368421,0.06315789473684211
3333,-2.8925312499999993,200,0,0,1,0.0462046204620462,0.06,1.0,1.0,-0.000985847435918538,-0.0007426989295054227,0.0029847706696018578,0.07557894736842105,0.0001911578947368421,0.06315789473684211
3334,-2.8824375000000018,200,0,0,1,0.04619076184763048,0.055,1.0,1.0,-0.001479290981634727,-0.000893358944565989,0.0030887537969974802,0.07557894736842105,0.0001911578947368421,0.06315789473684211
3335,-2.9092187500000017,200,0,0,1,0.046176911544227886,0.05,1.0,1.0,-0.0012044958559008208,-0.0010938787031918764,0.002726000155322254,0.07594736842105264,0.00019189473684210528,0.05789473684210526
3336,-2.8685000000000023,200,0,0,1,0.046163069544364506,0.045,1.0,1.0,0.0003164946079000861,-0.0008592425046372227,0.002974105139437597,0.07631578947368421,0.00019263157894736842,0.052631578947368425
3337,-2.869281250000001,200,0,0,1,0.04614923584057537,0.04,1.0,1.0,-0.00012145667023042155,-0.0007553524756222032,0.0029648312245844862,0.07668421052631579,0.00019336842105263159,0.04736842105263158
3338,-0.7679375000000016,200,0,0,1,0.046135410425404436,0.04,1.0,1.0,0.0020577808828976803,-4.788958205608651e-05,0.003693333074625116,0.07705263157894737,0.00019410526315789475,0.04210526315789474
3339,-0.6447500000000013,200,0,0,1,0.04612159329140461,0.04,1.0,1.0,5.661283237775614e-05,0.00011157476314110681,0.0036160919096437285,0.07705263157894737,0.00019410526315789475,0.04210526315789474
3340,20.434375,118,1,0,1,0.04610778443113772,0.04,1.0,1.0,0.00018634214410051937,0.00026226230949396266,0.0036444784402265215,0.07705263157894737,0.00019410526315789475,0.04210526315789474
3341,-2.8917812500000015,200,0,0,1,0.0460939838371745,0.04,1.0,1.0,-0.00021456175759320138,0.0003003251277259551,0.0035532559310668147,0.07705263157894737,0.00019410526315789475,0.04210526315789474
3342,-0.7671875000000016,200,0,0,1,0.04608019150209455,0.04,1.0,1.0,-0.00013031154329009616,0.00011455534223932773,0.0034749029394006356,0.07705263157894737,0.00019410526315789475,0.04210526315789474
3343,20.212656250000002,136,1,0,1,0.04606640741848639,0.04,1.0,1.0,0.0028691248399887502,0.0008554757025558502,0.004018406317802146,0.07705263157894737,0.00019410526315789475,0.04210526315789474
3344,20.2445,138,1,0,1,0.046052631578947366,0.04,1.0,1.0,0.0339951870461807,0.006987106535118073,0.01007204248290509,0.07705263157894737,0.00019410526315789475,0.04210526315789474
3345,-2.709531250000002,200,0,0,1,0.046038863976083706,0.04,1.0,1.0,0.012409042566442733,0.007117989415302873,0.01026908627850935,0.07705263157894737,0.00019410526315789475,0.04210526315789474
3346,-0.8491249999999982,200,0,0,1,0.04602510460251046,0.04,1.0,1.0,0.004087361524694042,0.006912465643254108,0.010295414674910717,0.07705263157894737,0.00019410526315789475,0.04210526315789474
3347,-2.8304062499999993,200,0,0,1,0.04601135345085151,0.04,1.0,1.0,0.0014612759596522246,0.006952041107462719,0.01047991267335601,0.07705263157894737,0.00019410526315789475,0.04210526315789474
3348,-2.7603750000000002,200,0,0,1,0.045997610513739545,0.04,1.0,1.0,0.00015891504972188138,0.0068932143558049575,0.010261613191920333,0.07705263157894737,0.00019410526315789475,0.04210526315789474
3349,-0.8203437499999993,200,0,0,1,0.04598387578381606,0.04,1.0,1.0,-0.000516001377766912,-0.0006235043670749291,0.002897950713406317,0.07705263157894737,0.00019410526315789475,0.04210526315789474
3350,-0.7193750000000019,200,0,0,1,0.04597014925373134,0.04,1.0,1.0,-0.00039154090548683575,-0.0005800754869123921,0.00252908129140269,0.07705263157894737,0.00019410526315789475,0.04210526315789474
3351,-2.8105625000000005,200,0,0,1,0.04595643091614444,0.04,1.0,1.0,-0.0005655555526682487,-0.0005185788163216784,0.002477392759290524,0.07705263157894737,0.00019410526315789475,0.04210526315789474
3352,20.081249999999997,128,1,0,1,0.045942720763723154,0.04,1.0,1.0,0.0010940352869168782,6.534828362055122e-05,0.003109010621672496,0.07705263157894737,0.00019410526315789475,0.04210526315789474
3353,20.84109375,96,1,0,1,0.04592901878914405,0.04,1.0,1.0,0.030287588870682457,0.005848591964691877,0.00904439753293991,0.07705263157894737,0.00019410526315789475,0.04210526315789474
3354,-2.84,200,0,0,1,0.045915324985092425,0.04,1.0,1.0,0.010946979507018346,0.005967255508876406,0.009066518170875497,0.07705263157894737,0.00019410526315789475,0.04210526315789474
3355,-0.6592187499999997,200,0,0,1,0.04590163934426229,0.04,1.0,1.0,0.006928474194557191,0.006664693750208244,0.009724074404453859,0.07705263157894737,0.00019410526315789475,0.04210526315789474
3356,-2.8493749999999998,200,0,0,1,0.045887961859356376,0.04,1.0,1.0,0.002826764371895344,0.006743026108713821,0.00986718067736365,0.07705263157894737,0.00019410526315789475,0.04210526315789474
3357,21.4905625,47,1,1,1,0.04617217753946976,0.045,1.0,1.0,0.004925885551166874,0.007376804063795135,0.010531661298824475,0.07705263157894737,0.00019410526315789475,0.04210526315789474
3358,19.800625,168,1,0,1,0.046158427635497316,0.045,1.0,1.0,0.0034016949062886342,0.0074448433859506625,0.0104493893700419,0.07668421052631579,0.00019336842105263159,0.04736842105263158
3359,21.77015625,24,1,1,1,0.04644239356951474,0.05,1.0,1.0,0.03285808095754707,0.013406878437730484,0.016473858623416163,0.07668421052631579,0.00019336842105263159,0.04736842105263158
3360,-3.0000000000000013,200,0,0,1,0.04642857142857143,0.05,1.0,1.0,0.01181585021324276,0.00747722380887717,0.010438763978425414,0.07631578947368421,0.00019263157894736842,0.052631578947368425
3361,-0.7702187500000017,200,0,0,1,0.046414757512645045,0.05,1.0,1.0,0.0034818626336971443,0.007375037461402826,0.010513511114870198,0.07631578947368421,0.00019263157894736842,0.052631578947368425
3362,19.999624999999998,149,1,0,1,0.04640095181439619,0.05,1.0,1.0,0.00269613074589351,0.007796118700440275,0.011116183173115132,0.07631578947368421,0.00019263157894736842,0.052631578947368425
3363,19.879437499999998,157,1,0,1,0.0463871543264942,0.05,1.0,1.0,0.0008384539316132119,0.00715116510950611,0.010467432384699351,0.07631578947368421,0.00019263157894736842,0.052631578947368425
3364,19.599249999999998,171,1,0,1,0.04637336504161712,0.05,1.0,1.0,0.002119814560039059,0.006426435473636957,0.009670435728010488,0.07631578947368421,0.00019263157894736842,0.052631578947368425
3365,-0.7504687500000006,200,0,0,1,0.04635958395245171,0.05,1.0,1.0,0.00035168259532162655,0.0004658689954376314,0.0036638915062358135,0.07631578947368421,0.00019263157894736842,0.052631578947368425
3366,20.8785,93,1,0,1,0.04634581105169341,0.05,1.0,1.0,-0.00010349367836076053,0.0004832100938365329,0.003672072173067136,0.07631578947368421,0.00019263157894736842,0.052631578947368425
3367,19.418687499999997,182,1,0,1,0.04633204633204633,0.05,1.0,1.0,-0.0008231749252177043,0.00036595673349802384,0.003571527250081999,0.07631578947368421,0.00019263157894736842,0.052631578947368425
3368,-0.8705000000000015,200,0,0,1,0.04631828978622328,0.05,1.0,1.0,0.0005198713022756232,0.0004583517067367211,0.00352045998594258,0.07631578947368421,0.00019263157894736842,0.052631578947368425
3369,-2.980562500000001,200,0,0,1,0.04630454140694568,0.05,1.0,1.0,-0.0005749310524786478,0.00031760157679673286,0.003474328404176049,0.07631578947368421,0.00019263157894736842,0.052631578947368425
3370,20.4090625,115,1,0,1,0.04629080118694362,0.05,1.0,1.0,-0.0008276738384211066,-0.000390836748178117,0.0028896548106567936,0.07631578947368421,0.00019263157894736842,0.052631578947368425
3371,-0.711031250000002,200,0,0,1,0.0462770691189558,0.05,1.0,1.0,0.0013828323166465626,0.00017277936392929406,0.0035669101126259194,0.07631578947368421,0.00019263157894736842,0.052631578947368425
3372,-0.7630000000000018,200,0,0,1,0.046263345195729534,0.05,1.0,1.0,0.0013700183000716903,0.0007703258695546537,0.0042582287217956035,0.07631578947368421,0.00019263157894736842,0.052631578947368425
3373,-2.8500000000000014,200,0,0,1,0.046249629410020754,0.05,1.0,1.0,0.00011484384820843925,0.0002929132495773956,0.0035748610453447327,0.07631578947368421,0.00019263157894736842,0.052631578947368425
3374,-2.929562499999999,200,0,0,1,0.046235921754593956,0.05,1.0,1.0,-0.0004073831067971566,0.0003818801280576736,0.0036317144269123673,0.07631578947368421,0.00019263157894736842,0.052631578947368425
3375,-3.0709374999999945,200,0,0,1,0.04622222222222222,0.05,1.0,1.0,-0.0009619192392298659,0.00032936579443048686,0.0036588519195793197,0.07631578947368421,0.00019263157894736842,0.052631578947368425
3376,20.746499999999997,99,1,0,1,0.0462085308056872,0.05,1.0,1.0,-0.0006558654096598273,0.000430103492391936,0.003686200197720609,0.07631578947368421,0.00019263157894736842,0.052631578947368425
3377,-0.842656250000001,200,0,0,1,0.04619484749777909,0.05,1.0,1.0,0.0019422679837635642,-0.00027715689299657244,0.003128839103206701,0.07631578947368421,0.00019263157894736842,0.052631578947368425
3378,-0.7239374999999939,200,0,0,1,0.046181172291296625,0.05,1.0,1.0,0.003231504436998417,0.00035628894977708116,0.003886312542068481,0.07631578947368421,0.00019263157894736842,0.052631578947368425
3379,-2.8705937500000007,200,0,0,1,0.04616750517904705,0.05,1.0,1.0,0.0010825652917599308,0.0004913351532813976,0.0039429576270558755,0.07631578947368421,0.00019263157894736842,0.052631578947368425
3380,20.055,148,1,0,1,0.046153846153846156,0.05,1.0,1.0,0.03224944374566792,0.0070763572684300015,0.010541107776974968,0.07631578947368421,0.00019263157894736842,0.052631578947368425
3381,21.15671875,69,1,1,1,0.046435965690624074,0.055,1.0,1.0,0.024861086213103747,0.0076859956328917175,0.011069812830530282,0.07631578947368421,0.00019263157894736842,0.052631578947368425
3382,21.2245,62,1,1,1,0.04671791839148433,0.06,1.0,1.0,0.01808709745035265,0.007753543608232576,0.011118930983582687,0.07594736842105264,0.00019189473684210528,0.05789473684210526
3383,-0.5757500000000016,200,0,0,1,0.04670410877919007,0.06,1.0,1.0,0.00591902717331356,0.007689624402148184,0.011094660295464564,0.07557894736842105,0.0001911578947368421,0.06315789473684211
3384,21.134,73,1,1,1,0.04698581560283688,0.065,1.0,1.0,0.00656922145504257,0.008409904724219814,0.01162816192873288,0.07557894736842105,0.0001911578947368421,0.06315789473684211
3385,-2.7931250000000003,200,0,0,1,0.04697193500738552,0.065,1.0,1.0,0.0019381020521338748,0.007812898660893552,0.01098185258405283,0.07521052631578948,0.00019042105263157897,0.06842105263157895
3386,-2.8800000000000003,200,0,0,1,0.04695806261075015,0.065,1.0,1.0,0.000745875172289519,0.007164502084197011,0.010378975990170148,0.07521052631578948,0.00019042105263157897,0.06842105263157895
3387,20.606624999999998,100,1,0,1,0.046944198405668734,0.065,1.0,1.0,0.030215080264330427,0.013152290980506222,0.016215282066434158,0.07521052631578948,0.00019042105263157897,0.06842105263157895
3388,-2.939999999999998,200,0,0,1,0.04693034238488784,0.06,1.0,1.0,0.010341309302526861,0.005846323909936473,0.009078674323041923,0.07521052631578948,0.00019042105263157897,0.06842105263157895
3389,-0.7745312500000017,200,0,0,1,0.04691649454116258,0.06,1.0,1.0,0.00342672168874224,0.005850250874995254,0.009032168539008126,0.07557894736842105,0.0001911578947368421,0.06315789473684211
3390,-2.9499999999999993,200,0,0,1,0.046902654867256637,0.06,1.0,1.0,0.0006023633717457281,0.0051794651118689215,0.008436928840295878,0.07557894736842105,0.0001911578947368421,0.06315789473684211
3391,19.936125,155,1,0,1,0.0468888233559422,0.06,1.0,1.0,0.029937902968823427,0.011233074624906294,0.01436129854270257,0.07557894736842105,0.0001911578947368421,0.06315789473684211
3392,-3.0300000000000002,200,0,0,1,0.046875,0.06,1.0,1.0,0.009714544901674022,0.01088113257434452,0.014384339227399323,0.07557894736842105,0.0001911578947368421,0.06315789473684211
3393,-2.867937500000002,200,0,0,1,0.046861184792219276,0.06,1.0,1.0,0.0027181505141909653,0.0048740762251545675,0.008441586774133612,0.07557894736842105,0.0001911578947368421,0.06315789473684211
3394,-0.8242499999999998,200,0,0,1,0.04684737772539776,0.06,1.0,1.0,-0.00020979801009890484,0.004699160539745208,0.00853366530101266,0.07557894736842105,0.0001911578947368421,0.06315789473684211
3395,-0.7743750000000019,200,0,0,1,0.04683357879234168,0.06,1.0,1.0,-0.00044693543879769396,0.004750692676399922,0.008459447913217446,0.07557894736842105,0.0001911578947368421,0.06315789473684211
3396,-2.761125000000001,200,0,0,1,0.046819787985865724,0.06,1.0,1.0,-0.0006270214478950426,-0.0012740776510363502,0.002632168009233283,0.07557894736842105,0.0001911578947368421,0.06315789473684211
3397,-2.704625000000002,200,0,0,1,0.04680600529879305,0.06,1.0,1.0,-0.0005878496635660141,-0.0009942672768993362,0.0027077863307749792,0.07557894736842105,0.0001911578947368421,0.06315789473684211
3398,-2.9023750000000006,200,0,0,1,0.04679223072395527,0.06,1.0,1.0,-0.0005928331627762376,-0.0009453109206551744,0.0028114646887952405,0.07557894736842105,0.0001911578947368421,0.06315789473684211
3399,-0.8736562500000015,200,0,0,1,0.04677846425419241,0.06,1.0,1.0,-0.0008009248811130632,-0.0007693486778152874,0.002733915680015343,0.07557894736842105,0.0001911578947368421,0.06315789473684211
3400,-0.7087500000000011,200,0,0,1,0.046764705882352944,0.06,1.0,1.0,-0.000782734400485545,-0.0008546672782540555,0.00282781181113387,0.07557894736842105,0.0001911578947368421,0.06315789473684211
3401,-2.941281249999997,200,0,0,1,0.046750955601293734,0.06,1.0,1.0,-0.0012036047189518829,-0.0009555269172851694,0.0026837548988260097,0.07557894736842105,0.0001911578947368421,0.06315789473684211
3402,-2.87,200,0,0,1,0.04673721340388007,0.06,1.0,1.0,-0.0011396287196662818,-0.0010624225949140964,0.0026668101810937515,0.07557894736842105,0.0001911578947368421,0.06315789473684211
3403,-2.851343750000001,200,0,0,1,0.0467234792829856,0.06,1.0,1.0,-0.0001157827885884023,-0.000830110084192711,0.002629376094424515,0.07557894736842105,0.0001911578947368421,0.06315789473684211
3404,-0.6396250000000006,200,0,0,1,0.04670975323149236,0.06,1.0,1.0,-0.0003508675043046196,-0.000720454817666905,0.002713167886220617,0.07557894736842105,0.0001911578947368421,0.06315789473684211
3405,20.174531249999998,143,1,0,1,0.04669603524229075,0.06,1.0,1.0,0.032112161950408925,0.006066099266434321,0.009432556253421353,0.07557894736842105,0.0001911578947368421,0.06315789473684211
3406,-2.871437500000001,200,0,0,1,0.04668232530827951,0.06,1.0,1.0,0.011193898276456015,0.0060497181374230425,0.009311311971338,0.07557894736842105,0.0001911578947368421,0.06315789473684211
3407,19.832656250000003,170,1,0,1,0.04666862342236572,0.06,1.0,1.0,0.004394142340125423,0.006113226005632896,0.00914909443509532,0.07557894736842105,0.0001911578947368421,0.06315789473684211
3408,-0.6975000000000017,200,0,0,1,0.04665492957746479,0.06,1.0,1.0,0.0010249919398885234,0.0060893390192068185,0.009332550890336279,0.07557894736842105,0.0001911578947368421,0.06315789473684211
3409,-2.918468750000001,200,0,0,1,0.04664124376650044,0.06,1.0,1.0,-0.00021427820392487225,0.005794697917823214,0.009233768161197076,0.07557894736842105,0.0001911578947368421,0.06315789473684211
3410,20.610625,106,1,0,1,0.046627565982404695,0.06,1.0,1.0,-0.0005119077139232971,0.005761337217059918,0.009224852944244048,0.07557894736842105,0.0001911578947368421,0.06315789473684211
3411,-0.7631874999999999,200,0,0,1,0.04661389621811785,0.06,1.0,1.0,-0.0010233590524979955,-0.0010067114440025762,0.002507517255595303,0.07557894736842105,0.0001911578947368421,0.06315789473684211
3412,-2.8183750000000005,200,0,0,1,0.04660023446658851,0.06,1.0,1.0,-0.0003200970431892037,-0.0008406458663521335,0.0026569447349611437,0.07557894736842105,0.0001911578947368421,0.06315789473684211
3413,-0.9283437500000015,200,0,0,1,0.04658658072077351,0.06,1.0,1.0,-0.000996983062986452,-0.001002524234703742,0.0026789006208855428,0.07557894736842105,0.0001911578947368421,0.06315789473684211
3414,-2.8933750000000007,200,0,0,1,0.04657293497363796,0.06,1.0,1.0,-0.00020886263910271268,-0.0007332257862435654,0.0027403117443755036,0.07557894736842105,0.0001911578947368421,0.06315789473684211
3415,-3.010000000000001,200,0,0,1,0.046559297218155195,0.06,1.0,1.0,-0.0003192360320436501,-0.0007091860711807385,0.0027118002112256363,0.07557894736842105,0.0001911578947368421,0.06315789473684211
3416,-0.9335000000000003,200,0,0,1,0.046545667447306795,0.06,1.0,1.0,0.0022373463580072296,5.231190414633602e-05,0.003491454904084094,0.07557894736842105,0.0001911578947368421,0.06315789473684211
3417,-2.8282187499999982,200,0,0,1,0.046532045654082525,0.06,1.0,1.0,0.00013561530355496302,-0.00011703584046335891,0.003458584575157147,0.07557894736842105,0.0001911578947368421,0.06315789473684211
3418,-2.8381875000000014,200,0,0,1,0.0465184318314804,0.06,1.0,1.0,-0.000832373585219473,-0.00014221966435434296,0.0034024399774498304,0.07557894736842105,0.0001911578947368421,0.06315789473684211
3419,-2.95184375,200,0,0,1,0.04650482597250658,0.06,1.0,1.0,-0.000776310862455342,-0.0002850441819173284,0.0032897487156442365,0.07557894736842105,0.0001911578947368421,0.06315789473684211
3420,-2.9700000000000006,200,0,0,1,0.04649122807017544,0.06,1.0,1.0,-3.1814749031014965e-05,-0.0001615497340389993,0.00327593166535371,0.07557894736842105,0.0001911578947368421,0.06315789473684211
3421,-2.767625000000001,200,0,0,1,0.0464776381175095,0.06,1.0,1.0,-0.0005239382829614752,-0.0008147003543272148,0.0025330808440048713,0.07557894736842105,0.0001911578947368421,0.06315789473684211
3422,-0.8596875000000014,200,0,0,1,0.04646405610753945,0.06,1.0,1.0,-0.0005668118214508813,-0.0007291304840764496,0.002432790964463493,0.07557894736842105,0.0001911578947368421,0.06315789473684211
3423,-0.5177187500000011,200,0,0,1,0.04645048203330412,0.06,1.0,1.0,-0.0007266092154885074,-0.0006183421423484105,0.002438989049027441,0.07557894736842105,0.0001911578947368421,0.06315789473684211
3424,-2.924000000000001,200,0,0,1,0.04643691588785047,0.06,1.0,1.0,-0.0007665999360995611,-0.0006585392192064318,0.002596463688038057,0.07557894736842105,0.0001911578947368421,0.06315789473684211
3425,20.845781249999998,90,1,0,1,0.046423357664233576,0.06,1.0,1.0,-0.0006656551486201721,-0.0006061972400493687,0.002617748830889468,0.07557894736842105,0.0001911578947368421,0.06315789473684211
3426,19.723499999999998,158,1,0,1,0.046409807355516634,0.06,1.0,1.0,-0.0003184445387412264,-0.000672535302452161,0.002500702741628629,0.07557894736842105,0.0001911578947368421,0.06315789473684211
3427,20.05953125,147,1,0,1,0.046396264954770935,0.06,1.0,1.0,-0.0003927059598050275,-0.0006491924305883003,0.0023496007361827652,0.07557894736842105,0.0001911578947368421,0.06315789473684211
3428,-0.7842500000000017,200,0,0,1,0.04638273045507585,0.06,1.0,1.0,-0.0008208287058271994,-0.0006907963580888464,0.00248821015971771,0.07557894736842105,0.0001911578947368421,0.06315789473684211
3429,-2.848624999999999,200,0,0,1,0.04636920384951881,0.055,1.0,1.0,-0.0009686525743904357,-0.000731921046340176,0.0023456262900645015,0.07557894736842105,0.0001911578947368421,0.06315789473684211
3430,-0.7487500000000019,200,0,0,1,0.04635568513119533,0.055,1.0,1.0,-0.0009670388298753449,-0.0007532865204348127,0.002289999583960707,0.07594736842105264,0.00019189473684210528,0.05789473684210526
3431,20.72446875,98,1,0,1,0.04634217429320898,0.055,1.0,1.0,0.031800771661740744,0.005888239505037745,0.009002035251621236,0.07594736842105264,0.00019189473684210528,0.05789473684210526
3432,-0.8800000000000016,200,0,0,1,0.04632867132867133,0.055,1.0,1.0,0.014262820674621602,0.006483580122388048,0.009818350444466887,0.07594736842105264,0.00019189473684210528,0.05789473684210526
3433,-0.8422812500000019,200,0,0,1,0.04631517623070201,0.055,1.0,1.0,0.007626069870629371,0.00715475346949006,0.010665812644037032,0.07594736842105264,0.00019189473684210528,0.05789473684210526
3434,-0.7492500000000005,200,0,0,1,0.046301688992428654,0.055,1.0,1.0,0.0020048308405601224,0.0070708991221172255,0.010605465026993442,0.07594736842105264,0.00019189473684210528,0.05789473684210526
3435,-2.7917187500000016,200,0,0,1,0.0462882096069869,0.055,1.0,1.0,0.0009359332905635547,0.007315081648739579,0.010849406830478983,0.07594736842105264,0.00019189473684210528,0.05789473684210526
3436,20.318125,128,1,0,1,0.046274738067520374,0.055,1.0,1.0,0.0004083890021646018,0.007382040588046948,0.01087209840524156,0.07594736842105264,0.00019189473684210528,0.05789473684210526
3437,-0.7748125000000018,200,0,0,1,0.04626127436718068,0.055,1.0,1.0,-0.0002031764822425513,0.0007384487075396464,0.004196049458849302,0.07594736842105264,0.00019189473684210528,0.05789473684210526
3438,20.252937499999998,121,1,0,1,0.0462478184991274,0.055,1.0,1.0,0.031727258998379526,0.00668605434968049,0.010180374724244757,0.07594736842105264,0.00019189473684210528,0.05789473684210526
3439,-0.7772812500000019,200,0,0,1,0.04623437045652806,0.055,1.0,1.0,0.011146981449335708,0.00605337316045916,0.009394253195765487,0.07594736842105264,0.00019189473684210528,0.05789473684210526
3440,-2.805000000000001,200,0,0,1,0.04622093023255814,0.055,1.0,1.0,0.0035225718435183497,0.006130870852153749,0.009337302200030536,0.07594736842105264,0.00019189473684210528,0.05789473684210526
3441,-2.770000000000001,200,0,0,1,0.046207497820401046,0.055,1.0,1.0,0.000877284921474869,0.005940087956027127,0.009220076109166257,0.07594736842105264,0.00019189473684210528,0.05789473684210526
3442,19.8120625,158,1,0,1,0.04619407321324811,0.055,1.0,1.0,0.0015956014867991022,0.006507830169808585,0.00988441783579765,0.07594736842105264,0.00019189473684210528,0.05789473684210526
3443,-0.830375000000002,200,0,0,1,0.046180656404298574,0.055,1.0,1.0,0.0024323148075034357,0.006409618082863744,0.009701639601553324,0.07594736842105264,0.00019189473684210528,0.05789473684210526
3444,-2.8652500000000014,200,0,0,1,0.046167247386759584,0.055,1.0,1.0,0.0002984310290984319,0.00042584033351158725,0.003698543805221561,0.07594736842105264,0.00019189473684210528,0.05789473684210526
3445,-1.0373437500000018,200,0,0,1,0.046153846153846156,0.05,1.0,1.0,-0.0002951185307634506,0.00047972585720708593,0.0037334531597443855,0.07594736842105264,0.00019189473684210528,0.05789473684210526
3446,-0.8180625000000015,200,0,0,1,0.0461404526987812,0.05,1.0,1.0,-0.0011447320765806842,0.0003216060848790221,0.003777768399741035,0.07631578947368421,0.00019263157894736842,0.052631578947368425
3447,20.45640625,114,1,0,1,0.04612706701479547,0.05,1.0,1.0,-0.00090981987174341,-0.00035828448977554217,0.0032084930049604736,0.07631578947368421,0.00019263157894736842,0.052631578947368425
3448,-0.6320000000000008,200,0,0,1,0.046113689095127613,0.05,1.0,1.0,0.0021834079065090614,0.0003329758878098801,0.003832929438329302,0.07631578947368421,0.00019263157894736842,0.052631578947368425
3449,-3.0100000000000002,200,0,0,1,0.04610031893302406,0.05,1.0,1.0,0.0008399431791853106,-0.00020775454142130912,0.0032020042664371432,0.07631578947368421,0.00019263157894736842,0.052631578947368425
3450,19.8859375,157,1,0,1,0.04608695652173913,0.05,1.0,1.0,-0.0003168332190466167,-0.00017528386320918798,0.003376940229674801,0.07631578947368421,0.00019263157894736842,0.052631578947368425
3451,19.56009375,175,1,0,1,0.04607360185453492,0.05,1.0,1.0,0.0008669304396075435,0.000385281968745403,0.003972207171027548,0.07631578947368421,0.00019263157894736842,0.052631578947368425
3452,-3.0484999999999993,200,0,0,1,0.04606025492468135,0.05,1.0,1.0,0.00033174822833429953,0.000636830837407615,0.003959007464989554,0.07631578947368421,0.00019263157894736842,0.052631578947368425
3453,-0.7845312500000022,200,0,0,1,0.046046915725456126,0.05,1.0,1.0,-0.0005383926602277883,0.0005853687638300471,0.003779681869840715,0.07631578947368421,0.00019263157894736842,0.052631578947368425
3454,21.108249999999998,68,1,1,1,0.04632310364794441,0.055,1.0,1.0,0.0021140320216158667,0.0005501665829797276,0.003747476532065775,0.07631578947368421,0.00019263157894736842,0.052631578947368425
3455,-2.87296875,200,0,0,1,0.04630969609261939,0.055,1.0,1.0,0.00035826097761123513,0.0004261171821854077,0.0037961300118477086,0.07594736842105264,0.00019189473684210528,0.05789473684210526
3456,-0.7959999999999989,200,0,0,1,0.046296296296296294,0.055,1.0,1.0,-0.00034030480593806773,-0.00020687331591034307,0.003049552704731468,0.07594736842105264,0.00019189473684210528,0.05789473684210526
3457,20.22090625,118,1,0,1,0.04628290425224183,0.055,1.0,1.0,0.00259274847978918,0.0005191602174309082,0.003612693606351968,0.07594736842105264,0.00019189473684210528,0.05789473684210526
3458,-2.9099999999999997,200,0,0,1,0.04626951995373048,0.055,1.0,1.0,0.0002700452184687741,0.00046338922280119734,0.0037527731144218705,0.07594736842105264,0.00019189473684210528,0.05789473684210526
3459,-2.9807187500000007,200,0,0,1,0.04625614339404452,0.055,1.0,1.0,-0.0007966552737352004,0.0002703097063931636,0.0037688439207267947,0.07594736842105264,0.00019189473684210528,0.05789473684210526
3460,-2.8156250000000003,200,0,0,1,0.046242774566473986,0.05,1.0,1.0,-0.001281246131216933,-0.00045319167454726996,0.003253160492749885,0.07594736842105264,0.00019189473684210528,0.05789473684210526
3461,21.20790625,66,1,1,1,0.046518347298468654,0.055,1.0,1.0,0.03145056244815957,0.006231442175572738,0.00979441915336065,0.07631578947368421,0.00019263157894736842,0.052631578947368425
3462,-3.026812500000001,200,0,0,1,0.046504910456383594,0.055,1.0,1.0,0.010862870060018527,0.006124766439665109,0.009720889113843442,0.07594736842105264,0.00019189473684210528,0.05789473684210526
3463,-0.7864375000000013,200,0,0,1,0.046491481374530755,0.055,1.0,1.0,0.003176278218321395,0.005384655854897573,0.009040456698508934,0.07594736842105264,0.00019189473684210528,0.05789473684210526
3464,-2.8035000000000005,200,0,0,1,0.04647806004618937,0.055,1.0,1.0,0.0005416976334328111,0.005453566151671111,0.009059527405537665,0.07594736842105264,0.00019189473684210528,0.05789473684210526
3465,-2.876718749999997,200,0,0,1,0.046464646464646465,0.055,1.0,1.0,0.0001889384863330836,0.005624706426868215,0.009060221645282581,0.07594736842105264,0.00019189473684210528,0.05789473684210526
3466,-2.823312500000001,200,0,0,1,0.04645124062319677,0.055,1.0,1.0,-0.000885039436121952,-0.0010226507156621664,0.0023481217978987843,0.07594736842105264,0.00019189473684210528,0.05789473684210526
3467,-2.9400000000000013,200,0,0,1,0.046437842515142776,0.055,1.0,1.0,-0.0007271432311055563,-0.0009369905220810324,0.002462108102859929,0.07594736842105264,0.00019189473684210528,0.05789473684210526
3468,-0.7434999999999958,200,0,0,1,0.046424452133794696,0.055,1.0,1.0,-0.0007803642419920623,-0.0008611712714191527,0.0023660709785763173,0.07594736842105264,0.00019189473684210528,0.05789473684210526
3469,19.975937499999997,153,1,0,1,0.04641106947247045,0.055,1.0,1.0,-0.0010489989165929458,-0.0008636286421678961,0.0023637951854616405,0.07594736842105264,0.00019189473684210528,0.05789473684210526
3470,20.572812499999998,112,1,0,1,0.04639769452449568,0.05,1.0,1.0,0.001363367003865632,-8.128984598442912e-05,0.0030768023766577246,0.07594736842105264,0.00019189473684210528,0.05789473684210526
3471,-0.8238750000000009,200,0,0,1,0.046384327283203686,0.05,1.0,1.0,-0.00010230444905849232,-0.0002371147418161854,0.0030860559466527773,0.07631578947368421,0.00019263157894736842,0.052631578947368425
3472,21.608999999999998,35,1,1,1,0.04665898617511521,0.055,1.0,1.0,0.0028487969510947436,0.00041992084542289375,0.0037363488599658013,0.07631578947368421,0.00019263157894736842,0.052631578947368425
3473,-2.9429374999999998,200,0,0,1,0.046645551396487184,0.055,1.0,1.0,0.00023144050575144964,0.00037784635135903956,0.0036225351584143937,0.07594736842105264,0.00019189473684210528,0.05789473684210526
3474,-0.847125000000002,200,0,0,1,0.046632124352331605,0.055,1.0,1.0,-0.000731491720542766,0.0002818413423374295,0.0036967230753507463,0.07594736842105264,0.00019189473684210528,0.05789473684210526
3475,20.72203125,97,1,0,1,0.04661870503597122,0.055,1.0,1.0,0.0015888582406723228,0.0008291305516613648,0.004429055623128079,0.07594736842105264,0.00019189473684210528,0.05789473684210526
3476,-0.8708750000000003,200,0,0,1,0.04660529344073648,0.055,1.0,1.0,0.0032804511071745234,0.0008787413471145556,0.004241670569754206,0.07594736842105264,0.00019189473684210528,0.05789473684210526
3477,-0.7646250000000016,200,0,0,1,0.04659188955996549,0.055,1.0,1.0,0.0006196538714855084,0.000766876558540389,0.004044366504764184,0.07594736842105264,0.00019189473684210528,0.05789473684210526
3478,-0.840000000000002,200,0,0,1,0.046578493387004025,0.055,1.0,1.0,-0.0005311317430825282,0.00018189168616663664,0.003394390014815144,0.07594736842105264,0.00019189473684210528,0.05789473684210526
3479,-2.9288437499999995,200,0,0,1,0.04656510491520552,0.055,1.0,1.0,-0.0007299064957976191,0.00019922511570621282,0.0036917123469756914,0.07594736842105264,0.00019189473684210528,0.05789473684210526
3480,-0.9837500000000013,200,0,0,1,0.04655172413793104,0.055,1.0,1.0,-0.001058787702490617,-0.0003508541981282178,0.0030372801021730992,0.07594736842105264,0.00019189473684210528,0.05789473684210526
3481,21.19865625,56,1,1,1,0.046825624820453896,0.06,1.0,1.0,0.031939222517299026,0.006218341296626022,0.009653889005683595,0.07594736842105264,0.00019189473684210528,0.05789473684210526
3482,21.1385625,61,1,1,1,0.04709936817920735,0.065,1.0,1.0,0.05313434070392553,0.01220555834818515,0.01566275352824596,0.07557894736842105,0.0001911578947368421,0.06315789473684211
3483,-2.8200000000000007,200,0,0,1,0.047085845535457936,0.065,1.0,1.0,0.018930418668692713,0.011576718858064852,0.015195390468608821,0.07521052631578948,0.00019042105263157897,0.06842105263157895
3484,-0.7822500000000009,200,0,0,1,0.04707233065442021,0.065,1.0,1.0,0.006103820393265384,0.011487692815571791,0.015202291453169892,0.07521052631578948,0.00019042105263157897,0.06842105263157895
3485,-2.9200000000000017,200,0,0,1,0.047058823529411764,0.065,1.0,1.0,0.001585044018818723,0.011542234001302859,0.015052080437453697,0.07521052631578948,0.00019042105263157897,0.06842105263157895
3486,-2.7257499999999997,200,0,0,1,0.04704532415375789,0.065,1.0,1.0,0.00019574571318508213,0.01157028207599069,0.01502158763378975,0.07521052631578948,0.00019042105263157897,0.06842105263157895
3487,-1.0220625,200,0,0,1,0.04703183252079151,0.065,1.0,1.0,0.0002471869449006417,-0.00045459084736648947,0.003170651656226255,0.07521052631578948,0.00019042105263157897,0.06842105263157895
3488,-0.8080000000000016,200,0,0,1,0.047018348623853214,0.065,1.0,1.0,-0.0007167204004808568,-0.0005268625991884619,0.0031154788592830302,0.07521052631578948,0.00019042105263157897,0.06842105263157895
3489,20.56775,106,1,0,1,0.0470048724562912,0.065,1.0,1.0,0.0011663416093765937,-6.890770583413541e-05,0.0037292726673185824,0.07521052631578948,0.00019042105263157897,0.06842105263157895
3490,-2.7503125000000006,200,0,0,1,0.04699140401146132,0.065,1.0,1.0,-0.0005784467038187163,-0.00010423777194228024,0.003961869778693654,0.07521052631578948,0.00019042105263157897,0.06842105263157895
3491,20.903624999999998,82,1,0,1,0.04697794328272701,0.065,1.0,1.0,-0.0010333572330642855,-0.00017159175372216852,0.003977853721822612,0.07521052631578948,0.00019042105263157897,0.06842105263157895
3492,-0.8465000000000005,200,0,0,1,0.046964490263459335,0.065,1.0,1.0,-0.0013255056822818279,-0.0003465109399985522,0.003916287681786344,0.07521052631578948,0.00019042105263157897,0.06842105263157895
3493,-0.8966250000000007,200,0,0,1,0.04695104494703693,0.065,1.0,1.0,-0.001182287069091013,-0.0008715476472279988,0.0032107580596930346,0.07521052631578948,0.00019042105263157897,0.06842105263157895
3494,-2.7583750000000005,200,0,0,1,0.04693760732684602,0.065,1.0,1.0,-0.0009215016517448462,-0.0007696043850737624,0.0031229236127692274,0.07521052631578948,0.00019042105263157897,0.06842105263157895
3495,-0.7953125000000008,200,0,0,1,0.0469241773962804,0.065,1.0,1.0,-0.0005815127102874753,-0.0010434446224826387,0.0023028561982209794,0.07521052631578948,0.00019042105263157897,0.06842105263157895
3496,-2.8842500000000015,200,0,0,1,0.04691075514874142,0.065,1.0,1.0,-0.0009092603541525339,-0.0009805202432326041,0.00230705704720458,0.07521052631578948,0.00019042105263157897,0.06842105263157895
3497,19.5614375,166,1,0,1,0.046897340577637975,0.065,1.0,1.0,-0.0011930302955783462,-0.0010179390767007135,0.0023700699158362114,0.07521052631578948,0.00019042105263157897,0.06842105263157895
3498,-2.9243125000000014,200,0,0,1,0.046883933676386505,0.065,1.0,1.0,-0.0006473352720680175,-0.0008550351033918559,0.0023248208821751177,0.07521052631578948,0.00019042105263157897,0.06842105263157895
3499,-2.773031250000001,200,0,0,1,0.04687053443841097,0.065,1.0,1.0,-0.000939869647647565,-0.0009793021857040004,0.002348512566764839,0.07521052631578948,0.00019042105263157897,0.06842105263157895
3500,19.229374999999997,187,1,0,1,0.046857142857142854,0.065,1.0,1.0,-0.0007953521503123791,-0.000998190967948176,0.002313571976614185,0.07521052631578948,0.00019042105263157897,0.06842105263157895
3501,-2.8420312500000002,200,0,0,1,0.046843758926021134,0.065,1.0,1.0,-0.0009477300298213776,-0.0009600800362532027,0.002550573854648974,0.07521052631578948,0.00019042105263157897,0.06842105263157895
3502,-2.6500000000000017,200,0,0,1,0.04683038263849229,0.065,1.0,1.0,-0.0013596116130581391,-0.0010385478921816685,0.002612895367841702,0.07521052631578948,0.00019042105263157897,0.06842105263157895
3503,-0.8468124999999986,200,0,0,1,0.046817013988010275,0.065,1.0,1.0,0.0012169171563702127,-0.0004616436131182127,0.0035249069629353473,0.07521052631578948,0.00019042105263157897,0.06842105263157895
3504,-0.763500000000002,200,0,0,1,0.04680365296803653,0.065,1.0,1.0,-0.000238938257167357,-0.000523379962251056,0.003689376840309706,0.07521052631578948,0.00019042105263157897,0.06842105263157895
3505,-0.7426562500000016,200,0,0,1,0.046790299572039944,0.065,1.0,1.0,-0.0009736538138127946,-0.0006256004903116264,0.0036873321070452223,0.07521052631578948,0.00019042105263157897,0.06842105263157895
3506,19.738062499999998,163,1,0,1,0.04677695379349686,0.065,1.0,1.0,-0.0005805946527443556,-0.00046682246343698354,0.003620195235591382,0.07521052631578948,0.00019042105263157897,0.06842105263157895
3507,-0.8362187500000012,200,0,0,1,0.046763615625891077,0.065,1.0,1.0,-0.00035900288743653916,-0.00035751513775903734,0.003957263353513553,0.07521052631578948,0.00019042105263157897,0.06842105263157895
3508,-2.8946250000000013,200,0,0,1,0.046750285062713795,0.065,1.0,1.0,-0.00018739724864123944,-0.00010053052584407851,0.00401212228188524,0.07521052631578948,0.00019042105263157897,0.06842105263157895
3509,-0.7139687500000019,200,0,0,1,0.04673696209746366,0.065,1.0,1.0,-0.0006054666510694632,-0.0006275969112248276,0.0030058302783218097,0.07521052631578948,0.00019042105263157897,0.06842105263157895
3510,-0.83875,200,0,0,1,0.046723646723646726,0.065,1.0,1.0,-0.0005523362209255863,-0.00048391509970679183,0.003113138729408092,0.07521052631578948,0.00019042105263157897,0.06842105263157895
3511,20.671125,93,1,0,1,0.04671033893477642,0.065,1.0,1.0,-0.000878889796488657,-0.0005120682288616081,0.003087788334050856,0.07521052631578948,0.00019042105263157897,0.06842105263157895
3512,-0.9947500000000018,200,0,0,1,0.04669703872437358,0.065,1.0,1.0,0.0013416890694950125,0.00012360570928285597,0.0036542613339770468,0.07521052631578948,0.00019042105263157897,0.06842105263157895
3513,-2.8752187499999993,200,0,0,1,0.04668374608596641,0.065,1.0,1.0,0.0004476497886030764,0.00011943025742857572,0.003090709728617185,0.07521052631578948,0.00019042105263157897,0.06842105263157895
3514,-2.7951875,200,0,0,1,0.0466704610130905,0.06,1.0,1.0,-0.0006230745904607859,-8.09487020387678e-05,0.00337552701405275,0.07521052631578948,0.00019042105263157897,0.06842105263157895
3515,-0.7800000000000011,200,0,0,1,0.04665718349928876,0.06,1.0,1.0,-5.4922571690526245e-05,8.7807235126661e-05,0.0035989172235719024,0.07557894736842105,0.0001911578947368421,0.06315789473684211
3516,21.561,42,1,1,1,0.04692832764505119,0.065,1.0,1.0,0.00014632920301550743,0.00014359273720094734,0.00368471791903778,0.07557894736842105,0.0001911578947368421,0.06315789473684211
3517,-2.8598125000000003,200,0,0,1,0.04691498436167188,0.065,1.0,1.0,-0.00032578195127186914,0.0002710949962425957,0.0037298191232263207,0.07521052631578948,0.00019042105263157897,0.06842105263157895
3518,-0.7600000000000013,200,0,0,1,0.04690164866401365,0.065,1.0,1.0,-0.0008223097094209094,-0.0003851994083446471,0.0035320674279943204,0.07521052631578948,0.00019042105263157897,0.06842105263157895
3519,-2.9349687499999986,200,0,0,1,0.04688832054560955,0.065,1.0,1.0,-0.0006773604532784471,-0.0005478850196508347,0.004056803959277772,0.07521052631578948,0.00019042105263157897,0.06842105263157895
3520,-0.8450000000000016,200,0,0,1,0.046875,0.06,1.0,1.0,0.0004521871207010638,0.00021460057012302514,0.004818456931535934,0.07521052631578948,0.00019042105263157897,0.06842105263157895
3521,-2.8650312499999995,200,0,0,1,0.04686168702073275,0.055,1.0,1.0,0.0012808807930276157,0.0003186779848765582,0.005119997987581883,0.07557894736842105,0.0001911578947368421,0.06315789473684211
3522,-0.8950625000000013,200,0,0,1,0.046848381601362864,0.055,1.0,1.0,0.0034261738651215996,0.001144658978958887,0.0058248170278270665,0.07594736842105264,0.00019189473684210528,0.05789473684210526
3523,19.514531249999997,170,1,0,1,0.04683508373545274,0.055,1.0,1.0,0.032175929825010025,0.007366117382265201,0.011387757578009314,0.07594736842105264,0.00019189473684210528,0.05789473684210526
3524,-0.7156250000000015,200,0,0,1,0.046821793416572076,0.055,1.0,1.0,0.012202416104564438,0.0077222516941578764,0.01136655045845282,0.07594736842105264,0.00019189473684210528,0.05789473684210526
3525,-2.8800000000000012,200,0,0,1,0.04680851063829787,0.055,1.0,1.0,0.003955960655371443,0.006883768639210302,0.010208164427461724,0.07594736842105264,0.00019189473684210528,0.05789473684210526
3526,19.5436875,181,1,0,1,0.04679523539421441,0.055,1.0,1.0,0.0313326514626705,0.012962502400685026,0.01587982434209289,0.07594736842105264,0.00019189473684210528,0.05789473684210526
3527,-2.98478125,200,0,0,1,0.04678196767791324,0.055,1.0,1.0,0.011007027759801035,0.012596901208351483,0.015483728971579694,0.07594736842105264,0.00019189473684210528,0.05789473684210526
3528,-2.76475,200,0,0,1,0.0467687074829932,0.055,1.0,1.0,0.0039582613900092075,0.011854388169929734,0.014916603287143516,0.07594736842105264,0.00019189473684210528,0.05789473684210526
3529,-0.7558437500000009,200,0,0,1,0.046755454803060356,0.055,1.0,1.0,0.0009721315206629913,0.00570332050320576,0.00872100082578254,0.07594736842105264,0.00019189473684210528,0.05789473684210526
3530,20.256249999999998,136,1,0,1,0.046742209631728045,0.055,1.0,1.0,0.003210505332467552,0.00625654728768859,0.00935575672017876,0.07594736842105264,0.00019189473684210528,0.05789473684210526
3531,-0.8553437500000014,200,0,0,1,0.04672897196261682,0.055,1.0,1.0,0.0010987091139790816,0.006354790679324651,0.009391459357080748,0.07594736842105264,0.00019189473684210528,0.05789473684210526
3532,-2.926124999999999,200,0,0,1,0.046715741789354476,0.055,1.0,1.0,-9.43330040130488e-05,0.00018968033170676792,0.0034114340175001416,0.07594736842105264,0.00019189473684210528,0.05789473684210526
3533,19.4859375,174,1,0,1,0.046702519105576,0.055,1.0,1.0,-0.0006444174053351004,6.679704310954548e-05,0.0034486825653293634,0.07594736842105264,0.00019189473684210528,0.05789473684210526
3534,-0.9154375000000008,200,0,0,1,0.0466893039049236,0.055,1.0,1.0,-0.0007009198082138823,-1.964030700037256e-06,0.0033193524587259164,0.07594736842105264,0.00019189473684210528,0.05789473684210526
3535,-0.7282812499999991,200,0,0,1,0.04667609618104668,0.055,1.0,1.0,0.00011951350031971255,-0.0005415291057433933,0.0027167607055744157,0.07594736842105264,0.00019189473684210528,0.05789473684210526
3536,-0.7165000000000017,200,0,0,1,0.04666289592760181,0.055,1.0,1.0,0.0004011401121307548,-0.0002543347763639758,0.0028458780285945976,0.07594736842105264,0.00019189473684210528,0.05789473684210526
3537,20.497875,119,1,0,1,0.04664970313825276,0.055,1.0,1.0,-0.00036273686901050126,-0.00043121657228766707,0.0029824538386819767,0.07594736842105264,0.00019189473684210528,0.05789473684210526
3538,20.912187499999998,83,1,0,1,0.046636517806670434,0.055,1.0,1.0,-0.000409120232745958,-0.0003731675690432894,0.002858966806081298,0.07594736842105264,0.00019189473684210528,0.05789473684210526
3539,19.750843749999998,168,1,0,1,0.04662333992653292,0.055,1.0,1.0,0.03125757307447955,0.006190172350448847,0.009540187690574384,0.07594736842105264,0.00019189473684210528,0.05789473684210526
3540,19.83625,163,1,0,1,0.046610169491525424,0.055,1.0,1.0,0.04348778699123001,0.01237996950426168,0.01550643318011862,0.07594736842105264,0.00019189473684210528,0.05789473684210526
3541,19.446468749999998,187,1,0,1,0.0465970064953403,0.055,1.0,1.0,0.01884752922418976,0.012954164834583936,0.01611637852025888,0.07594736842105264,0.00019189473684210528,0.05789473684210526
3542,-2.911374999999999,200,0,0,1,0.046583850931677016,0.055,1.0,1.0,0.006459740496152518,0.012753806727414486,0.016021328204369637,0.07594736842105264,0.00019189473684210528,0.05789473684210526
3543,-0.8185937500000015,200,0,0,1,0.04657070279424217,0.055,1.0,1.0,0.0022573854388978345,0.01272367388685234,0.015880202368600296,0.07594736842105264,0.00019189473684210528,0.05789473684210526
3544,-0.8445000000000017,200,0,0,1,0.04655756207674944,0.055,1.0,1.0,0.000568036870510687,0.012224969396251254,0.015303173736785539,0.07594736842105264,0.00019189473684210528,0.05789473684210526
3545,-0.7404687499999998,200,0,0,1,0.0465444287729196,0.055,1.0,1.0,-0.00036506442258912175,0.006100572918425314,0.00941990904940758,0.07594736842105264,0.00019189473684210528,0.05789473684210526
3546,-2.872562500000001,200,0,0,1,0.046531302876480544,0.055,1.0,1.0,-0.0005939082868891085,-0.0005818726321449503,0.0025749665410257877,0.07594736842105264,0.00019189473684210528,0.05789473684210526
3547,-0.8933750000000014,200,0,0,1,0.046518184381167185,0.055,1.0,1.0,-0.0006180678734800718,-0.0005658883879659697,0.0027752259792760015,0.07594736842105264,0.00019189473684210528,0.05789473684210526
3548,20.607125,108,1,0,1,0.04650507328072153,0.055,1.0,1.0,0.03239465629513542,0.006242323188214414,0.00935278033932127,0.07594736842105264,0.00019189473684210528,0.05789473684210526
3549,-2.8500000000000014,200,0,0,1,0.04649196956889264,0.055,1.0,1.0,0.011148788274290961,0.005928305583323436,0.009282789022995076,0.07594736842105264,0.00019189473684210528,0.05789473684210526
3550,-2.851875,200,0,0,1,0.04647887323943662,0.055,1.0,1.0,0.003351705320671498,0.005822655542856865,0.009296393911774885,0.07594736842105264,0.00019189473684210528,0.05789473684210526
3551,-2.8899999999999975,200,0,0,1,0.046465784286116585,0.055,1.0,1.0,0.0009140917193669962,0.0059154150620902325,0.009356323474623878,0.07594736842105264,0.00019189473684210528,0.05789473684210526
3552,21.57,39,1,1,1,0.046734234234234236,0.06,1.0,1.0,0.030694529521731705,0.011967935186797604,0.015351893953119087,0.07594736842105264,0.00019189473684210528,0.05789473684210526
3553,-2.8839687500000006,200,0,0,1,0.04672108077680833,0.06,1.0,1.0,0.01032100735810947,0.011837163852572758,0.015260227935751118,0.07557894736842105,0.0001911578947368421,0.06315789473684211
3554,-2.9260625000000005,200,0,0,1,0.04670793472144063,0.06,1.0,1.0,0.003206616578021214,0.00504930569161661,0.008437360657320824,0.07557894736842105,0.0001911578947368421,0.06315789473684211
3555,20.35515625,129,1,0,1,0.04669479606188467,0.06,1.0,1.0,0.0032295763728016668,0.005786497195222182,0.00905792973653297,0.07557894736842105,0.0001911578947368421,0.06315789473684211
3556,20.191,133,1,0,1,0.046681664791901015,0.06,1.0,1.0,0.031478606246145124,0.011906684552901425,0.015078351911040955,0.07557894736842105,0.0001911578947368421,0.06315789473684211
3557,20.41921875,115,1,0,1,0.04666854090525724,0.055,1.0,1.0,0.05082439839897114,0.01868219709722325,0.021814926256425678,0.07557894736842105,0.0001911578947368421,0.06315789473684211
3558,-2.8485625000000008,200,0,0,1,0.04665542439572794,0.055,1.0,1.0,0.01802050735201496,0.018562058323412203,0.022005808602203615,0.07594736842105264,0.00019189473684210528,0.05789473684210526
3559,-0.7835312500000012,200,0,0,1,0.04664231525709469,0.05,1.0,1.0,0.0086287083606837,0.013337727127945983,0.01668271606194321,0.07594736842105264,0.00019189473684210528,0.05789473684210526
3560,-0.7350000000000015,200,0,0,1,0.04662921348314607,0.05,1.0,1.0,0.002120409697371231,0.013186904150410555,0.016867146520060487,0.07631578947368421,0.00019263157894736842,0.052631578947368425
3561,19.38603125,189,1,0,1,0.04661611906767762,0.05,1.0,1.0,0.030206058433455838,0.018449233584688043,0.022170056583709085,0.07631578947368421,0.00019263157894736842,0.052631578947368425
3562,-2.8700000000000014,200,0,0,1,0.04660303200449186,0.05,1.0,1.0,0.01030301875142769,0.011606160348863342,0.015317591498722322,0.07631578947368421,0.00019263157894736842,0.052631578947368425
3563,-3.02,200,0,0,1,0.04658995228739826,0.05,1.0,1.0,0.003416174544699703,0.0056720721063902605,0.008981351216207259,0.07631578947368421,0.00019263157894736842,0.052631578947368425
3564,-0.9182500000000019,200,0,0,1,0.04657687991021325,0.05,1.0,1.0,0.0028704414068486043,0.0055618859716923905,0.008938341903383844,0.07631578947368421,0.00019263157894736842,0.052631578947368425
3565,-2.8664062499999985,200,0,0,1,0.046563814866760166,0.05,1.0,1.0,0.0006647856956099171,0.005715059446613282,0.008767364854249195,0.07631578947368421,0.00019263157894736842,0.052631578947368425
3566,-2.9128749999999997,200,0,0,1,0.04655075715086932,0.05,1.0,1.0,-0.00011795675752807321,-0.0002854825062910322,0.0028096682939445826,0.07631578947368421,0.00019263157894736842,0.052631578947368425
3567,-2.7170625,200,0,0,1,0.04653770675637791,0.05,1.0,1.0,-0.0005143549439443589,-0.00019111752873288878,0.0027967818026896794,0.07631578947368421,0.00019263157894736842,0.052631578947368425
3568,21.251,61,1,1,1,0.04680493273542601,0.055,1.0,1.0,-0.000793282298929064,-0.0002669860826732702,0.00279310669438712,0.07631578947368421,0.00019263157894736842,0.052631578947368425
3569,-3.0565312500000017,200,0,0,1,0.04679181843653685,0.055,1.0,1.0,-0.0009264053381446039,-0.0002942271314256004,0.002992134498928522,0.07594736842105264,0.00019189473684210528,0.05789473684210526
3570,-0.8831250000000017,200,0,0,1,0.04677871148459384,0.055,1.0,1.0,0.0012120990131241113,-2.0949151848640215e-05,0.00312068648895513,0.07594736842105264,0.00019189473684210528,0.05789473684210526
3571,21.55065625,42,1,1,1,0.04704564547745729,0.06,1.0,1.0,0.0009715900485114925,-3.1323131655540234e-05,0.003158976347914745,0.07594736842105264,0.00019189473684210528,0.05789473684210526
3572,-2.94675,200,0,0,1,0.04703247480403135,0.06,1.0,1.0,0.0003401756976893518,8.380901616328628e-05,0.0034810772572018323,0.07557894736842105,0.0001911578947368421,0.06315789473684211
3573,-2.7966562499999985,200,0,0,1,0.047019311502938706,0.06,1.0,1.0,5.161177384731253e-05,0.00011252179509756388,0.003584016635089938,0.07557894736842105,0.0001911578947368421,0.06315789473684211
3574,-0.8067500000000003,200,0,0,1,0.047006155567991044,0.06,1.0,1.0,-9.884208599779494e-05,0.0002523619889980182,0.003776684597483836,0.07557894736842105,0.0001911578947368421,0.06315789473684211
3575,20.029843749999998,138,1,0,1,0.04699300699300699,0.06,1.0,1.0,0.0008859937470965831,0.0007847695847740397,0.004595890212222002,0.07557894736842105,0.0001911578947368421,0.06315789473684211
3576,-2.7370000000000005,200,0,0,1,0.04697986577181208,0.06,1.0,1.0,-0.00026333404179727435,5.705192981986329e-05,0.003824681767320726,0.07557894736842105,0.0001911578947368421,0.06315789473684211
3577,19.86896875,157,1,0,1,0.046966731898238745,0.06,1.0,1.0,0.029218785782980945,0.005999864680168685,0.00982535145553993,0.07557894736842105,0.0001911578947368421,0.06315789473684211
3578,20.185937499999998,135,1,0,1,0.046953605366126326,0.06,1.0,1.0,0.014306851366517472,0.005822568120842334,0.00968708254006924,0.07557894736842105,0.0001911578947368421,0.06315789473684211
3579,-0.7842187500000017,200,0,0,1,0.04694048616932104,0.06,1.0,1.0,0.005092410666145014,0.005825968742894474,0.009593553797516505,0.07557894736842105,0.0001911578947368421,0.06315789473684211
3580,-0.990625,200,0,0,1,0.04692737430167598,0.06,1.0,1.0,0.0008972308819141637,0.0049957672173623,0.008887034661718644,0.07557894736842105,0.0001911578947368421,0.06315789473684211
3581,19.29928125,192,1,0,1,0.046914269757051104,0.055,1.0,1.0,0.003579161201354888,0.005862999963224865,0.009432215892942622,0.07557894736842105,0.0001911578947368421,0.06315789473684211
3582,-0.8646875000000014,200,0,0,1,0.04690117252931323,0.05,1.0,1.0,0.0006469580731979164,0.005856666287581902,0.009490157670516055,0.07594736842105264,0.00019189473684210528,0.05789473684210526
3583,-0.8057500000000004,200,0,0,1,0.046888082612336034,0.05,1.0,1.0,-0.00020336616889649183,1.2689314724411815e-05,0.0034992744807968846,0.07631578947368421,0.00019263157894736842,0.052631578947368425
3584,20.034,152,1,0,1,0.046875,0.045,1.0,1.0,0.0013028157403740049,0.0005335199127766828,0.004088976143011677,0.07631578947368421,0.00019263157894736842,0.052631578947368425
3585,19.5778125,178,1,0,1,0.04686192468619247,0.045,1.0,1.0,-0.00024931466007499704,0.0004945874928125704,0.004169797097998525,0.07668421052631579,0.00019336842105263159,0.04736842105263158
3586,-0.8558750000000017,200,0,0,1,0.046848856664807585,0.045,1.0,1.0,-0.00040852883726610136,0.0006026501174092118,0.004095895641348761,0.07668421052631579,0.00019336842105263159,0.04736842105263158
3587,20.339062499999997,132,1,0,1,0.04683579592974631,0.045,1.0,1.0,0.002582088883957161,0.0005862296665327449,0.004020090383226488,0.07668421052631579,0.00019336842105263159,0.04736842105263158
3588,21.34725,58,1,1,1,0.04710144927536232,0.05,1.0,1.0,0.03439205968481358,0.007179995083995891,0.01065039266306485,0.07668421052631579,0.00019336842105263159,0.04736842105263158
3589,-2.9899999999999993,200,0,0,1,0.0470883254388409,0.05,1.0,1.0,0.011901017834154802,0.007083681536769291,0.010643021497391601,0.07631578947368421,0.00019263157894736842,0.052631578947368425
3590,-2.8115624999999977,200,0,0,1,0.047075208913649025,0.05,1.0,1.0,0.0038548213793407797,0.0065270242273254555,0.01025529033401108,0.07631578947368421,0.00019263157894736842,0.052631578947368425
3591,-0.8516562500000012,200,0,0,1,0.04706209969367864,0.05,1.0,1.0,0.0008918489417563541,0.006654646920942468,0.010172153720923234,0.07631578947368421,0.00019263157894736842,0.052631578947368425
3592,-3.0000000000000013,200,0,0,1,0.047048997772828505,0.05,1.0,1.0,-0.00035835791964324265,0.006498299591839896,0.010102580474907882,0.07631578947368421,0.00019263157894736842,0.052631578947368425
3593,-2.8645624999999963,200,0,0,1,0.04703590314500417,0.05,1.0,1.0,-0.0002804171318604208,-0.0008465210474860214,0.0030139870608800264,0.07631578947368421,0.00019263157894736842,0.052631578947368425
3594,-0.896562500000002,200,0,0,1,0.047022815804117976,0.05,1.0,1.0,-0.0010598056491339864,-0.0009336328055542253,0.003116858707053325,0.07631578947368421,0.00019263157894736842,0.052631578947368425
3595,-0.7073437500000016,200,0,0,1,0.04700973574408901,0.05,1.0,1.0,-0.001576716214286109,-0.001113408803492348,0.0029501756201025272,0.07631578947368421,0.00019263157894736842,0.052631578947368425
3596,20.513125000000002,110,1,0,1,0.04699666295884316,0.05,1.0,1.0,0.0024899587226205025,-0.00038422963059929314,0.0037564884082639765,0.07631578947368421,0.00019263157894736842,0.052631578947368425
3597,-2.7870312500000005,200,0,0,1,0.046983597442313035,0.05,1.0,1.0,-0.00010908873800009925,-0.0005394328564616444,0.0038992124806645732,0.07631578947368421,0.00019263157894736842,0.052631578947368425
3598,19.895374999999998,150,1,0,1,0.04697053918843802,0.05,1.0,1.0,-0.0005637787668253653,-0.00044037063425639647,0.003897473896096926,0.07631578947368421,0.00019263157894736842,0.052631578947368425
3599,20.94265625,77,1,0,1,0.046957488191164215,0.05,1.0,1.0,0.0025135227292299935,0.0002707822907832451,0.00440360731940018,0.07631578947368421,0.00019263157894736842,0.052631578947368425
3600,-0.8550000000000018,200,0,0,1,0.04694444444444444,0.05,1.0,1.0,0.000142477662017314,0.00017371280101360754,0.004135362661036197,0.07631578947368421,0.00019263157894736842,0.052631578947368425
3601,-2.9600000000000013,200,0,0,1,0.04693140794223827,0.05,1.0,1.0,0.0004648620781725687,0.0005100821471423842,0.004254201518779155,0.07631578947368421,0.00019263157894736842,0.052631578947368425
3602,-0.8475625000000019,200,0,0,1,0.04691837867851194,0.05,1.0,1.0,-0.0002927998076026289,-0.0002005421097856015,0.003380784109351225,0.07631578947368421,0.00019263157894736842,0.052631578947368425
3603,19.959625,147,1,0,1,0.04690535664723841,0.05,1.0,1.0,0.0016522296306175888,0.0006222450305504026,0.0037058113098173634,0.07631578947368421,0.00019263157894736842,0.052631578947368425
3604,-2.917625000000001,200,0,0,1,0.046892341842397336,0.05,1.0,1.0,-0.00026364383582953876,0.0005912539994023973,0.0037315760194469474,0.07631578947368421,0.00019263157894736842,0.052631578947368425
3605,21.499375,42,1,1,1,0.047156726768377254,0.055,1.0,1.0,0.002562684182486618,0.0006081945492624072,0.0037830551978404402,0.07631578947368421,0.00019263157894736842,0.052631578947368425
3606,-2.9630625,200,0,0,1,0.04714364947310039,0.055,1.0,1.0,0.00033058040401952413,0.0006848300268029561,0.003915715727358474,0.07594736842105264,0.00019189473684210528,0.05789473684210526
3607,-2.91684375,200,0,0,1,0.04713057942888827,0.055,1.0,1.0,-0.0010398983284583229,0.0004172428998717805,0.00407939777347201,0.07594736842105264,0.00019189473684210528,0.05789473684210526
3608,-3.0000000000000013,200,0,0,1,0.04711751662971175,0.055,1.0,1.0,-0.001179920764109328,0.00014234142970235552,0.0039932852488564095,0.07594736842105264,0.00019189473684210528,0.05789473684210526
3609,-2.8655625000000002,200,0,0,1,0.04710446106954835,0.055,1.0,1.0,-0.0007567974203479355,-0.00048640762231661936,0.00341962593459175,0.07594736842105264,0.00019189473684210528,0.05789473684210526
3610,19.46875,182,1,0,1,0.04709141274238227,0.055,1.0,1.0,-0.0010096554856278298,-0.0011298032432969195,0.002627810084988596,0.07594736842105264,0.00019189473684210528,0.05789473684210526
3611,20.768625,85,1,0,1,0.047078371642204374,0.055,1.0,1.0,-0.0010493714225839783,-0.0011969890238833613,0.0024787313765264117,0.07594736842105264,0.00019189473684210528,0.05789473684210526
3612,-2.827875,200,0,0,1,0.04706533776301218,0.055,1.0,1.0,-0.00029144171204145914,-0.0009829985692049376,0.0026809171885834077,0.07594736842105264,0.00019189473684210528,0.05789473684210526
3613,19.958375,148,1,0,1,0.047052311098809856,0.055,1.0,1.0,-0.0005951293061275905,-0.0008280008666333743,0.002578605772170704,0.07594736842105264,0.00019189473684210528,0.05789473684210526
3614,21.5603125,36,1,1,1,0.04731599335915883,0.06,1.0,1.0,0.002303315089239352,-0.00015925131092080845,0.0032039683074108326,0.07594736842105264,0.00019189473684210528,0.05789473684210526
3615,-0.8198437500000005,200,0,0,1,0.04730290456431535,0.06,1.0,1.0,0.0017131184039226215,0.0005284478416433557,0.004200194716104306,0.07557894736842105,0.0001911578947368421,0.06315789473684211
3616,19.971999999999998,161,1,0,1,0.047289823008849555,0.06,1.0,1.0,0.0004299472114302226,0.0005248038680820173,0.004270077224273337,0.07557894736842105,0.0001911578947368421,0.06315789473684211
3617,-2.8778750000000013,200,0,0,1,0.04727674868675698,0.06,1.0,1.0,0.0006535707996280834,0.0007870844014050818,0.004538376740330932,0.07557894736842105,0.0001911578947368421,0.06315789473684211
3618,20.091624999999997,136,1,0,1,0.0472636815920398,0.06,1.0,1.0,0.00024378613438720843,0.0009378573895173759,0.004541179538608048,0.07557894736842105,0.0001911578947368421,0.06315789473684211
3619,19.549531249999998,178,1,0,1,0.04725062171870682,0.06,1.0,1.0,-0.0005245448785961849,0.0007180533830050991,0.004389010072240126,0.07557894736842105,0.0001911578947368421,0.06315789473684211
3620,-0.9062500000000016,200,0,0,1,0.047237569060773484,0.06,1.0,1.0,-0.000769584045616113,-0.0005165097049230099,0.0030497565603782276,0.07557894736842105,0.0001911578947368421,0.06315789473684211
3621,-0.9907812500000018,200,0,0,1,0.04722452361226181,0.06,1.0,1.0,-0.001083196472203283,-0.0005917081407296791,0.0027580174464001176,0.07557894736842105,0.0001911578947368421,0.06315789473684211
3622,-0.7891250000000019,200,0,0,1,0.04721148536720044,0.06,1.0,1.0,-0.0007424853633134206,-0.000615799677776522,0.00269706629285065,0.07557894736842105,0.0001911578947368421,0.06315789473684211
3623,21.527124999999998,36,1,1,1,0.04747446867237096,0.065,1.0,1.0,-0.0006499547920702757,-0.0006151181754976278,0.002717460558968014,0.07557894736842105,0.0001911578947368421,0.06315789473684211
3624,19.962249999999997,148,1,0,1,0.04746136865342163,0.065,1.0,1.0,-0.0009423246879382972,-0.0008498745924880495,0.002451892376979231,0.07521052631578948,0.00019042105263157897,0.06842105263157895
3625,-0.9182812500000018,200,0,0,1,0.04744827586206896,0.065,1.0,1.0,-0.0010166046823107489,-0.0008956257765648843,0.002385889153415519,0.07521052631578948,0.00019042105263157897,0.06842105263157895
3626,20.236749999999997,123,1,0,1,0.04743519029233315,0.065,1.0,1.0,-0.0007508051097171713,-0.0008839355479112783,0.0022260364126532295,0.07521052631578948,0.00019042105263157897,0.06842105263157895
3627,-2.9182812499999997,200,0,0,1,0.047422111938240974,0.065,1.0,1.0,-0.0003440979647085034,-0.0007650258430630856,0.002562351131008654,0.07521052631578948,0.00019042105263157897,0.06842105263157895
3628,-0.8451249999999988,200,0,0,1,0.047409040793825796,0.065,1.0,1.0,0.0015285364030772912,-0.00022155311856204209,0.003224019002763271,0.07521052631578948,0.00019042105263157897,0.06842105263157895
3629,-2.874781250000001,200,0,0,1,0.04739597685312758,0.065,1.0,1.0,0.0004254975115450487,-0.00016877265677339893,0.003279223712464045,0.07521052631578948,0.00019042105263157897,0.06842105263157895
3630,-0.8637500000000021,200,0,0,1,0.047382920110192836,0.065,1.0,1.0,0.002393815749912046,0.0005609014111105353,0.003953878449974582,0.07521052631578948,0.00019042105263157897,0.06842105263157895
3631,-0.8854062500000017,200,0,0,1,0.047369870559074635,0.065,1.0,1.0,0.0012304891997325978,0.0006955904577625916,0.0040892072077840565,0.07521052631578948,0.00019042105263157897,0.06842105263157895
3632,-0.9185000000000013,200,0,0,1,0.0473568281938326,0.065,1.0,1.0,0.0012708482096483434,0.0010985177913680672,0.004590501041500829,0.07521052631578948,0.00019042105263157897,0.06842105263157895
3633,19.847343749999997,151,1,0,1,0.04734379300853289,0.065,1.0,1.0,0.00011597653421816341,0.0011921958474631537,0.004406681406959251,0.07521052631578948,0.00019042105263157897,0.06842105263157895
3634,-0.9171250000000019,200,0,0,1,0.04733076499724821,0.065,1.0,1.0,0.0004298702338146567,0.001099432124530722,0.004609279515461822,0.07521052631578948,0.00019042105263157897,0.06842105263157895
3635,-0.9043749999999995,200,0,0,1,0.04731774415405777,0.065,1.0,1.0,0.0008509297142489384,0.001552782827122428,0.005281304830634327,0.07521052631578948,0.00019042105263157897,0.06842105263157895
3636,-0.709000000000001,200,0,0,1,0.047304730473047306,0.065,1.0,1.0,-0.0005345678367066214,0.0008181927484765765,0.004627720325726841,0.07521052631578948,0.00019042105263157897,0.06842105263157895
3637,-2.8953750000000023,200,0,0,1,0.04729172394830904,0.065,1.0,1.0,-0.001148333433862363,-3.4037483033898754e-05,0.003749987466035236,0.07521052631578948,0.00019042105263157897,0.06842105263157895
3638,19.297875,197,1,0,1,0.04727872457394173,0.065,1.0,1.0,-0.0012292265862118956,-4.0428210224490613e-05,0.0037429783304105515,0.07521052631578948,0.00019042105263157897,0.06842105263157895
3639,-2.718718750000001,200,0,0,1,0.047265732344050564,0.065,1.0,1.0,-0.0009368642843709151,-0.0005154497940093279,0.0028806987693533303,0.07521052631578948,0.00019042105263157897,0.06842105263157895
3640,-0.9475000000000018,200,0,0,1,0.04725274725274725,0.065,1.0,1.0,5.082708625632888e-05,-0.0008416890194639563,0.0025243016984313727,0.07521052631578948,0.00019042105263157897,0.06842105263157895
3641,-0.8763437500000005,200,0,0,1,0.04723976929414996,0.065,1.0,1.0,-0.0006162348724983609,-0.0007368580712354742,0.00246614595974097,0.07521052631578948,0.00019042105263157897,0.06842105263157895
3642,-2.9476250000000004,200,0,0,1,0.047226798462383306,0.065,1.0,1.0,-0.0007294329224736744,-0.0006263341623125598,0.002253700301516801,0.07521052631578948,0.00019042105263157897,0.06842105263157895
3643,-2.8511562499999985,200,0,0,1,0.04721383475157837,0.065,1.0,1.0,-0.0008568284701678782,-0.0006451649812515825,0.0023342821303522212,0.07521052631578948,0.00019042105263157897,0.06842105263157895
3644,-0.8543749999999993,200,0,0,1,0.04720087815587267,0.065,1.0,1.0,-0.0006372601797164807,-0.0006283638532040641,0.0027202375498600303,0.07521052631578948,0.00019042105263157897,0.06842105263157895
3645,19.8209375,160,1,0,1,0.04718792866941015,0.065,1.0,1.0,-0.0004256806104559092,-0.0006943442751653492,0.0027280119453789668,0.07521052631578948,0.00019042105263157897,0.06842105263157895
3646,-2.940000000000001,200,0,0,1,0.047174986286341196,0.065,1.0,1.0,-0.0007132707477443717,-0.0007412759496364743,0.002745908650686033,0.07521052631578948,0.00019042105263157897,0.06842105263157895
3647,-2.7489687500000004,200,0,0,1,0.047162051000822595,0.065,1.0,1.0,-0.0009500144880431117,-0.0007775296202744358,0.0028054285613470713,0.07521052631578948,0.00019042105263157897,0.06842105263157895
3648,-0.8370000000000022,200,0,0,1,0.047149122807017545,0.065,1.0,1.0,0.001163313588088079,-0.00010970435955096037,0.0033974239598028363,0.07521052631578948,0.00019042105263157897,0.06842105263157895
3649,-0.8880625000000006,200,0,0,1,0.047136201699095645,0.065,1.0,1.0,0.002992095623176829,0.0006041076726978644,0.003848885982297361,0.07521052631578948,0.00019042105263157897,0.06842105263157895
3650,-2.8800000000000003,200,0,0,1,0.047123287671232875,0.065,1.0,1.0,0.0016253985172005217,0.000669982481165789,0.003795705252327025,0.07521052631578948,0.00019042105263157897,0.06842105263157895
3651,-0.8881874999999985,200,0,0,1,0.047110380717611616,0.065,1.0,1.0,0.001586968441520729,0.0013264764023479074,0.004358906848705373,0.07521052631578948,0.00019042105263157897,0.06842105263157895
3652,-0.8730000000000014,200,0,0,1,0.047097480832420595,0.065,1.0,1.0,-0.00023550641967553498,0.001279641895845998,0.004402525270299521,0.07521052631578948,0.00019042105263157897,0.06842105263157895
3653,-2.910000000000001,200,0,0,1,0.04708458800985491,0.065,1.0,1.0,-0.0003055391696362975,0.0007477629833156243,0.0038345933040836826,0.07521052631578948,0.00019042105263157897,0.06842105263157895
3654,-2.861624999999997,200,0,0,1,0.04707170224411604,0.06,1.0,1.0,-0.0003961871714618727,0.00010445723705925048,0.0033337744241580367,0.07521052631578948,0.00019042105263157897,0.06842105263157895
3655,20.90546875,78,1,0,1,0.047058823529411764,0.06,1.0,1.0,0.02981334226385375,0.0061743255474139,0.009371468064375221,0.07557894736842105,0.0001911578947368421,0.06315789473684211
3656,20.916,86,1,0,1,0.047045951859956234,0.06,1.0,1.0,0.02178011009291666,0.006753997816122137,0.0100160689559998,0.07557894736842105,0.0001911578947368421,0.06315789473684211
3657,-2.951437499999997,200,0,0,1,0.04703308722996992,0.06,1.0,1.0,0.008093937488314412,0.0060904402765445415,0.009601367401191965,0.07557894736842105,0.0001911578947368421,0.06315789473684211
3658,20.271375,124,1,0,1,0.047020229633679606,0.06,1.0,1.0,0.0039824543705523074,0.006054493733914569,0.00950847276020795,0.07557894736842105,0.0001911578947368421,0.06315789473684211
3659,-0.8473750000000011,200,0,0,1,0.04700737906531839,0.06,1.0,1.0,0.0007872597770163457,0.006077440719149309,0.009479059917823178,0.07557894736842105,0.0001911578947368421,0.06315789473684211
3660,-0.8268750000000004,200,0,0,1,0.046994535519125684,0.06,1.0,1.0,0.001509682396647815,0.00668853684271744,0.009828439845776301,0.07557894736842105,0.0001911578947368421,0.06315789473684211
3661,-2.8905937500000016,200,0,0,1,0.046981698989347176,0.055,1.0,1.0,6.2402160477755775e-06,0.0005649382367409998,0.0037342642484727547,0.07557894736842105,0.0001911578947368421,0.06315789473684211
3662,-2.8299999999999996,200,0,0,1,0.04696886947023485,0.055,1.0,1.0,-0.0006393927782729476,-3.4375205505057235e-05,0.003126106622934458,0.07594736842105264,0.00019189473684210528,0.05789473684210526
3663,19.532125,171,1,0,1,0.04695604695604696,0.055,1.0,1.0,0.0022288261753535383,0.00040763528268144,0.0034957540963223436,0.07594736842105264,0.00019189473684210528,0.05789473684210526
3664,-2.920500000000001,200,0,0,1,0.04694323144104803,0.055,1.0,1.0,0.00027053537561014463,0.0004964516003819881,0.003389222512181732,0.07594736842105264,0.00019189473684210528,0.05789473684210526
3665,19.18375,196,1,0,1,0.046930422919508864,0.055,1.0,1.0,0.029572474210531212,0.005781737969111418,0.008804957621352515,0.07594736842105264,0.00019189473684210528,0.05789473684210526
3666,-0.8204375000000018,200,0,0,1,0.046917621385706494,0.055,1.0,1.0,0.010164522905536655,0.005684112086935784,0.008803664738792577,0.07594736842105264,0.00019189473684210528,0.05789473684210526
3667,-1.1112187500000006,200,0,0,1,0.04690482683392419,0.055,1.0,1.0,0.00301198812338174,0.005608858960433281,0.008748519893691992,0.07594736842105264,0.00019189473684210528,0.05789473684210526
3668,-2.940375000000001,200,0,0,1,0.04689203925845147,0.055,1.0,1.0,0.0004422093224565255,0.0049471885835955616,0.008223604961895035,0.07594736842105264,0.00019189473684210528,0.05789473684210526
3669,-0.7586250000000013,200,0,0,1,0.04687925865358408,0.055,1.0,1.0,0.001790998327501661,0.005520091327220143,0.009020264240833058,0.07594736842105264,0.00019189473684210528,0.05789473684210526
3670,-0.8487500000000001,200,0,0,1,0.046866485013623976,0.055,1.0,1.0,-0.00018871464886845618,-0.0005866052620767732,0.002966965236242686,0.07594736842105264,0.00019189473684210528,0.05789473684210526
3671,20.660843749999998,94,1,0,1,0.046853718332879324,0.055,1.0,1.0,0.0028411073400645783,0.0001543885456994758,0.003641170548995433,0.07594736842105264,0.00019189473684210528,0.05789473684210526
3672,20.93125,80,1,0,1,0.046840958605664486,0.05,1.0,1.0,0.001702240779382708,0.00018907861485058675,0.003641660243643855,0.07594736842105264,0.00019189473684210528,0.05789473684210526
3673,-0.7995625000000005,200,0,0,1,0.046828205826300026,0.05,1.0,1.0,-0.0001673510254090675,0.000155454976229521,0.003631252766434045,0.07631578947368421,0.00019263157894736842,0.052631578947368425
3674,-0.8090625000000015,200,0,0,1,0.046815459989112684,0.05,1.0,1.0,-0.0006079613591849861,0.00018567289683414856,0.0036367628762309324,0.07631578947368421,0.00019263157894736842,0.052631578947368425
3675,-0.8390625000000014,200,0,0,1,0.046802721088435376,0.05,1.0,1.0,-0.0007457472501172238,-0.0003736974016064778,0.002753287423896836,0.07631578947368421,0.00019263157894736842,0.052631578947368425
3676,-0.8694999999999994,200,0,0,1,0.046789989118607184,0.05,1.0,1.0,-0.0010856580876627549,-0.00034743041708134117,0.0028631204661505763,0.07631578947368421,0.00019263157894736842,0.052631578947368425
3677,-3.0100937499999993,200,0,0,1,0.04677726407397335,0.05,1.0,1.0,-0.00113989647904556,-0.0010529898864333517,0.002197082988306647,0.07631578947368421,0.00019263157894736842,0.052631578947368425
3678,-0.7596875000000011,200,0,0,1,0.04676454594888527,0.05,1.0,1.0,-0.001785456403660501,-0.0011925603685085662,0.002452173425204819,0.07631578947368421,0.00019263157894736842,0.052631578947368425
3679,19.76025,162,1,0,1,0.04675183473770046,0.05,1.0,1.0,0.02891132436897233,0.004855182550090831,0.008578752766101387,0.07631578947368421,0.00019263157894736842,0.052631578947368425
3680,-0.8500000000000015,200,0,0,1,0.04673913043478261,0.05,1.0,1.0,0.010338698051784967,0.004906480929654208,0.008693752315200982,0.07631578947368421,0.00019263157894736842,0.052631578947368425
3681,19.3598125,196,1,0,1,0.0467264330345015,0.045,1.0,1.0,0.003627777083193299,0.0049882484458139515,0.008753923777847377,0.07631578947368421,0.00019263157894736842,0.052631578947368425
3682,-2.720062500000001,200,0,0,1,0.046713742531233025,0.04,1.0,1.0,0.001966802734054816,0.005303119703417906,0.00918670339763412,0.07668421052631579,0.00019336842105263159,0.04736842105263158
3683,21.229625,59,1,1,1,0.0469725767037741,0.045,1.0,1.0,0.0012743113071227562,0.005342492064333783,0.009272282026799075,0.07705263157894737,0.00019410526315789475,0.04210526315789474
3684,-2.80975,200,0,0,1,0.04695982627578719,0.045,1.0,1.0,0.00019366598307769695,0.005670697948709858,0.008962395392449253,0.07668421052631579,0.00019336842105263159,0.04736842105263158
3685,-0.8603125000000019,200,0,0,1,0.04694708276797829,0.045,1.0,1.0,-0.0001677890709875619,-0.0002859077828725276,0.0029304328302569046,0.07668421052631579,0.00019336842105263159,0.04736842105263158
3686,-0.8709375000000017,200,0,0,1,0.04693434617471514,0.045,1.0,1.0,-0.0010111260969258636,-0.0004423958228180709,0.0031479139658295028,0.07668421052631579,0.00019336842105263159,0.04736842105263158
3687,-2.8306562500000014,200,0,0,1,0.046921616490371576,0.045,1.0,1.0,-0.0006464481595589275,-0.00045730372131583865,0.00297069211638518,0.07668421052631579,0.00019336842105263159,0.04736842105263158
3688,-2.929250000000002,200,0,0,1,0.04690889370932755,0.045,1.0,1.0,-0.0002845925806648033,-0.0006161058580619283,0.0028749016842339187,0.07668421052631579,0.00019336842105263159,0.04736842105263158
3689,-0.7702812500000019,200,0,0,1,0.046896177825969096,0.045,1.0,1.0,-0.0004765548684709646,-0.0006179733322933316,0.0031301424759440123,0.07668421052631579,0.00019336842105263159,0.04736842105263158
3690,-1.0406250000000006,200,0,0,1,0.046883468834688344,0.045,1.0,1.0,-0.0008371204598906464,-0.0007994516400503926,0.003151322034827899,0.07668421052631579,0.00019336842105263159,0.04736842105263158
3691,-0.8917187500000018,200,0,0,1,0.0468707667298835,0.045,1.0,1.0,-0.00011720727248136483,-0.00016552679223241285,0.0039051664213766344,0.07668421052631579,0.00019336842105263159,0.04736842105263158
3692,-3.030750000000001,200,0,0,1,0.04685807150595883,0.045,1.0,1.0,0.00013554539169249175,-0.0001505799642764032,0.004273806024342775,0.07668421052631579,0.00019336842105263159,0.04736842105263158
3693,-3.0395937500000003,200,0,0,1,0.04684538315732467,0.045,1.0,1.0,0.0010212081370761324,0.00011430382941034622,0.0043067864270124115,0.07668421052631579,0.00019336842105263159,0.04736842105263158
3694,-0.8504375000000015,200,0,0,1,0.0468327016783974,0.045,1.0,1.0,0.0009759924725411711,0.0006157254477438983,0.004596155380160781,0.07668421052631579,0.00019336842105263159,0.04736842105263158
3695,-2.9000000000000012,200,0,0,1,0.04682002706359946,0.045,1.0,1.0,-0.0002488358797426441,0.0007408812657522504,0.0043830633023462726,0.07668421052631579,0.00019336842105263159,0.04736842105263158
3696,-2.9120000000000017,200,0,0,1,0.046807359307359304,0.045,1.0,1.0,-0.0004609071707040849,0.000269344217289472,0.003570294705656124,0.07668421052631579,0.00019336842105263159,0.04736842105263158
3697,19.1768125,198,1,0,1,0.04679469840411144,0.045,1.0,1.0,-0.0005080079414079608,0.0003862600665015634,0.0034646076227363666,0.07668421052631579,0.00019336842105263159,0.04736842105263158
3698,-2.7694374999999996,200,0,0,1,0.04678204434829638,0.045,1.0,1.0,-0.0004699213458313154,0.00022548053393984448,0.003208855640456022,0.07668421052631579,0.00019336842105263159,0.04736842105263158
3699,-2.9188125,200,0,0,1,0.04676939713436064,0.045,1.0,1.0,-0.0008174721067427379,-0.000601074564641749,0.0026240548597634187,0.07668421052631579,0.00019336842105263159,0.04736842105263158
3700,19.22625,198,1,0,1,0.04675675675675676,0.045,1.0,1.0,-0.00028264908788109216,-0.0004715100521207205,0.00308140356317017,0.07668421052631579,0.00019336842105263159,0.04736842105263158
3701,-0.7532812500000015,200,0,0,1,0.046744123209943256,0.045,1.0,1.0,-0.0005187619816081893,-0.00042278705935314066,0.0031077983626382776,0.07668421052631579,0.00019336842105263159,0.04736842105263158
3702,-0.7627499999999992,200,0,0,1,0.046731496488384656,0.045,1.0,1.0,-0.0007447163090869988,-0.0004647592315668589,0.0030530145138254737,0.07668421052631579,0.00019336842105263159,0.04736842105263158
3703,-0.8228750000000016,200,0,0,1,0.046718876586551446,0.045,1.0,1.0,0.0015284983416153585,0.00022630772565025836,0.003958527755108662,0.07668421052631579,0.00019336842105263159,0.04736842105263158
3704,-2.8977500000000007,200,0,0,1,0.046706263498920084,0.045,1.0,1.0,0.000258903210994831,0.0003230307025369257,0.0038054311950691043,0.07668421052631579,0.00019336842105263159,0.04736842105263158
3705,-0.9107812499999999,200,0,0,1,0.04669365721997301,0.045,1.0,1.0,0.0024255295075700767,0.000758292268961668,0.004283270647050813,0.07668421052631579,0.00019336842105263159,0.04736842105263158
3706,-0.9132500000000018,200,0,0,1,0.0466810577441986,0.045,1.0,1.0,0.003060320210415043,0.0014341585253132506,0.004913760056369938,0.07668421052631579,0.00019336842105263159,0.04736842105263158
3707,-0.7742187500000014,200,0,0,1,0.04666846506609118,0.045,1.0,1.0,0.0006146761665119908,0.0014557852340585668,0.005117192063415132,0.07668421052631579,0.00019336842105263159,0.04736842105263158
3708,-0.7835000000000002,200,0,0,1,0.04665587918015102,0.045,1.0,1.0,-0.0001783721918560259,0.0007121506733601564,0.004363899141106231,0.07668421052631579,0.00019336842105263159,0.04736842105263158
3709,-2.85090625,200,0,0,1,0.04664330008088433,0.045,1.0,1.0,-0.0001561870461726701,0.0007303631593895261,0.004354038263722032,0.07668421052631579,0.00019336842105263159,0.04736842105263158
3710,-2.9100000000000015,200,0,0,1,0.046630727762803234,0.045,1.0,1.0,-0.0006080080684832497,6.56809270803933e-05,0.0037063278914938563,0.07668421052631579,0.00019336842105263159,0.04736842105263158
3711,21.65128125,34,1,1,1,0.04688763136620857,0.05,1.0,1.0,-0.00025481050314046165,0.00014005916767746384,0.0038220302521531266,0.07668421052631579,0.00019336842105263159,0.04736842105263158
3712,-2.9789999999999996,200,0,0,1,0.046875,0.05,1.0,1.0,-0.0004708270418703953,-0.0006853323034138156,0.0029112170386270007,0.07631578947368421,0.00019263157894736842,0.052631578947368425
3713,20.68690625,97,1,0,1,0.046862375437651496,0.05,1.0,1.0,0.030587783931656634,0.005661628093965192,0.009067705856801694,0.07631578947368421,0.00019263157894736842,0.052631578947368425
3714,-2.8289375000000008,200,0,0,1,0.046849757673667204,0.05,1.0,1.0,0.01216275975855781,0.0059034488317065556,0.009162132069146537,0.07631578947368421,0.00019263157894736842,0.052631578947368425
3715,-2.901093749999998,200,0,0,1,0.0468371467025572,0.05,1.0,1.0,0.0036781541856123813,0.0057871194119306895,0.009318081495845036,0.07631578947368421,0.00019263157894736842,0.052631578947368425
3716,-2.9055,200,0,0,1,0.04682454251883746,0.045,1.0,1.0,0.0024860264927313775,0.006224046068769894,0.00947297776565938,0.07631578947368421,0.00019263157894736842,0.052631578947368425
3717,20.284218749999997,120,1,0,1,0.046811945117029866,0.045,1.0,1.0,0.03388869291337004,0.01284767021191874,0.015969564971946966,0.07668421052631579,0.00019336842105263159,0.04736842105263158
3718,-0.8235624999999964,200,0,0,1,0.046799354491662185,0.045,1.0,1.0,0.012113535623736947,0.01284359715924802,0.01595268841669167,0.07668421052631579,0.00019336842105263159,0.04736842105263158
3719,-0.8524375000000018,200,0,0,1,0.046786770637268084,0.045,1.0,1.0,0.004902602249342362,0.0071375519450157295,0.010645316725269367,0.07668421052631579,0.00019336842105263159,0.04736842105263158
3720,-0.7312500000000013,200,0,0,1,0.0467741935483871,0.045,1.0,1.0,0.0011672475526128768,0.006895677284010162,0.010318874686803611,0.07668421052631579,0.00019336842105263159,0.04736842105263158
3721,-2.7412812499999943,200,0,0,1,0.04676162321956463,0.045,1.0,1.0,0.0009533345990481093,0.007122184382569685,0.010591193139254756,0.07668421052631579,0.00019336842105263159,0.04736842105263158
3722,19.3408125,189,1,0,1,0.04674905964535196,0.045,1.0,1.0,0.00174230024481134,0.006678762440249557,0.01031859023447032,0.07668421052631579,0.00019336842105263159,0.04736842105263158
3723,-2.930000000000001,200,0,0,1,0.046736502820306204,0.045,1.0,1.0,-0.0001372598344068372,0.0005093705193430651,0.004295371075597359,0.07668421052631579,0.00019336842105263159,0.04736842105263158
3724,-0.8141250000000014,200,0,0,1,0.04672395273899033,0.045,1.0,1.0,-0.0008154646952111543,-0.00014733333245385438,0.0035331360376439987,0.07668421052631579,0.00019336842105263159,0.04736842105263158
3725,-0.855625000000002,200,0,0,1,0.04671140939597315,0.045,1.0,1.0,0.0008122807465944026,0.0005194675942184403,0.0042302867991384115,0.07668421052631579,0.00019336842105263159,0.04736842105263158
3726,-3.047125000000001,200,0,0,1,0.04669887278582931,0.045,1.0,1.0,0.00034254492115968636,0.0006106746309087612,0.004349596844927873,0.07668421052631579,0.00019336842105263159,0.04736842105263158
3727,-2.885593750000001,200,0,0,1,0.04668634290313926,0.045,1.0,1.0,0.0005897078494847142,5.302282818593085e-05,0.0038059853992890567,0.07668421052631579,0.00019336842105263159,0.04736842105263158
3728,-2.8970000000000007,200,0,0,1,0.04667381974248927,0.045,1.0,1.0,-0.00019574741341332595,0.00016894005582435056,0.0036451573902159,0.07668421052631579,0.00019336842105263159,0.04736842105263158
3729,20.4408125,101,1,0,1,0.04666130329847144,0.045,1.0,1.0,0.03226315471869347,0.006760330211312976,0.010248292122210841,0.07668421052631579,0.00019336842105263159,0.04736842105263158
3730,-0.8062499999999998,200,0,0,1,0.04664879356568365,0.045,1.0,1.0,0.011248596189315936,0.006193447747209575,0.009325847236614209,0.07668421052631579,0.00019336842105263159,0.04736842105263158
3731,-0.7231875000000005,200,0,0,1,0.046636290538729565,0.045,1.0,1.0,0.003319727147317652,0.006020263064827305,0.009252978818898555,0.07668421052631579,0.00019336842105263159,0.04736842105263158
3732,-2.996749999999999,200,0,0,1,0.04662379421221865,0.045,1.0,1.0,0.0005142131008456944,0.005836949053918943,0.008918712405720725,0.07668421052631579,0.00019336842105263159,0.04736842105263158
3733,21.333375,53,1,1,1,0.046879185641575144,0.05,1.0,1.0,0.0002880787620001835,0.0058522940787952395,0.00881199383479543,0.07668421052631579,0.00019336842105263159,0.04736842105263158
3734,20.4148125,115,1,0,1,0.046866630958757365,0.05,1.0,1.0,0.03196173142558154,0.012336700514904805,0.015370293271713308,0.07631578947368421,0.00019263157894736842,0.052631578947368425
3735,-2.9382812500000024,200,0,0,1,0.04685408299866131,0.05,1.0,1.0,0.011093615028637444,0.01167333713894186,0.014854069002336474,0.07631578947368421,0.00019263157894736842,0.052631578947368425
3736,-2.873500000000001,200,0,0,1,0.04684154175588865,0.05,1.0,1.0,0.003900780214008885,0.005666660400209366,0.00897072860506887,0.07631578947368421,0.00019263157894736842,0.052631578947368425
3737,20.53575,106,1,0,1,0.04682900722504683,0.05,1.0,1.0,0.0019020406722323692,0.005698823976665153,0.00896100850381481,0.07631578947368421,0.00019263157894736842,0.052631578947368425
3738,-2.9736249999999997,200,0,0,1,0.04681647940074907,0.05,1.0,1.0,3.334529446693237e-05,0.005738124541574507,0.008964412401910522,0.07631578947368421,0.00019263157894736842,0.052631578947368425
3739,-0.9400000000000011,200,0,0,1,0.046803958277614334,0.05,1.0,1.0,-0.0005650635581971394,0.005741783484569169,0.009195594393546344,0.07631578947368421,0.00019263157894736842,0.052631578947368425
3740,19.590625,171,1,0,1,0.04679144385026738,0.05,1.0,1.0,-0.0010024844844222507,-0.0009514310254890006,0.0026620138705184216,0.07631578947368421,0.00019263157894736842,0.052631578947368425
3741,20.022375,139,1,0,1,0.04677893611333868,0.05,1.0,1.0,0.028724051238203294,0.004987582592526451,0.00863799776835367,0.07631578947368421,0.00019263157894736842,0.052631578947368425
3742,-2.998062500000001,200,0,0,1,0.04676643506146446,0.05,1.0,1.0,0.010107012615119778,0.004970511192514095,0.00844166357506765,0.07631578947368421,0.00019263157894736842,0.052631578947368425
3743,-2.9380312499999994,200,0,0,1,0.04675394068928667,0.05,1.0,1.0,0.003644075900881897,0.005084358131891349,0.008498014549986692,0.07631578947368421,0.00019263157894736842,0.052631578947368425
3744,20.476,107,1,0,1,0.04674145299145299,0.05,1.0,1.0,0.03421190223098172,0.011706445742660434,0.015100473066937412,0.07631578947368421,0.00019263157894736842,0.052631578947368425
3745,19.93375,148,1,0,1,0.04672897196261682,0.05,1.0,1.0,0.04843709309012846,0.018350387473386943,0.021809427698986836,0.07631578947368421,0.00019263157894736842,0.052631578947368425
3746,-0.8503125000000019,200,0,0,1,0.04671649759743727,0.05,1.0,1.0,0.020174600941166083,0.019053194432664896,0.022319040322705406,0.07631578947368421,0.00019263157894736842,0.052631578947368425
3747,19.453249999999997,186,1,0,1,0.04670402989057913,0.05,1.0,1.0,0.007288776958948716,0.013124450505951245,0.016391206022053666,0.07631578947368421,0.00019263157894736842,0.052631578947368425
3748,-3.017875000000001,200,0,0,1,0.04669156883671292,0.05,1.0,1.0,0.001929832291968473,0.012971019980243,0.016478610002224742,0.07631578947368421,0.00019263157894736842,0.052631578947368425
3749,-2.9378437500000016,200,0,0,1,0.046679114430514805,0.05,1.0,1.0,0.00013189176548789917,0.012913770286635554,0.016285591372950877,0.07631578947368421,0.00019263157894736842,0.052631578947368425
3750,21.40125,46,1,1,1,0.046933333333333334,0.055,1.0,1.0,0.03001556432571648,0.018284490385012758,0.021606871796153428,0.07631578947368421,0.00019263157894736842,0.052631578947368425
3751,-0.7333125000000014,200,0,0,1,0.0469208211143695,0.055,1.0,1.0,0.012763751229094058,0.006421095879668428,0.009533230653112696,0.07594736842105264,0.00019189473684210528,0.05789473684210526
3752,-0.8202500000000013,200,0,0,1,0.046908315565031986,0.05,1.0,1.0,0.00405168173973869,0.00565072534869978,0.008695603003878205,0.07594736842105264,0.00019189473684210528,0.05789473684210526
3753,20.220343749999998,118,1,0,1,0.04689581667998934,0.05,1.0,1.0,0.0040360869939764545,0.006263791352597764,0.009211540272837737,0.07631578947368421,0.00019263157894736842,0.052631578947368425
3754,-2.8823125000000016,200,0,0,1,0.046883324453915826,0.05,1.0,1.0,0.0007861069160893362,0.006409358910736046,0.009152751527275542,0.07631578947368421,0.00019263157894736842,0.052631578947368425
3755,-0.8023437500000011,200,0,0,1,0.04687083888149134,0.05,1.0,1.0,0.0008671992719357195,0.006810737676045391,0.009964911531162215,0.07631578947368421,0.00019263157894736842,0.052631578947368425
3756,-2.777125000000002,200,0,0,1,0.046858359957401494,0.05,1.0,1.0,-0.00018278732395075843,0.00018320263730129226,0.0037859318992996124,0.07631578947368421,0.00019263157894736842,0.052631578947368425
3757,-2.9475937500000007,200,0,0,1,0.0468458876763375,0.05,1.0,1.0,-0.0013912998090923935,-6.636344791331794e-05,0.0038758391322480748,0.07631578947368421,0.00019263157894736842,0.052631578947368425
3758,-2.9551250000000007,200,0,0,1,0.04683342203299627,0.05,1.0,1.0,-0.0008721270666811126,-0.0005565449736986921,0.0035121222814577776,0.07631578947368421,0.00019263157894736842,0.052631578947368425
3759,21.47271875,46,1,1,1,0.047086991221069435,0.055,1.0,1.0,-0.0007572615054157447,-0.0005504834764960833,0.0036419413640778656,0.07631578947368421,0.00019263157894736842,0.052631578947368425
3760,-0.8875000000000004,200,0,0,1,0.04707446808510638,0.055,1.0,1.0,-0.0009609924493073942,-0.00043402002752736734,0.0035677564521702154,0.07594736842105264,0.00019189473684210528,0.05789473684210526
3761,-2.9074687499999983,200,0,0,1,0.04706195160861473,0.055,1.0,1.0,-0.001298808596799861,-0.001149483229872203,0.0031279658599760295,0.07594736842105264,0.00019189473684210528,0.05789473684210526
3762,-0.8102500000000004,200,0,0,1,0.04704944178628389,0.055,1.0,1.0,-0.0006438602248723458,-0.0009378752527354664,0.00288726592738567,0.07594736842105264,0.00019189473684210528,0.05789473684210526
3763,-2.9348124999999996,200,0,0,1,0.04703693861280893,0.055,1.0,1.0,-0.001133465030371055,-0.0008731368691023818,0.0028552690223968965,0.07594736842105264,0.00019189473684210528,0.05789473684210526
3764,-0.8926250000000009,200,0,0,1,0.04702444208289054,0.055,1.0,1.0,-0.0012265080965870674,-0.001077926477039,0.002662192455056356,0.07594736842105264,0.00019189473684210528,0.05789473684210526
3765,-0.8106250000000018,200,0,0,1,0.04701195219123506,0.055,1.0,1.0,0.0013530028112426673,-0.00037668791864416563,0.003167118274868699,0.07594736842105264,0.00019189473684210528,0.05789473684210526
3766,-2.7253749999999983,200,0,0,1,0.04699946893255443,0.055,1.0,1.0,-0.0001447651042646877,-0.0002440617393804132,0.002983472742525919,0.07594736842105264,0.00019189473684210528,0.05789473684210526
3767,21.076406249999998,66,1,1,1,0.047252455534908415,0.06,1.0,1.0,-7.420619149293242e-05,-0.00025791612531611465,0.002813102752006671,0.07594736842105264,0.00019189473684210528,0.05789473684210526
3768,-3.1172500000000016,200,0,0,1,0.04723991507430998,0.055,1.0,1.0,-0.0006891437803708047,-0.00035649461839784634,0.0029633150015215505,0.07557894736842105,0.0001911578947368421,0.06315789473684211
3769,19.1233125,200,1,0,1,0.047227381268240914,0.055,1.0,1.0,-0.0001783225349952612,-5.068217121151975e-05,0.002978586768156674,0.07594736842105264,0.00019189473684210528,0.05789473684210526
3770,-0.7340625000000017,200,0,0,1,0.047214854111405836,0.055,1.0,1.0,-0.0009396615609478013,-0.00013749672858830308,0.0032418488194889505,0.07594736842105264,0.00019189473684210528,0.05789473684210526
3771,19.87146875,160,1,0,1,0.04720233359851498,0.05,1.0,1.0,0.029218649600862644,0.005226373414927366,0.008540781848805636,0.07594736842105264,0.00019189473684210528,0.05789473684210526
3772,19.967,150,1,0,1,0.047189819724284196,0.05,1.0,1.0,0.015622070842892223,0.006002064792828605,0.0091548761610793,0.07631578947368421,0.00019263157894736842,0.052631578947368425
3773,-2.8599999999999994,200,0,0,1,0.04717731248343493,0.05,1.0,1.0,0.005318626454142949,0.005996676022423344,0.009279775171333313,0.07631578947368421,0.00019263157894736842,0.052631578947368425
3774,-0.8729374999999999,200,0,0,1,0.047164811870694226,0.05,1.0,1.0,0.001735708420212238,0.00606855517637814,0.009348032456266083,0.07631578947368421,0.00019263157894736842,0.052631578947368425
3775,-0.9137500000000014,200,0,0,1,0.0471523178807947,0.05,1.0,1.0,0.0002367792946275695,0.005995593779403862,0.009124063328341436,0.07631578947368421,0.00019263157894736842,0.052631578947368425
3776,-0.9439999999999995,200,0,0,1,0.047139830508474576,0.05,1.0,1.0,-0.0007705212254544858,0.005855742670162726,0.00906548236900926,0.07631578947368421,0.00019263157894736842,0.052631578947368425
3777,-0.715156250000001,200,0,0,1,0.047127349748477626,0.05,1.0,1.0,-0.0010031828548794702,-0.0008700837896467419,0.0026459426652436376,0.07631578947368421,0.00019263157894736842,0.052631578947368425
3778,-0.7830625000000017,200,0,0,1,0.047114875595553204,0.05,1.0,1.0,0.0011913014287527133,-0.0003028338566509774,0.0032130290812201565,0.07631578947368421,0.00019263157894736842,0.052631578947368425
3779,-0.7354687500000012,200,0,0,1,0.04710240804445621,0.05,1.0,1.0,-0.00027612842768572635,-0.00041075847401225474,0.002995592523817322,0.07631578947368421,0.00019263157894736842,0.052631578947368425
3780,-0.8693750000000019,200,0,0,1,0.04708994708994709,0.05,1.0,1.0,-0.0009250770086977795,-0.0005751727695896989,0.0029828860863199223,0.07631578947368421,0.00019263157894736842,0.052631578947368425
3781,20.97421875,77,1,0,1,0.047077492726791854,0.05,1.0,1.0,0.029359246686951793,0.005555621625142521,0.008956523529384867,0.07631578947368421,0.00019263157894736842,0.052631578947368425
3782,20.904062500000002,81,1,0,1,0.04706504494976203,0.05,1.0,1.0,0.049099917506243804,0.011596474123405642,0.015145120923771174,0.07631578947368421,0.00019263157894736842,0.052631578947368425
3783,-3.0503437499999997,200,0,0,1,0.04705260375363468,0.05,1.0,1.0,0.01723159885171935,0.01163091514694679,0.01510533167149697,0.07631578947368421,0.00019263157894736842,0.052631578947368425
3784,20.267,127,1,0,1,0.04704016913319239,0.05,1.0,1.0,0.010798536409837337,0.012276784461457283,0.01570928024337627,0.07631578947368421,0.00019263157894736842,0.052631578947368425
3785,-2.9332812499999985,200,0,0,1,0.04702774108322325,0.05,1.0,1.0,0.00374510736294232,0.011791715445120645,0.015377705830796912,0.07631578947368421,0.00019263157894736842,0.052631578947368425
3786,-0.8966250000000001,200,0,0,1,0.047015319598520865,0.05,1.0,1.0,0.0006950626496867285,0.011782406309888756,0.015410428721785137,0.07631578947368421,0.00019263157894736842,0.052631578947368425
3787,21.07990625,72,1,1,1,0.04726696593609717,0.055,1.0,1.0,0.030248625461960353,0.017811354312441834,0.02148375112881331,0.07631578947368421,0.00019263157894736842,0.052631578947368425
3788,-0.8666250000000022,200,0,0,1,0.0472544878563886,0.05,1.0,1.0,0.010167927815723987,0.011685494983226817,0.015368656123879191,0.07594736842105264,0.00019189473684210528,0.05789473684210526
3789,-3.063406250000002,200,0,0,1,0.0472420163631565,0.05,1.0,1.0,0.0034853869616179953,0.005844920977142465,0.009296650754877192,0.07631578947368421,0.00019263157894736842,0.052631578947368425
3790,-2.823437500000001,200,0,0,1,0.04722955145118733,0.05,1.0,1.0,0.0009077823233429915,0.0052124789179142685,0.008520900533425448,0.07631578947368421,0.00019263157894736842,0.052631578947368425
3791,-0.8473437500000017,200,0,0,1,0.047217093115273015,0.05,1.0,1.0,-0.00021961020524034126,0.00509358578445972,0.008286237253720173,0.07631578947368421,0.00019263157894736842,0.052631578947368425
3792,-2.9769999999999994,200,0,0,1,0.04720464135021097,0.05,1.0,1.0,-0.00040856825683678073,-0.0008500713080866262,0.0023039321621181443,0.07631578947368421,0.00019263157894736842,0.052631578947368425
3793,-0.7447187500000008,200,0,0,1,0.04719219615080411,0.05,1.0,1.0,-0.0005266978660110949,-0.0006883198623545468,0.002522918456001207,0.07631578947368421,0.00019263157894736842,0.052631578947368425
3794,-2.8335625,200,0,0,1,0.047179757511860834,0.05,1.0,1.0,-0.0008416449900392549,-0.0007712032078998163,0.002588569819112308,0.07631578947368421,0.00019263157894736842,0.052631578947368425
3795,-2.99078125,200,0,0,1,0.047167325428194996,0.05,1.0,1.0,-0.0005683106159774165,-0.0008462203663075343,0.002839809949626215,0.07631578947368421,0.00019263157894736842,0.052631578947368425
3796,-0.8581250000000015,200,0,0,1,0.04715489989462592,0.05,1.0,1.0,-0.0010141642302188072,-0.0008628541181678884,0.003094238305988256,0.07631578947368421,0.00019263157894736842,0.052631578947368425
3797,-2.887312500000002,200,0,0,1,0.047142480905978404,0.05,1.0,1.0,-0.0005259510209677112,-0.0007788618039921857,0.0029218772085732782,0.07631578947368421,0.00019263157894736842,0.052631578947368425
3798,-2.9247500000000013,200,0,0,1,0.047130068457082674,0.05,1.0,1.0,-0.00012503928830001826,-0.0007051827845280059,0.002871688618033659,0.07631578947368421,0.00019263157894736842,0.052631578947368425
3799,-2.7874375,200,0,0,1,0.04711766254277441,0.05,1.0,1.0,-0.0007268592825349611,-0.0007496830120508094,0.0027489270667138046,0.07631578947368421,0.00019263157894736842,0.052631578947368425
3800,20.98375,73,1,1,1,0.04736842105263158,0.055,1.0,1.0,0.002104497839691986,4.623020728467964e-05,0.003426026673783781,0.07631578947368421,0.00019263157894736842,0.052631578947368425
3801,-0.8413437500000004,200,0,0,1,0.0473559589581689,0.055,1.0,1.0,-9.972903284748347e-05,-8.253132225217996e-05,0.0032479526234747026,0.07594736842105264,0.00019189473684210528,0.05789473684210526
3802,20.468562499999997,111,1,0,1,0.04734350341925302,0.055,1.0,1.0,0.0016405713637493774,0.0006313395604447578,0.0038731292970551295,0.07594736842105264,0.00019189473684210528,0.05789473684210526
3803,-2.87384375,200,0,0,1,0.047331054430712595,0.055,1.0,1.0,0.0003372341137227272,0.0006551040656122496,0.004078133950832125,0.07594736842105264,0.00019189473684210528,0.05789473684210526
3804,-2.8277500000000013,200,0,0,1,0.0473186119873817,0.055,1.0,1.0,0.0002846364459155782,0.0009542429278153576,0.004043779720414023,0.07594736842105264,0.00019189473684210528,0.05789473684210526
3805,-2.8978124999999992,200,0,0,1,0.04730617608409987,0.05,1.0,1.0,-0.00034161680669736775,0.0008323490668626618,0.003970202104603231,0.07594736842105264,0.00019189473684210528,0.05789473684210526
3806,-2.7896875000000017,200,0,0,1,0.047293746715712036,0.05,1.0,1.0,-0.0008593161669539677,4.5954228793561923e-05,0.0035896508733349037,0.07631578947368421,0.00019263157894736842,0.052631578947368425
3807,-2.9079375000000005,200,0,0,1,0.04728132387706856,0.05,1.0,1.0,-0.0005577493033412341,-0.00047493340968503614,0.00265295291991788,0.07631578947368421,0.00019263157894736842,0.052631578947368425
3808,-2.85,200,0,0,1,0.04726890756302521,0.05,1.0,1.0,-0.0005555208257700288,-0.000518483004438167,0.00246232159857027,0.07631578947368421,0.00019263157894736842,0.052631578947368425
3809,-0.916125000000001,200,0,0,1,0.04725649776844316,0.05,1.0,1.0,-0.0007701285272508601,-0.0007403623145582969,0.002822867504954047,0.07631578947368421,0.00019263157894736842,0.052631578947368425
3810,-0.8103125000000012,200,0,0,1,0.047244094488188976,0.05,1.0,1.0,-0.0007682191859701289,-0.0007086545160200331,0.002789375803193252,0.07631578947368421,0.00019263157894736842,0.052631578947368425
3811,21.3554375,51,1,1,1,0.04749409603778536,0.055,1.0,1.0,-0.0004433816214642841,-0.0006511370721782442,0.0028234415498372984,0.07631578947368421,0.00019263157894736842,0.052631578947368425
3812,19.57525,171,1,0,1,0.047481636935991604,0.055,1.0,1.0,-0.0005989651979038664,-0.0005595166411294485,0.002542666211076721,0.07594736842105264,0.00019189473684210528,0.05789473684210526
3813,20.881687499999998,81,1,0,1,0.04746918436926305,0.055,1.0,1.0,0.02940652990080665,0.0054221402867187865,0.008669937184597075,0.07594736842105264,0.00019189473684210528,0.05789473684210526
3814,-2.9258125000000015,200,0,0,1,0.04745673833245936,0.05,1.0,1.0,0.010361777617278403,0.005433869370121101,0.008851728002213349,0.07594736842105264,0.00019189473684210528,0.05789473684210526
3815,-2.959531250000002,200,0,0,1,0.04744429882044561,0.05,1.0,1.0,0.0034413196717039763,0.005452473534445744,0.008893454961886163,0.07631578947368421,0.00019263157894736842,0.052631578947368425
3816,20.016,144,1,0,1,0.047431865828092244,0.05,1.0,1.0,0.0013782913470539312,0.0054949916031109755,0.00880720313735219,0.07631578947368421,0.00019263157894736842,0.052631578947368425
3817,-0.6956875000000018,200,0,0,1,0.04741943935027509,0.05,1.0,1.0,0.0014218956696020234,0.006024694369385543,0.009267181396928208,0.07631578947368421,0.00019263157894736842,0.052631578947368425
3818,-0.944312500000002,200,0,0,1,0.047407019381875325,0.05,1.0,1.0,0.00027272860042339576,0.006067311801052711,0.009388859249804227,0.07631578947368421,0.00019263157894736842,0.052631578947368425
3819,-2.854343750000001,200,0,0,1,0.047394605917779525,0.05,1.0,1.0,-0.0005191950751928236,-0.00010288010699878214,0.003278946712096513,0.07631578947368421,0.00019263157894736842,0.052631578947368425
3820,19.5425,178,1,0,1,0.04738219895287958,0.05,1.0,1.0,-0.0003057489428103899,-4.158186182758072e-05,0.0032246247988878167,0.07631578947368421,0.00019263157894736842,0.052631578947368425
3821,-2.8499999999999988,200,0,0,1,0.047369798482072754,0.05,1.0,1.0,1.8970715488321747e-05,9.375580097548663e-05,0.002962437665759353,0.07631578947368421,0.00019263157894736842,0.052631578947368425
3822,-2.844437500000002,200,0,0,1,0.04735740450026164,0.05,1.0,1.0,1.5493164854755114e-05,-0.00039585807459661737,0.0024225883345643526,0.07631578947368421,0.00019263157894736842,0.052631578947368425
3823,-2.750000000000001,200,0,0,1,0.047345017002354176,0.045,1.0,1.0,-4.165927064532749e-05,-0.00017540075688157232,0.00259355086760479,0.07631578947368421,0.00019263157894736842,0.052631578947368425
3824,-0.7159999999999994,200,0,0,1,0.0473326359832636,0.045,1.0,1.0,0.0018982514301291629,0.0006714205570169724,0.003431973442231538,0.07668421052631579,0.00019336842105263159,0.04736842105263158
3825,-0.7571875000000011,200,0,0,1,0.0473202614379085,0.045,1.0,1.0,0.0005855338205215483,0.0007604762756527635,0.0036650967108871556,0.07668421052631579,0.00019336842105263159,0.04736842105263158
3826,-0.8200000000000014,200,0,0,1,0.04730789336121276,0.045,1.0,1.0,0.00027700990092004396,0.0007182821705573588,0.004015542385437584,0.07668421052631579,0.00019336842105263159,0.04736842105263158
3827,-3.060000000000001,200,0,0,1,0.047295531748105565,0.045,1.0,1.0,0.00025338842345027106,0.0007866607778196339,0.004226506374128803,0.07668421052631579,0.00019336842105263159,0.04736842105263158
3828,-2.985375000000001,200,0,0,1,0.04728317659352142,0.045,1.0,1.0,-0.0003274934524468057,0.0006984786422181059,0.004288135600676469,0.07668421052631579,0.00019336842105263159,0.04736842105263158
3829,21.042749999999998,74,1,1,1,0.04753199268738574,0.05,1.0,1.0,0.033277507524743136,0.007488190784068138,0.01116599987498921,0.07668421052631579,0.00019336842105263159,0.04736842105263158
3830,-2.8953124999999984,200,0,0,1,0.04751958224543081,0.05,1.0,1.0,0.012034101306240986,0.0067325285321931,0.010359777200697863,0.07631578947368421,0.00019263157894736842,0.052631578947368425
3831,-0.8435937500000017,200,0,0,1,0.04750717828243278,0.05,1.0,1.0,0.0041913241165386405,0.006595411891008552,0.009784590324554301,0.07631578947368421,0.00019263157894736842,0.052631578947368425
3832,-0.8142500000000011,200,0,0,1,0.04749478079331942,0.05,1.0,1.0,0.0027600289856493676,0.0070884192407829685,0.010359571982233319,0.07631578947368421,0.00019263157894736842,0.052631578947368425
3833,-3.0647812500000007,200,0,0,1,0.04748238977302374,0.05,1.0,1.0,0.0006938893955665563,0.006931051326857414,0.010436399151338264,0.07631578947368421,0.00019263157894736842,0.052631578947368425
3834,-0.7740625000000004,200,0,0,1,0.04747000521648409,0.05,1.0,1.0,0.0032314502782490543,0.0007874803497688844,0.003984494958363939,0.07631578947368421,0.00019263157894736842,0.052631578947368425
3835,19.9809375,134,1,0,1,0.04745762711864407,0.05,1.0,1.0,0.0009283506897235576,0.0006985088142064342,0.004003817159911705,0.07631578947368421,0.00019263157894736842,0.052631578947368425
3836,19.915625,151,1,0,1,0.04744525547445255,0.05,1.0,1.0,-0.0002749664291019482,0.0005288636481527646,0.004185340130436089,0.07631578947368421,0.00019263157894736842,0.052631578947368425
3837,19.915843749999997,154,1,0,1,0.047432890278863694,0.05,1.0,1.0,0.0019275908167468334,0.0011459345174625922,0.004963057667100657,0.07631578947368421,0.00019263157894736842,0.052631578947368425
3838,-0.834937500000001,200,0,0,1,0.047420531526836895,0.05,1.0,1.0,-7.996721368936235e-05,0.0004926089542241244,0.004374033124211564,0.07631578947368421,0.00019263157894736842,0.052631578947368425
3839,-0.7899375000000016,200,0,0,1,0.04740817921333681,0.05,1.0,1.0,-0.00019100826328233698,0.0004971925142235704,0.00441518814903975,0.07631578947368421,0.00019263157894736842,0.052631578947368425
3840,-2.8849999999999967,200,0,0,1,0.04739583333333333,0.05,1.0,1.0,0.0001619279627581627,-5.316179108194774e-05,0.003936622531691683,0.07631578947368421,0.00019263157894736842,0.052631578947368425
3841,-0.8950312500000014,200,0,0,1,0.04738349388180162,0.05,1.0,1.0,-0.0001476895469421743,0.00023938442232247325,0.004019837840914988,0.07631578947368421,0.00019263157894736842,0.052631578947368425
3842,-2.7748125000000017,200,0,0,1,0.04737116085372202,0.05,1.0,1.0,-0.00015253665664834878,-0.00036767417884038875,0.003213109008200263,0.07631578947368421,0.00019263157894736842,0.052631578947368425
3843,19.699437500000002,157,1,0,1,0.04735883424408015,0.05,1.0,1.0,-0.0006047529079119974,-0.000393304968438315,0.0034304488572779518,0.07631578947368421,0.00019263157894736842,0.052631578947368425
3844,-2.7800000000000007,200,0,0,1,0.04734651404786681,0.05,1.0,1.0,-0.0006933158897080346,-0.0003189997858826246,0.003428574368965201,0.07631578947368421,0.00019263157894736842,0.052631578947368425
3845,20.199375,129,1,0,1,0.04733420026007802,0.05,1.0,1.0,0.001109235474307207,-3.519504600990331e-05,0.004084595826781879,0.07631578947368421,0.00019263157894736842,0.052631578947368425
3846,-0.9007500000000009,200,0,0,1,0.047321892875715026,0.05,1.0,1.0,-0.0001459747629076044,-8.296688205155078e-05,0.0037264267990685766,0.07631578947368421,0.00019263157894736842,0.052631578947368425
3847,-2.7947812500000015,200,0,0,1,0.047309591889784244,0.05,1.0,1.0,-0.0002667875455903845,-8.234550851921086e-05,0.003845329679301358,0.07631578947368421,0.00019263157894736842,0.052631578947368425
3848,-2.8647500000000004,200,0,0,1,0.0472972972972973,0.05,1.0,1.0,-0.00044436390020539517,-0.00014518623646836204,0.0038818812755725958,0.07631578947368421,0.00019263157894736842,0.052631578947368425
3849,-2.875281249999995,200,0,0,1,0.04728500909327098,0.05,1.0,1.0,0.0005500952507916786,0.00024101448644250922,0.003978306538689139,0.07631578947368421,0.00019263157894736842,0.052631578947368425
3850,-3.0093750000000004,200,0,0,1,0.04727272727272727,0.05,1.0,1.0,-0.0002812114520564296,-0.0002748194814539602,0.0030293125286498255,0.07631578947368421,0.00019263157894736842,0.052631578947368425
3851,-0.8900000000000015,200,0,0,1,0.04726045183069333,0.05,1.0,1.0,0.0007741471815764055,0.00030793137425098394,0.0039184278289048965,0.07631578947368421,0.00019263157894736842,0.052631578947368425
3852,19.44775,177,1,0,1,0.047248182762201454,0.05,1.0,1.0,-0.00027265369652815474,0.0002168412681949121,0.003690980493413008,0.07631578947368421,0.00019263157894736842,0.052631578947368425
3853,-2.930812500000002,200,0,0,1,0.047235920062289126,0.05,1.0,1.0,-0.0015014475124197043,-0.00016917840770474868,0.003946316282679618,0.07631578947368421,0.00019263157894736842,0.052631578947368425
3854,-0.9108750000000012,200,0,0,1,0.04722366372599896,0.05,1.0,1.0,0.00027332206671348716,0.0003224118472353439,0.004396321831685782,0.07631578947368421,0.00019263157894736842,0.052631578947368425
3855,-0.8518750000000014,200,0,0,1,0.04721141374837873,0.05,1.0,1.0,0.001593560888770459,0.000792845880430832,0.004852024921165139,0.07631578947368421,0.00019263157894736842,0.052631578947368425
3856,19.369500000000002,182,1,0,1,0.04719917012448133,0.05,1.0,1.0,0.00023761275473247755,0.00025324142567114907,0.003970533449144568,0.07631578947368421,0.00019263157894736842,0.052631578947368425
3857,-2.8755312500000003,200,0,0,1,0.047186932849364795,0.05,1.0,1.0,-0.0003307758985003821,0.00018717149284202606,0.003698716938844882,0.07631578947368421,0.00019263157894736842,0.052631578947368425
3858,-0.781125000000002,200,0,0,1,0.047174701918092275,0.05,1.0,1.0,-0.0005715304443204369,0.0005272224486980122,0.00326742462135735,0.07631578947368421,0.00019263157894736842,0.052631578947368425
3859,-2.7011875,200,0,0,1,0.047162477325732054,0.05,1.0,1.0,-0.0007879138302855189,-8.059358532773331e-05,0.002860358432168141,0.07631578947368421,0.00019263157894736842,0.052631578947368425
3860,-0.9212500000000018,200,0,0,1,0.047150259067357515,0.05,1.0,1.0,-0.0007701888855252012,-0.0006712625782820396,0.0022234655987704174,0.07631578947368421,0.00019263157894736842,0.052631578947368425
3861,-0.9213124999999995,200,0,0,1,0.04713804713804714,0.05,1.0,1.0,0.0025992783743150707,-9.637337760068476e-05,0.0032287801058846527,0.07631578947368421,0.00019263157894736842,0.052631578947368425
3862,-0.8511875000000002,200,0,0,1,0.047125841532884516,0.05,1.0,1.0,0.002615282097181901,0.0005743465518462472,0.004057372593553737,0.07631578947368421,0.00019263157894736842,0.052631578947368425
3863,-0.7500000000000017,200,0,0,1,0.04711364224695832,0.05,1.0,1.0,0.0008090051708704306,0.0005692091223027092,0.004144803159200819,0.07631578947368421,0.00019263157894736842,0.052631578947368425
3864,19.66125,169,1,0,1,0.04710144927536232,0.05,1.0,1.0,0.030274709943836995,0.0066753673921339214,0.01009706399962306,0.07631578947368421,0.00019263157894736842,0.052631578947368425
3865,19.33109375,190,1,0,1,0.04708926261319534,0.05,1.0,1.0,0.041258032013691326,0.012679156204452738,0.016486292509594932,0.07631578947368421,0.00019263157894736842,0.052631578947368425
3866,-0.9274375000000026,200,0,0,1,0.0470770822555613,0.05,1.0,1.0,0.014632899097558622,0.012814553218398942,0.016253848325955913,0.07631578947368421,0.00019263157894736842,0.052631578947368425
3867,19.663249999999998,170,1,0,1,0.04706490819756917,0.05,1.0,1.0,0.00683538020851836,0.011656481752783292,0.015058484467765084,0.07631578947368421,0.00019263157894736842,0.052631578947368425
3868,21.12475,60,1,1,1,0.04731127197518097,0.055,1.0,1.0,0.005244864885558624,0.011733282136177877,0.015186862263682996,0.07631578947368421,0.00019263157894736842,0.052631578947368425
3869,19.492281249999998,190,1,0,1,0.047299043680537604,0.055,1.0,1.0,0.0016957101584736014,0.011727283181418897,0.015555813457787735,0.07594736842105264,0.00019189473684210528,0.05789473684210526
3870,-0.8075000000000012,200,0,0,1,0.047286821705426356,0.055,1.0,1.0,0.0016008487346407978,0.006008746063365834,0.009698146519105649,0.07594736842105264,0.00019189473684210528,0.05789473684210526
3871,-2.794031250000001,200,0,0,1,0.047274606044949624,0.055,1.0,1.0,-0.00013829037363214327,-6.167342161643319e-05,0.0033382392433413772,0.07594736842105264,0.00019189473684210528,0.05789473684210526
3872,-2.911999999999994,200,0,0,1,0.04726239669421488,0.055,1.0,1.0,-0.0002580853883475594,2.7644522588161635e-06,0.003351275046011324,0.07594736842105264,0.00019189473684210528,0.05789473684210526
3873,-2.873968750000001,200,0,0,1,0.047250193648334625,0.055,1.0,1.0,0.000602075581282863,0.000104580837544745,0.0035590583962666644,0.07594736842105264,0.00019189473684210528,0.05789473684210526
3874,19.445437499999997,188,1,0,1,0.04723799690242643,0.055,1.0,1.0,0.0032464182076798005,0.0009454978677595137,0.0040237750129535925,0.07594736842105264,0.00019189473684210528,0.05789473684210526
3875,-2.8243749999999945,200,0,0,1,0.0472258064516129,0.055,1.0,1.0,0.0006728480511431756,0.0004912323558446587,0.003915070956566524,0.07594736842105264,0.00019189473684210528,0.05789473684210526
3876,-0.8645000000000015,200,0,0,1,0.04721362229102167,0.055,1.0,1.0,-0.0003896398030465288,0.0005578491759579265,0.0037629817007627936,0.07594736842105264,0.00019189473684210528,0.05789473684210526
3877,19.96921875,142,1,0,1,0.0472014444157854,0.055,1.0,1.0,-0.000728966389495973,0.0004872225455728767,0.0038227369799024016,0.07594736842105264,0.00019189473684210528,0.05789473684210526
3878,-0.8376249999999954,200,0,0,1,0.047189272821041774,0.055,1.0,1.0,0.0021758784877036357,0.000904445061878505,0.004343192650983838,0.07594736842105264,0.00019189473684210528,0.05789473684210526
3879,20.106468749999998,125,1,0,1,0.04717710750193349,0.055,1.0,1.0,0.03073335627009836,0.00661837731873311,0.01003343838487126,0.07594736842105264,0.00019189473684210528,0.05789473684210526
3880,-2.912500000000001,200,0,0,1,0.047164948453608246,0.055,1.0,1.0,0.010718031998726606,0.005810220469662454,0.009260206365084742,0.07594736842105264,0.00019189473684210528,0.05789473684210526
3881,-0.9414062500000017,200,0,0,1,0.04715279567121876,0.055,1.0,1.0,0.003928202624741471,0.005882960534770973,0.009085170162725262,0.07594736842105264,0.00019189473684210528,0.05789473684210526
3882,-2.9021250000000003,200,0,0,1,0.04714064914992272,0.055,1.0,1.0,0.0013191860509702738,0.006065656709019094,0.009208384586963802,0.07594736842105264,0.00019189473684210528,0.05789473684210526
3883,20.18559375,127,1,0,1,0.04712850888488282,0.05,1.0,1.0,0.00023640430914344498,0.006093290098753641,0.009237784540469874,0.07594736842105264,0.00019189473684210528,0.05789473684210526
3884,-0.7655000000000014,200,0,0,1,0.047116374871266735,0.05,1.0,1.0,0.0026442102785415185,0.006099992953866604,0.009485199934177218,0.07631578947368421,0.00019263157894736842,0.052631578947368425
3885,20.27515625,126,1,0,1,0.047104247104247106,0.05,1.0,1.0,0.004173272664534683,0.0008184417766024125,0.004144491004015436,0.07631578947368421,0.00019263157894736842,0.052631578947368425
3886,-2.812874999999999,200,0,0,1,0.04709212557900155,0.05,1.0,1.0,0.0016675643571016376,0.000905507471805322,0.004205786920923856,0.07631578947368421,0.00019263157894736842,0.052631578947368425
3887,-2.8235312499999985,200,0,0,1,0.04708001029071263,0.05,1.0,1.0,0.0002952543273666582,0.0009003116895692074,0.004044237962581974,0.07631578947368421,0.00019263157894736842,0.052631578947368425
3888,19.7915,158,1,0,1,0.0470679012345679,0.05,1.0,1.0,1.8368230801288076e-05,0.0008980935825893539,0.0042227138051457586,0.07631578947368421,0.00019263157894736842,0.052631578947368425
3889,21.45734375,40,1,1,1,0.047312933916173826,0.055,1.0,1.0,0.002640680718623981,0.0015337310089889797,0.004875005425179552,0.07631578947368421,0.00019263157894736842,0.052631578947368425
3890,21.0903125,62,1,1,1,0.04755784061696658,0.06,1.0,1.0,0.0021292010633538958,0.0016595933159187554,0.004903985790188017,0.07594736842105264,0.00019189473684210528,0.05789473684210526
3891,-0.8597812500000002,200,0,0,1,0.04754561809303521,0.06,1.0,1.0,0.002277162781851018,0.0016291252097071266,0.004829157074716932,0.07557894736842105,0.0001911578947368421,0.06315789473684211
3892,-1.036625000000002,200,0,0,1,0.047533401849948614,0.06,1.0,1.0,0.003317731095269961,0.0014107094426362892,0.00462093439760065,0.07557894736842105,0.0001911578947368421,0.06315789473684211
3893,-0.8366562500000011,200,0,0,1,0.04752119188286669,0.06,1.0,1.0,0.0007440715531765001,0.0012637256888629054,0.0044980785958832715,0.07557894736842105,0.0001911578947368421,0.06315789473684211
3894,20.7399375,84,1,0,1,0.04750898818695429,0.06,1.0,1.0,0.029984179723979883,0.007194667436946475,0.010470012443525774,0.07557894736842105,0.0001911578947368421,0.06315789473684211
3895,-2.9299999999999997,200,0,0,1,0.04749679075738126,0.06,1.0,1.0,0.010297888240629684,0.006956442336100736,0.010392685737795546,0.07557894736842105,0.0001911578947368421,0.06315789473684211
3896,20.3625,117,1,0,1,0.047484599589322385,0.06,1.0,1.0,0.035820905953172257,0.012342811045178677,0.015761169254954438,0.07557894736842105,0.0001911578947368421,0.06315789473684211
3897,-0.8232187500000006,200,0,0,1,0.0474724146779574,0.06,1.0,1.0,0.012431101661267333,0.011733532462007134,0.015074276197032305,0.07557894736842105,0.0001911578947368421,0.06315789473684211
3898,-2.9040625000000007,200,0,0,1,0.04746023601847101,0.06,1.0,1.0,0.00408462223670549,0.01116153054824099,0.014364315637445543,0.07557894736842105,0.0001911578947368421,0.06315789473684211
3899,-2.9668437499999984,200,0,0,1,0.04744806360605283,0.06,1.0,1.0,0.0009407696977163638,0.01112029804161284,0.014329704253177623,0.07557894736842105,0.0001911578947368421,0.06315789473684211
3900,20.529374999999998,99,1,0,1,0.047435897435897434,0.06,1.0,1.0,0.03020315657014209,0.011208579062556965,0.014286848853007541,0.07557894736842105,0.0001911578947368421,0.06315789473684211
3901,-0.9769062499999995,200,0,0,1,0.047423737503204305,0.06,1.0,1.0,0.010179259739703062,0.011182268342658062,0.01424320261158573,0.07557894736842105,0.0001911578947368421,0.06315789473684211
3902,-0.8508125000000016,200,0,0,1,0.04741158380317786,0.06,1.0,1.0,0.0026105129232360455,0.004878746361311642,0.008170912198154839,0.07557894736842105,0.0001911578947368421,0.06315789473684211
3903,-2.7030312500000013,200,0,0,1,0.04739943633102742,0.06,1.0,1.0,0.0013226424563440326,0.005082656700207735,0.008415810125923599,0.07557894736842105,0.0001911578947368421,0.06315789473684211
3904,20.625,97,1,0,1,0.047387295081967214,0.06,1.0,1.0,0.0006795466553535421,0.005122022698356887,0.008402156675190781,0.07557894736842105,0.0001911578947368421,0.06315789473684211
3905,20.37671875,113,1,0,1,0.04737516005121639,0.06,1.0,1.0,0.002525375788462482,0.005785677488849615,0.009099776505216142,0.07557894736842105,0.0001911578947368421,0.06315789473684211
3906,19.6388125,158,1,0,1,0.04736303123399897,0.06,1.0,1.0,0.032150530997185,0.012262769564404152,0.015826095415861347,0.07557894736842105,0.0001911578947368421,0.06315789473684211
3907,-0.8970937499999988,200,0,0,1,0.0473509086255439,0.06,1.0,1.0,0.010889755692213796,0.006227621795260347,0.009825130592449568,0.07557894736842105,0.0001911578947368421,0.06315789473684211
3908,-3.022875000000001,200,0,0,1,0.047338792221084953,0.06,1.0,1.0,0.0032844623843398726,0.006356784487492405,0.00977120020671282,0.07557894736842105,0.0001911578947368421,0.06315789473684211
3909,19.93421875,147,1,0,1,0.047326682015860835,0.06,1.0,1.0,0.0008634540686137439,0.006331457207677886,0.009618150010937824,0.07557894736842105,0.0001911578947368421,0.06315789473684211
3910,20.586875000000003,99,1,0,1,0.04731457800511509,0.06,1.0,1.0,0.03227976451624805,0.012749482428189367,0.016030870666727422,0.07557894736842105,0.0001911578947368421,0.06315789473684211
3911,-2.962781250000001,200,0,0,1,0.04730248018409614,0.055,1.0,1.0,0.011159136557382076,0.0120677208120469,0.01542492031143047,0.07557894736842105,0.0001911578947368421,0.06315789473684211
3912,-2.8099999999999996,200,0,0,1,0.04729038854805726,0.055,1.0,1.0,0.0037797071434990987,0.005568788935401244,0.008858940937876468,0.07594736842105264,0.00019189473684210528,0.05789473684210526
3913,20.84903125,83,1,0,1,0.04727830309225658,0.055,1.0,1.0,0.002331122121749765,0.005609942563838558,0.008930087304586777,0.07594736842105264,0.00019189473684210528,0.05789473684210526
3914,19.22075,193,1,0,1,0.047266223811957074,0.055,1.0,1.0,0.0024446644642709178,0.006367034690760193,0.009563092828480876,0.07594736842105264,0.00019189473684210528,0.05789473684210526
3915,-0.8826562500000013,200,0,0,1,0.04725415070242656,0.055,1.0,1.0,0.0002849818877728186,0.006459383017572691,0.00949249904845783,0.07594736842105264,0.00019189473684210528,0.05789473684210526
3916,-2.884750000000001,200,0,0,1,0.047242083758937695,0.055,1.0,1.0,-0.0005552789009035499,-0.00025792532209015917,0.002941498278742074,0.07594736842105264,0.00019189473684210528,0.05789473684210526
3917,19.70334375,164,1,0,1,0.047230022976767934,0.055,1.0,1.0,0.03099322687500268,0.006445634697432979,0.009408906248179846,0.07594736842105264,0.00019189473684210528,0.05789473684210526
3918,-0.8746250000000014,200,0,0,1,0.04721796835119959,0.055,1.0,1.0,0.010336487232991434,0.0063660223726910775,0.009501875401692814,0.07594736842105264,0.00019189473684210528,0.05789473684210526
3919,-2.9525312500000003,200,0,0,1,0.04720591987751978,0.055,1.0,1.0,0.0029954854790623362,0.005608782801558846,0.008708963904457051,0.07594736842105264,0.00019189473684210528,0.05789473684210526
3920,19.4525,179,1,0,1,0.047193877551020405,0.055,1.0,1.0,0.0028867895140830308,0.006144795790809439,0.00939525178776239,0.07594736842105264,0.00019189473684210528,0.05789473684210526
3921,-2.9075312500000003,200,0,0,1,0.04718184136699821,0.055,1.0,1.0,0.00030760334874540597,0.006139615063904784,0.009412019067327491,0.07594736842105264,0.00019189473684210528,0.05789473684210526
3922,19.774375,158,1,0,1,0.04716981132075472,0.055,1.0,1.0,0.029232312766462026,0.011438021119189215,0.014794921458669705,0.07594736842105264,0.00019189473684210528,0.05789473684210526
3923,20.509625,109,1,0,1,0.04715778740759623,0.055,1.0,1.0,0.01868657874938102,0.006069698275299743,0.009472539788985159,0.07594736842105264,0.00019189473684210528,0.05789473684210526
3924,20.4495,108,1,0,1,0.047145769622833844,0.055,1.0,1.0,0.010413587246643256,0.006081782643683255,0.009272914786997717,0.07594736842105264,0.00019189473684210528,0.05789473684210526
3925,-0.918281250000001,200,0,0,1,0.04713375796178344,0.055,1.0,1.0,0.003189156327763784,0.006156592885730788,0.009408128258946817,0.07594736842105264,0.00019189473684210528,0.05789473684210526
3926,-2.7976875,200,0,0,1,0.04712175241976566,0.055,1.0,1.0,-0.00010358720799276624,0.005400406478962396,0.008866543659358286,0.07594736842105264,0.00019189473684210528,0.05789473684210526
3927,-2.9500000000000006,200,0,0,1,0.04710975299210593,0.055,1.0,1.0,-0.0008297624243280148,0.005302546309394529,0.008855707737995544,0.07594736842105264,0.00019189473684210528,0.05789473684210526
3928,-0.8242500000000007,200,0,0,1,0.04709775967413442,0.055,1.0,1.0,0.0006829012194837785,-0.0007582609430828597,0.0028142566929745955,0.07594736842105264,0.00019189473684210528,0.05789473684210526
3929,-2.974437500000001,200,0,0,1,0.04708577246118605,0.055,1.0,1.0,-0.000542725391181015,-0.0007736369413323701,0.003058039969881065,0.07594736842105264,0.00019189473684210528,0.05789473684210526
3930,-2.9400000000000013,200,0,0,1,0.047073791348600506,0.055,1.0,1.0,-0.0006004476772217605,-0.0006528469265904278,0.002952025736332871,0.07594736842105264,0.00019189473684210528,0.05789473684210526
3931,-0.8778437500000017,200,0,0,1,0.047061816331722205,0.055,1.0,1.0,0.0014515451129583383,0.00032401592821115657,0.0035569608123158106,0.07594736842105264,0.00019189473684210528,0.05789473684210526
3932,-2.959999999999999,200,0,0,1,0.047049847405900305,0.055,1.0,1.0,-0.000512430494287639,0.00023115292476431958,0.0037172108210768787,0.07594736842105264,0.00019189473684210528,0.05789473684210526
3933,-2.8241875000000007,200,0,0,1,0.047037884566488684,0.05,1.0,1.0,-0.0006607350982025996,-0.00024551275256380877,0.003141520385540207,0.07594736842105264,0.00019189473684210528,0.05789473684210526
3934,20.394125,118,1,0,1,0.04702592780884596,0.05,1.0,1.0,-0.0006813723064665737,-0.00021734234772447934,0.0032522739200183427,0.07631578947368421,0.00019263157894736842,0.052631578947368425
3935,-0.8340625000000016,200,0,0,1,0.04701397712833545,0.05,1.0,1.0,-0.000811753888603906,-0.00022643768816778875,0.00340744968058134,0.07631578947368421,0.00019263157894736842,0.052631578947368425
3936,19.9,141,1,0,1,0.047002032520325206,0.05,1.0,1.0,-0.0006732952143030176,-0.0001659816777275407,0.0034062246845976917,0.07631578947368421,0.00019263157894736842,0.052631578947368425
3937,-0.9421250000000019,200,0,0,1,0.04699009398018796,0.05,1.0,1.0,-0.000970508465932264,-0.0009618088274437469,0.0026444697070110122,0.07631578947368421,0.00019263157894736842,0.052631578947368425
3938,-2.871937499999999,200,0,0,1,0.04697816150330117,0.05,1.0,1.0,-0.00028628902298912635,-0.0006829755602084333,0.002790082244449877,0.07631578947368421,0.00019263157894736842,0.052631578947368425
3939,-0.9742812499999998,200,0,0,1,0.046966235085046965,0.05,1.0,1.0,-0.0005628732212201843,-0.0007895535241259495,0.0026105762798251816,0.07631578947368421,0.00019263157894736842,0.052631578947368425
3940,20.401249999999997,112,1,0,1,0.046954314720812185,0.05,1.0,1.0,0.029204960013754448,0.0052506085741188145,0.00863990560961247,0.07631578947368421,0.00019263157894736842,0.052631578947368425
3941,20.4584375,117,1,0,1,0.04694240040598833,0.05,1.0,1.0,0.04810611950516799,0.011974134628071625,0.014977449905847607,0.07631578947368421,0.00019263157894736842,0.052631578947368425
3942,-1.0209375000000016,200,0,0,1,0.046930492135971585,0.05,1.0,1.0,0.016509941406111076,0.01178915670671995,0.015154822120392054,0.07631578947368421,0.00019263157894736842,0.052631578947368425
3943,-0.7528750000000013,200,0,0,1,0.04691858990616282,0.05,1.0,1.0,0.005732498888766352,0.011889432625910558,0.015160239419499703,0.07631578947368421,0.00019263157894736842,0.052631578947368425
3944,19.52525,177,1,0,1,0.04690669371196755,0.05,1.0,1.0,0.03440586112670604,0.018308234128584445,0.021778421096918466,0.07631578947368421,0.00019263157894736842,0.052631578947368425
3945,21.016875,68,1,1,1,0.04714828897338403,0.055,1.0,1.0,0.027839879956286624,0.01907067869470484,0.022631911059906997,0.07631578947368421,0.00019263157894736842,0.052631578947368425
3946,19.858437499999997,150,1,0,1,0.047136340598074,0.055,1.0,1.0,0.012808637093955744,0.019066046426371032,0.02267538780213363,0.07594736842105264,0.00019189473684210528,0.05789473684210526
3947,-2.81165625,200,0,0,1,0.04712439827717253,0.055,1.0,1.0,0.004023783070097937,0.01232100316917058,0.01617717487073969,0.07594736842105264,0.00019189473684210528,0.05789473684210526
3948,-0.8302500000000016,200,0,0,1,0.04711246200607903,0.055,1.0,1.0,0.0007863281803078277,0.006479448761849199,0.010307610725110862,0.07594736842105264,0.00019189473684210528,0.05789473684210526
3949,19.77434375,158,1,0,1,0.04710053178019752,0.055,1.0,1.0,-4.133787528331853e-05,0.006428296339639928,0.010198966906813439,0.07594736842105264,0.00019189473684210528,0.05789473684210526
3950,-0.9553125000000016,200,0,0,1,0.04708860759493671,0.05,1.0,1.0,-0.0005828032269623973,0.006428866868314799,0.010040477580798323,0.07594736842105264,0.00019189473684210528,0.05789473684210526
3951,-0.9145937500000018,200,0,0,1,0.047076689445709946,0.05,1.0,1.0,-0.0004408364157123662,-0.0008545415589469485,0.002991115891665686,0.07631578947368421,0.00019263157894736842,0.052631578947368425
3952,19.6335,172,1,0,1,0.04706477732793522,0.05,1.0,1.0,0.002249707196283644,-0.00029516924690688027,0.0035015105979400688,0.07631578947368421,0.00019263157894736842,0.052631578947368425
3953,-0.7470625000000003,200,0,0,1,0.047052871237035165,0.05,1.0,1.0,0.00017451207254793656,-0.0002799838998471387,0.0035199920874438247,0.07631578947368421,0.00019263157894736842,0.052631578947368425
3954,-0.8342500000000015,200,0,0,1,0.04704097116843703,0.05,1.0,1.0,-0.0006798766388932502,-0.00027966810463112777,0.003561674409749685,0.07631578947368421,0.00019263157894736842,0.052631578947368425
3955,-2.8071875,200,0,0,1,0.04702907711757269,0.05,1.0,1.0,-0.0012691989749031782,-0.0003917129441688303,0.0038042680475336966,0.07631578947368421,0.00019263157894736842,0.052631578947368425
3956,19.936875,144,1,0,1,0.04701718907987867,0.05,1.0,1.0,-0.0012840271678044098,-0.0005021560634777415,0.0037896055520686787,0.07631578947368421,0.00019263157894736842,0.052631578947368425
3957,-0.9532812500000016,200,0,0,1,0.04700530705079606,0.05,1.0,1.0,0.0015949013800587684,0.00022338190520531498,0.004257950273895404,0.07631578947368421,0.00019263157894736842,0.052631578947368425
3958,-2.9560624999999994,200,0,0,1,0.04699343102577059,0.05,1.0,1.0,0.00031117768875611187,-0.00030832977537647823,0.0037258682193642015,0.07631578947368421,0.00019263157894736842,0.052631578947368425
3959,21.0276875,71,1,1,1,0.047234150037888355,0.05,1.0,1.0,0.032323209877198784,0.0062072713963862046,0.010356255749211413,0.07631578947368421,0.00019263157894736842,0.052631578947368425
3960,-2.9725000000000006,200,0,0,1,0.04722222222222222,0.05,1.0,1.0,0.01140098548169267,0.006335281689651311,0.010200112747959792,0.07631578947368421,0.00019263157894736842,0.052631578947368425
3961,20.85609375,81,1,0,1,0.04721030042918455,0.05,1.0,1.0,0.007449434011381315,0.00638575799530372,0.01014101990312338,0.07631578947368421,0.00019263157894736842,0.052631578947368425
3962,-2.7511875,200,0,0,1,0.047198384654215046,0.05,1.0,1.0,0.001961111558910692,0.006437518870108761,0.009940180712263099,0.07631578947368421,0.00019263157894736842,0.052631578947368425
3963,20.19578125,123,1,0,1,0.04718647489275801,0.05,1.0,1.0,0.003286029622583269,0.007111055480199866,0.010647356600849889,0.07631578947368421,0.00019263157894736842,0.052631578947368425
3964,-2.89775,200,0,0,1,0.04717457114026236,0.05,1.0,1.0,0.0006313411419455735,0.006409165494638728,0.009900025638547959,0.07631578947368421,0.00019263157894736842,0.052631578947368425
3965,20.61875,98,1,0,1,0.04716267339218159,0.05,1.0,1.0,0.029677166108781128,0.012281917389685986,0.01586970286813448,0.07631578947368421,0.00019263157894736842,0.052631578947368425
3966,20.653187499999998,100,1,0,1,0.04715078164397378,0.05,1.0,1.0,0.0172899338746088,0.005618397890211782,0.009356799869419775,0.07631578947368421,0.00019263157894736842,0.052631578947368425
3967,-0.8717500000000018,200,0,0,1,0.04713889589110159,0.045,1.0,1.0,0.005993334088355148,0.005695125347439899,0.00935399124372634,0.07631578947368421,0.00019263157894736842,0.052631578947368425
3968,20.347,119,1,0,1,0.04712701612903226,0.045,1.0,1.0,0.03264946073883584,0.011545747101394227,0.01525698868217296,0.07668421052631579,0.00019336842105263159,0.04736842105263158
3969,-2.870000000000001,200,0,0,1,0.04711514235323759,0.045,1.0,1.0,0.011566202884894473,0.011733062319253805,0.015422501837514573,0.07668421052631579,0.00019336842105263159,0.04736842105263158
3970,20.83375,84,1,0,1,0.047103274559193956,0.045,1.0,1.0,0.03723227397997007,0.017103725089720682,0.020600861998653273,0.07668421052631579,0.00019336842105263159,0.04736842105263158
3971,-2.917281249999997,200,0,0,1,0.04709141274238227,0.045,1.0,1.0,0.013360490159878441,0.017092176327947527,0.020769234234117903,0.07668421052631579,0.00019336842105263159,0.04736842105263158
3972,20.257875,129,1,0,1,0.047079556898288015,0.045,1.0,1.0,0.006696284867413008,0.011173312525788787,0.014753177334263455,0.07668421052631579,0.00019336842105263159,0.04736842105263158
3973,19.9450625,146,1,0,1,0.047067707022401206,0.045,1.0,1.0,0.032527820745637245,0.017182354696269612,0.020647811680159067,0.07668421052631579,0.00019336842105263159,0.04736842105263158
3974,20.3373125,113,1,0,1,0.04705586311021641,0.045,1.0,1.0,0.020449987137536266,0.017840192903822754,0.021272053592081647,0.07668421052631579,0.00019336842105263159,0.04736842105263158
3975,-0.9500000000000018,200,0,0,1,0.0470440251572327,0.045,1.0,1.0,0.00658617746594468,0.011728212569454171,0.015563329411823815,0.07668421052631579,0.00019336842105263159,0.04736842105263158
3976,-0.9877500000000021,200,0,0,1,0.047032193158953725,0.045,1.0,1.0,0.0015212038121385793,0.01149343528810232,0.015507833491058136,0.07668421052631579,0.00019336842105263159,0.04736842105263158
3977,-0.9178437500000018,200,0,0,1,0.047020367110887605,0.045,1.0,1.0,-0.0002369532871852486,0.005554509571018116,0.00947895608031149,0.07668421052631579,0.00019336842105263159,0.04736842105263158
3978,-0.7386250000000014,200,0,0,1,0.04700854700854701,0.045,1.0,1.0,-0.0006990697143180279,0.005424236950427712,0.00959882576674181,0.07668421052631579,0.00019336842105263159,0.04736842105263158
3979,-3.0180312500000013,200,0,0,1,0.04699673284744911,0.045,1.0,1.0,-0.0010790138465528176,-0.0012896099345930453,0.003264797202519276,0.07668421052631579,0.00019336842105263159,0.04736842105263158
3980,21.2025,58,1,1,1,0.04723618090452261,0.05,1.0,1.0,-0.0011493903760027453,-0.001294286364380696,0.0032800325518223873,0.07668421052631579,0.00019336842105263159,0.04736842105263158
3981,-2.661187499999999,200,0,0,1,0.04722431549861844,0.05,1.0,1.0,-0.0006280778731151787,-0.0010071828260588519,0.003335344480638014,0.07631578947368421,0.00019263157894736842,0.052631578947368425
3982,-0.9283125000000026,200,0,0,1,0.047212456052235056,0.05,1.0,1.0,0.0017490165698620594,-0.00020590047556106583,0.00414215077343033,0.07631578947368421,0.00019263157894736842,0.052631578947368425
3983,-2.7715937500000023,200,0,0,1,0.04720060256088376,0.05,1.0,1.0,-0.00011615474383631153,-0.00013995338650784107,0.004529227615854324,0.07631578947368421,0.00019263157894736842,0.052631578947368425
3984,19.3725,186,1,0,1,0.04718875502008032,0.05,1.0,1.0,0.02930890014944118,0.005762404080302076,0.010238518122347159,0.07631578947368421,0.00019263157894736842,0.052631578947368425
3985,21.361406249999998,41,1,1,1,0.047427854454203264,0.055,1.0,1.0,0.05352652722814451,0.011725555421984609,0.01608968004336566,0.07631578947368421,0.00019263157894736842,0.052631578947368425
3986,-0.9069375000000011,200,0,0,1,0.04741595584545911,0.055,1.0,1.0,0.01960912069696248,0.011956783310568425,0.015912028865132016,0.07594736842105264,0.00019189473684210528,0.05789473684210526
3987,-0.867968750000001,200,0,0,1,0.04740406320541761,0.05,1.0,1.0,0.007363795969202226,0.01239874268998392,0.016636939974036067,0.07594736842105264,0.00019189473684210528,0.05789473684210526
3988,-0.7792500000000016,200,0,0,1,0.04739217652958876,0.05,1.0,1.0,0.003823170913847276,0.012178237123531289,0.016889433571253904,0.07631578947368421,0.00019263157894736842,0.052631578947368425
3989,-2.9289687499999997,200,0,0,1,0.047380295813487086,0.05,1.0,1.0,0.0012361117578394928,0.012338540841388749,0.01637387613757164,0.07631578947368421,0.00019263157894736842,0.052631578947368425
3990,-0.76875,200,0,0,1,0.04736842105263158,0.05,1.0,1.0,0.000270493919173291,0.000518762278923532,0.0048579321613942735,0.07631578947368421,0.00019263157894736842,0.052631578947368425
3991,19.34140625,186,1,0,1,0.04735655224254573,0.05,1.0,1.0,0.029501763043557602,0.0065275893084181,0.010974611011421075,0.07631578947368421,0.00019263157894736842,0.052631578947368425
3992,21.591,27,1,1,1,0.04759519038076152,0.055,1.0,1.0,0.0256108652046509,0.005716671620117268,0.010159313856478547,0.07631578947368421,0.00019263157894736842,0.052631578947368425
3993,-0.9093437500000018,200,0,0,1,0.04758327072376659,0.055,1.0,1.0,0.011319875170261586,0.006530741477821721,0.011000216374843148,0.07594736842105264,0.00019189473684210528,0.05789473684210526
3994,-0.8194375000000017,200,0,0,1,0.04757135703555333,0.055,1.0,1.0,0.004465795069397392,0.006534641418344108,0.010874504408537178,0.07594736842105264,0.00019189473684210528,0.05789473684210526
3995,19.59125,169,1,0,1,0.04755944931163955,0.055,1.0,1.0,0.00392602138959554,0.007061933356351801,0.011319449240589165,0.07594736842105264,0.00019189473684210528,0.05789473684210526
3996,-3.0500000000000007,200,0,0,1,0.047547547547547545,0.055,1.0,1.0,0.000850063587035431,0.007021045148852863,0.011222035308150226,0.07594736842105264,0.00019189473684210528,0.05789473684210526
3997,-2.9500937499999944,200,0,0,1,0.047535651738804106,0.055,1.0,1.0,2.7194154729235003e-05,0.0069678097691066795,0.011164739433224895,0.07594736842105264,0.00019189473684210528,0.05789473684210526
3998,-0.9295000000000002,200,0,0,1,0.04752376188094047,0.055,1.0,1.0,-0.0007840317498982866,0.0002876236411539139,0.00425352064865001,0.07594736842105264,0.00019189473684210528,0.05789473684210526
3999,19.99028125,136,1,0,1,0.047511877969492376,0.055,1.0,1.0,0.001716477749415627,0.0003934257358851028,0.004371817836661649,0.07594736842105264,0.00019189473684210528,0.05789473684210526
4000,-2.929999999999995,200,0,0,1,0.0475,0.05,1.0,1.0,0.00047060688258118363,0.0005310790279941102,0.004411296988944286,0.07594736842105264,0.00019189473684210528,0.05789473684210526
